order_number,order_date,financial_status,fulfillment_status,country,province,city,customer_ref,product_title,product_type,vendor,sku,variant_title,quantity,unit_price,line_discount,line_total,order_total,currency,source_name
#2228,2025-12-09,paid,fulfilled,Germany,Berlin,Berlin,cust_00928,Walnut Wool Throw,Bedding,Nordic Sleep,SKU-0027-01,Medium,2,63.89,0,127.78,154.61,EUR,web
#3146,2026-04-03,paid,fulfilled,France,Île-de-France,Versailles,cust_00348,Brass Ceramic Vase,Decor,Casa Bonita,SKU-0049-01,Large,1,16.22,0,16.22,74.4,EUR,web
#3146,2026-04-03,paid,fulfilled,France,Île-de-France,Versailles,cust_00348,Linen Reading Light,Lighting,Lumen Co,SKU-0036-02,,1,30.35,0,30.35,74.4,EUR,web
#3146,2026-04-03,paid,fulfilled,France,Île-de-France,Versailles,cust_00348,Bamboo Bookend Pair,Decor,Casa Bonita,SKU-0047-03,Charcoal,1,14.92,0,14.92,74.4,EUR,web
#1864,2025-11-11,refunded,fulfilled,France,Occitanie,Toulouse,cust_00316,Stone Quilted Bedspread,Bedding,Nordic Sleep,SKU-0029-01,Small,1,33.99,0,33.99,41.13,EUR,web
#1607,2025-10-19,paid,fulfilled,Spain,Cataluña,Girona,cust_00326,Stone Quilted Bedspread,Bedding,Nordic Sleep,SKU-0029-01,,1,33.99,0,33.99,57.06,EUR,web
#1607,2025-10-19,paid,fulfilled,Spain,Cataluña,Girona,cust_00326,Marble Cutting Board,Kitchen,Aurora Kitchen,SKU-0002-02,,1,13.17,0,13.17,57.06,EUR,web
#2365,2025-12-19,paid,fulfilled,France,Île-de-France,Versailles,cust_00758,Ceramic Shower Curtain,Bath,Pure Bath,SKU-0054-01,,1,32.3,0,32.3,143.84,EUR,web
#2365,2025-12-19,paid,fulfilled,France,Île-de-France,Versailles,cust_00758,Bamboo Picture Frame,Decor,Casa Bonita,SKU-0042-02,Small,1,32.28,0,32.28,143.84,EUR,web
#2365,2025-12-19,paid,fulfilled,France,Île-de-France,Versailles,cust_00758,Walnut Mixing Bowl,Kitchen,Aurora Kitchen,SKU-0008-03,Large,1,38.08,0,38.08,143.84,EUR,web
#2365,2025-12-19,paid,fulfilled,France,Île-de-France,Versailles,cust_00758,Brass Ceramic Vase,Decor,Casa Bonita,SKU-0049-04,,1,16.22,0,16.22,143.84,EUR,web
#2031,2025-11-25,paid,fulfilled,Spain,Galicia,A Coruña,cust_00868,Brass Wall Art Print,Decor,Casa Bonita,SKU-0044-01,Charcoal,1,23.35,0,23.35,141.59,EUR,web
#2031,2025-11-25,paid,fulfilled,Spain,Galicia,A Coruña,cust_00868,Stone Quilted Bedspread,Bedding,Nordic Sleep,SKU-0029-02,Small,1,33.99,0,33.99,141.59,EUR,web
#2031,2025-11-25,paid,fulfilled,Spain,Galicia,A Coruña,cust_00868,Bamboo Bookend Pair,Decor,Casa Bonita,SKU-0047-03,,4,14.92,0,59.68,141.59,EUR,web
#1687,2025-10-27,paid,fulfilled,Germany,Berlin,Berlin,cust_00928,Oak Chef Knife,Kitchen,Aurora Kitchen,SKU-0001-01,Charcoal,3,24.54,10.02,63.6,76.96,EUR,pos
#3177,2026-04-07,paid,fulfilled,France,Île-de-France,Versailles,cust_00419,Walnut Ceramic Bowl Set,Kitchen,Aurora Kitchen,SKU-0003-01,,1,44.02,0,44.02,148.81,EUR,mobile
#3177,2026-04-07,paid,fulfilled,France,Île-de-France,Versailles,cust_00419,Stone Wool Throw,Bedding,Nordic Sleep,SKU-0019-02,,2,39.48,0,78.96,148.81,EUR,mobile
#3817,2026-07-02,paid,fulfilled,France,Provence,Marseille,cust_00637,Brass Wall Art Print,Decor,Casa Bonita,SKU-0044-01,,1,23.35,0,23.35,106.37,EUR,web
#3817,2026-07-02,paid,fulfilled,France,Provence,Marseille,cust_00637,Bamboo Picture Frame,Decor,Casa Bonita,SKU-0042-02,Large,2,32.28,0,64.56,106.37,EUR,web
#2997,2026-03-12,paid,fulfilled,Spain,Galicia,A Coruña,cust_00664,Stone Quilted Bedspread,Bedding,Nordic Sleep,SKU-0029-01,,3,33.99,7.24,94.73,378.81,EUR,web
#2997,2026-03-12,paid,fulfilled,Spain,Galicia,A Coruña,cust_00664,Stone Bed Runner,Bedding,Nordic Sleep,SKU-0024-02,Natural,3,47.82,0,143.46,378.81,EUR,web
#2997,2026-03-12,paid,fulfilled,Spain,Galicia,A Coruña,cust_00664,Stone Serving Platter,Kitchen,Aurora Kitchen,SKU-0010-03,Charcoal,1,28.1,0,28.1,378.81,EUR,web
#2997,2026-03-12,paid,fulfilled,Spain,Galicia,A Coruña,cust_00664,Terracotta Outdoor Cushion,Outdoor,Terra Garden,SKU-0060-04,,2,23.39,0,46.78,378.81,EUR,web
#3209,2026-04-11,paid,fulfilled,Portugal,Porto,Braga,cust_00335,Marble Cutting Board,Kitchen,Aurora Kitchen,SKU-0002-01,Small,1,13.17,1.38,11.79,14.27,EUR,web
#3229,2026-04-15,paid,fulfilled,France,Île-de-France,Paris,cust_01033,Marble Bath Mat,Bath,Pure Bath,SKU-0052-01,,1,31.82,5.14,26.68,32.28,EUR,web
#1629,2025-10-21,paid,fulfilled,France,Occitanie,Toulouse,cust_00866,Stone Espresso Mug,Kitchen,Aurora Kitchen,SKU-0005-01,,1,17.01,0,17.01,136.09,EUR,web
#1629,2025-10-21,paid,fulfilled,France,Occitanie,Toulouse,cust_00866,Marble Bath Mat,Bath,Pure Bath,SKU-0052-02,Charcoal,3,31.82,0,95.46,136.09,EUR,web
#3004,2026-03-13,paid,fulfilled,France,Occitanie,Montpellier,cust_01190,Walnut Mixing Bowl,Kitchen,Aurora Kitchen,SKU-0008-01,,1,38.08,7.24,30.84,37.32,EUR,web
#2521,2025-12-30,paid,fulfilled,Portugal,Lisboa,Cascais,cust_00141,Stone Quilted Bedspread,Bedding,Nordic Sleep,SKU-0029-01,,1,33.99,0,33.99,57.11,EUR,web
#2521,2025-12-30,paid,fulfilled,Portugal,Lisboa,Cascais,cust_00141,Ceramic Tea Kettle,Kitchen,Aurora Kitchen,SKU-0009-02,,1,13.93,0.72,13.21,57.11,EUR,web
#1840,2025-11-10,paid,fulfilled,France,Provence,Marseille,cust_00533,Copper Picture Frame,Decor,Casa Bonita,SKU-0050-01,Large,1,17.19,1.5,15.69,18.98,EUR,mobile
#3323,2026-04-27,paid,fulfilled,Portugal,Porto,Braga,cust_01116,Terracotta Woven Basket,Decor,Casa Bonita,SKU-0043-01,,1,17.85,0,17.85,21.6,EUR,web
#2239,2025-12-10,paid,fulfilled,France,Île-de-France,Versailles,cust_00634,Bamboo Bookend Pair,Decor,Casa Bonita,SKU-0047-01,,1,14.92,0,14.92,100.31,EUR,web
#2239,2025-12-10,paid,fulfilled,France,Île-de-France,Versailles,cust_00634,Stone Quilted Bedspread,Bedding,Nordic Sleep,SKU-0029-02,,2,33.99,0,67.98,100.31,EUR,web
#1640,2025-10-22,paid,fulfilled,Portugal,Porto,Braga,cust_00270,Brass Wall Art Print,Decor,Casa Bonita,SKU-0044-01,Natural,1,23.35,0,23.35,89.61,EUR,web
#1640,2025-10-22,paid,fulfilled,Portugal,Porto,Braga,cust_00270,Walnut Mattress Topper,Bedding,Nordic Sleep,SKU-0022-02,,1,62.76,12.05,50.71,89.61,EUR,web
#3325,2026-04-27,refunded,fulfilled,Spain,Galicia,A Coruña,cust_01158,Brass Ceramic Vase,Decor,Casa Bonita,SKU-0049-01,,1,16.22,1.05,15.17,18.36,EUR,web
#3291,2026-04-22,refunded,fulfilled,France,Île-de-France,Paris,cust_00645,Bamboo Bookend Pair,Decor,Casa Bonita,SKU-0047-01,,1,14.92,0,14.92,51.52,EUR,web
#3291,2026-04-22,refunded,fulfilled,France,Île-de-France,Paris,cust_00645,Stone Robe,Bath,Pure Bath,SKU-0055-02,Small,1,27.66,0,27.66,51.52,EUR,web
#1486,2025-10-06,paid,fulfilled,France,Occitanie,Montpellier,cust_00652,Stone Robe,Bath,Pure Bath,SKU-0055-01,Natural,1,27.66,0,27.66,33.47,EUR,mobile
#3676,2026-06-13,refunded,fulfilled,Netherlands,Noord-Holland,Haarlem,cust_00904,Ceramic Cast Iron Pan,Kitchen,Aurora Kitchen,SKU-0004-01,,1,22.58,0,22.58,200.11,EUR,web
#3676,2026-06-13,refunded,fulfilled,Netherlands,Noord-Holland,Haarlem,cust_00904,Stone Espresso Mug,Kitchen,Aurora Kitchen,SKU-0005-02,,2,17.01,0,34.02,200.11,EUR,web
#3676,2026-06-13,refunded,fulfilled,Netherlands,Noord-Holland,Haarlem,cust_00904,Terracotta Pendant Light,Lighting,Lumen Co,SKU-0038-03,Medium,2,38.48,0,76.96,200.11,EUR,web
#3676,2026-06-13,refunded,fulfilled,Netherlands,Noord-Holland,Haarlem,cust_00904,Marble Bath Mat,Bath,Pure Bath,SKU-0052-04,,1,31.82,0,31.82,200.11,EUR,web
#3753,2026-06-23,paid,fulfilled,Germany,Hamburg,Hamburg,cust_00394,Stone Quilted Bedspread,Bedding,Nordic Sleep,SKU-0029-01,Large,1,33.99,4.97,29.02,35.11,EUR,web
#3343,2026-04-30,paid,fulfilled,Spain,Madrid,Alcalá de Henares,cust_00310,Copper Scented Candle,Decor,Casa Bonita,SKU-0045-01,,1,8.24,0,8.24,64.98,EUR,mobile
#3343,2026-04-30,paid,fulfilled,Spain,Madrid,Alcalá de Henares,cust_00310,Ceramic Cast Iron Pan,Kitchen,Aurora Kitchen,SKU-0004-02,,1,22.58,0,22.58,64.98,EUR,mobile
#3343,2026-04-30,paid,fulfilled,Spain,Madrid,Alcalá de Henares,cust_00310,Marble Bath Towel Set,Bath,Pure Bath,SKU-0057-03,,1,25.7,2.82,22.88,64.98,EUR,mobile
#2505,2025-12-29,paid,fulfilled,Netherlands,Zuid-Holland,Rotterdam,cust_00131,Bamboo Bookend Pair,Decor,Casa Bonita,SKU-0047-01,,1,14.92,0,14.92,18.05,EUR,web
#2971,2026-03-07,paid,fulfilled,Portugal,Lisboa,Lisboa,cust_00570,Terracotta Woven Basket,Decor,Casa Bonita,SKU-0043-01,,1,17.85,0,17.85,21.6,EUR,web
#1894,2025-11-14,partially_refunded,fulfilled,Spain,Valencia,Valencia,cust_00099,Brass Wall Art Print,Decor,Casa Bonita,SKU-0044-01,,1,23.35,0,23.35,28.25,EUR,web
#2448,2025-12-25,paid,fulfilled,Spain,Andalucía,Málaga,cust_00242,Brass Ceramic Vase,Decor,Casa Bonita,SKU-0049-01,,1,16.22,0,16.22,193.49,EUR,web
#2448,2025-12-25,paid,fulfilled,Spain,Andalucía,Málaga,cust_00242,Oak Chef Knife,Kitchen,Aurora Kitchen,SKU-0001-02,,1,24.54,0,24.54,193.49,EUR,web
#2448,2025-12-25,paid,fulfilled,Spain,Andalucía,Málaga,cust_00242,Stone Serving Platter,Kitchen,Aurora Kitchen,SKU-0010-03,,1,28.1,0,28.1,193.49,EUR,web
#2448,2025-12-25,paid,fulfilled,Spain,Andalucía,Málaga,cust_00242,Linen Reading Light,Lighting,Lumen Co,SKU-0036-04,,3,30.35,0,91.05,193.49,EUR,web
#1122,2025-08-19,paid,fulfilled,Portugal,Porto,Braga,cust_01140,Ceramic Shower Curtain,Bath,Pure Bath,SKU-0054-01,,1,32.3,0,32.3,39.08,EUR,mobile
#1679,2025-10-26,paid,fulfilled,Spain,Valencia,Alicante,cust_00873,Marble Bath Mat,Bath,Pure Bath,SKU-0052-01,Natural,1,31.82,0,31.82,75.23,EUR,web
#1679,2025-10-26,paid,fulfilled,Spain,Valencia,Alicante,cust_00873,Linen Reading Light,Lighting,Lumen Co,SKU-0036-02,,1,30.35,0,30.35,75.23,EUR,web
#1028,2025-08-05,refunded,fulfilled,Portugal,Porto,Porto,cust_00609,Marble Bath Mat,Bath,Pure Bath,SKU-0052-01,,2,31.82,0,63.64,77,EUR,pos
#2708,2026-01-26,partially_refunded,fulfilled,Portugal,Lisboa,Cascais,cust_00469,Walnut Linen Duvet,Bedding,Nordic Sleep,SKU-0017-01,,1,44.07,0,44.07,53.32,EUR,web
#1209,2025-08-31,paid,fulfilled,Spain,Madrid,Madrid,cust_00774,Marble Bath Towel Set,Bath,Pure Bath,SKU-0057-01,,1,25.7,4.98,20.72,141.21,EUR,web
#1209,2025-08-31,paid,fulfilled,Spain,Madrid,Madrid,cust_00774,Terracotta Pendant Light,Lighting,Lumen Co,SKU-0038-02,Small,1,38.48,0,38.48,141.21,EUR,web
#1209,2025-08-31,paid,fulfilled,Spain,Madrid,Madrid,cust_00774,Brass Floor Lamp,Lighting,Lumen Co,SKU-0039-03,,1,57.5,0,57.5,141.21,EUR,web
#1370,2025-09-21,paid,fulfilled,Portugal,Porto,Porto,cust_00403,Linen Ceramic Vase,Decor,Casa Bonita,SKU-0041-01,,1,37.99,0,37.99,94.51,EUR,web
#1370,2025-09-21,paid,fulfilled,Portugal,Porto,Porto,cust_00403,Ceramic Cast Iron Pan,Kitchen,Aurora Kitchen,SKU-0014-02,,1,40.12,0,40.12,94.51,EUR,web
#2965,2026-03-06,paid,fulfilled,Spain,Galicia,A Coruña,cust_00897,Bamboo Picture Frame,Decor,Casa Bonita,SKU-0042-01,,2,32.28,0,64.56,130.89,EUR,web
#2965,2026-03-06,paid,fulfilled,Spain,Galicia,A Coruña,cust_00897,Brass Candle Holder,Lighting,Lumen Co,SKU-0034-02,,1,43.61,0,43.61,130.89,EUR,web
#3686,2026-06-15,paid,fulfilled,France,Provence,Nice,cust_01000,Walnut Soap Dispenser,Bath,Pure Bath,SKU-0053-01,,1,31.22,0,31.22,113,EUR,web
#3686,2026-06-15,paid,fulfilled,France,Provence,Nice,cust_01000,Linen Reading Light,Lighting,Lumen Co,SKU-0036-02,,1,30.35,0,30.35,113,EUR,web
#3686,2026-06-15,paid,fulfilled,France,Provence,Nice,cust_01000,Marble Bath Mat,Bath,Pure Bath,SKU-0052-03,,1,31.82,0,31.82,113,EUR,web
#3217,2026-04-13,paid,fulfilled,Italy,Lombardia,Milano,cust_00989,Bamboo Picture Frame,Decor,Casa Bonita,SKU-0042-01,,1,32.28,0,32.28,87.68,EUR,web
#3217,2026-04-13,paid,fulfilled,Italy,Lombardia,Milano,cust_00989,Ceramic Pillow Case Pair,Bedding,Nordic Sleep,SKU-0028-02,Natural,1,43.58,3.4,40.18,87.68,EUR,web
#3407,2026-05-09,paid,fulfilled,Spain,Valencia,Alicante,cust_00731,Brass Wall Art Print,Decor,Casa Bonita,SKU-0044-01,,1,23.35,0,23.35,28.25,EUR,web
#3290,2026-04-22,paid,fulfilled,France,Provence,Nice,cust_00070,Marble Cotton Sheet Set,Bedding,Nordic Sleep,SKU-0026-01,,1,66.77,0,66.77,96.73,EUR,web
#3290,2026-04-22,paid,fulfilled,France,Provence,Nice,cust_00070,Marble Cutting Board,Kitchen,Aurora Kitchen,SKU-0002-02,,1,13.17,0,13.17,96.73,EUR,web
#2991,2026-03-10,paid,fulfilled,Netherlands,Noord-Holland,Amsterdam,cust_00464,Bamboo Floor Lamp,Lighting,Lumen Co,SKU-0032-01,,1,46.35,0,46.35,56.08,EUR,web
#2478,2025-12-28,paid,fulfilled,Portugal,Porto,Braga,cust_00568,Terracotta Woven Basket,Decor,Casa Bonita,SKU-0043-01,Large,1,17.85,0,17.85,21.6,EUR,pos
#2978,2026-03-08,paid,fulfilled,Germany,Berlin,Berlin,cust_00828,Ceramic Cast Iron Pan,Kitchen,Aurora Kitchen,SKU-0004-01,,3,22.58,5.76,61.98,75,EUR,mobile
#3556,2026-05-27,partially_refunded,fulfilled,Spain,Cataluña,Girona,cust_00278,Bamboo Bookend Pair,Decor,Casa Bonita,SKU-0047-01,,2,14.92,0,29.84,36.11,EUR,web
#2269,2025-12-12,paid,fulfilled,Spain,Valencia,Alicante,cust_00632,Brass Wall Art Print,Decor,Casa Bonita,SKU-0044-01,,1,23.35,0,23.35,28.25,EUR,web
#3949,2026-07-22,paid,unfulfilled,Germany,Hamburg,Hamburg,cust_01175,Ceramic Cast Iron Pan,Kitchen,Aurora Kitchen,SKU-0004-01,,1,22.58,0,22.58,27.32,EUR,mobile
#1103,2025-08-15,paid,fulfilled,Portugal,Porto,Braga,cust_00095,Ceramic Cast Iron Pan,Kitchen,Aurora Kitchen,SKU-0004-01,,1,22.58,1.48,21.1,42.39,EUR,web
#1103,2025-08-15,paid,fulfilled,Portugal,Porto,Braga,cust_00095,Ceramic Tea Kettle,Kitchen,Aurora Kitchen,SKU-0009-02,,1,13.93,0,13.93,42.39,EUR,web
#2182,2025-12-06,paid,fulfilled,France,Provence,Nice,cust_00939,Walnut Linen Duvet,Bedding,Nordic Sleep,SKU-0017-01,Medium,1,44.07,4.26,39.81,48.17,EUR,web
#3257,2026-04-19,paid,fulfilled,Spain,Andalucía,Málaga,cust_00819,Oak Linen Duvet,Bedding,Nordic Sleep,SKU-0025-01,,1,28.38,0,28.38,34.34,EUR,web
#1121,2025-08-19,paid,fulfilled,Netherlands,Noord-Holland,Haarlem,cust_00135,Bamboo Picture Frame,Decor,Casa Bonita,SKU-0042-01,,1,32.28,2.94,29.34,69.84,EUR,pos
#1121,2025-08-19,paid,fulfilled,Netherlands,Noord-Holland,Haarlem,cust_00135,Oak Linen Duvet,Bedding,Nordic Sleep,SKU-0025-02,Medium,1,28.38,0,28.38,69.84,EUR,pos
#2375,2025-12-20,paid,fulfilled,Portugal,Lisboa,Lisboa,cust_00996,Terracotta Outdoor Cushion,Outdoor,Terra Garden,SKU-0060-01,Small,1,23.39,4.04,19.35,23.41,EUR,mobile
#3440,2026-05-12,paid,fulfilled,Spain,Andalucía,Málaga,cust_00980,Stone Bed Runner,Bedding,Nordic Sleep,SKU-0024-01,,1,47.82,0,47.82,57.86,EUR,web
#3660,2026-06-11,paid,fulfilled,Germany,Hamburg,Hamburg,cust_00941,Stone Quilted Bedspread,Bedding,Nordic Sleep,SKU-0029-01,,2,33.99,0,67.98,82.26,EUR,web
#1105,2025-08-15,paid,fulfilled,Italy,Lombardia,Bergamo,cust_00914,Terracotta Woven Basket,Decor,Casa Bonita,SKU-0043-01,,1,17.85,0,17.85,21.6,EUR,web
#1012,2025-08-02,partially_refunded,fulfilled,France,Occitanie,Toulouse,cust_00866,Stone Quilted Bedspread,Bedding,Nordic Sleep,SKU-0029-01,Medium,1,33.99,0,33.99,150.34,EUR,web
#1012,2025-08-02,partially_refunded,fulfilled,France,Occitanie,Toulouse,cust_00866,Marble Bath Towel Set,Bath,Pure Bath,SKU-0057-02,,1,25.7,0,25.7,150.34,EUR,web
#1012,2025-08-02,partially_refunded,fulfilled,France,Occitanie,Toulouse,cust_00866,Bamboo Picture Frame,Decor,Casa Bonita,SKU-0042-03,,2,32.28,0,64.56,150.34,EUR,web
#3703,2026-06-17,paid,fulfilled,Spain,País Vasco,Bilbao,cust_00315,Marble Bath Towel Set,Bath,Pure Bath,SKU-0057-01,,3,25.7,0,77.1,139.85,EUR,web
#3703,2026-06-17,paid,fulfilled,Spain,País Vasco,Bilbao,cust_00315,Terracotta Pendant Light,Lighting,Lumen Co,SKU-0038-02,,1,38.48,0,38.48,139.85,EUR,web
#3112,2026-03-29,paid,fulfilled,Portugal,Lisboa,Lisboa,cust_00848,Bamboo Bookend Pair,Decor,Casa Bonita,SKU-0047-01,,2,14.92,0,29.84,61.73,EUR,web
#3112,2026-03-29,paid,fulfilled,Portugal,Lisboa,Lisboa,cust_00848,Terracotta Outdoor Cushion,Outdoor,Terra Garden,SKU-0060-02,Small,1,23.39,2.21,21.18,61.73,EUR,web
#2726,2026-01-28,paid,fulfilled,Spain,Madrid,Alcalá de Henares,cust_00074,Linen Planter Pot,Outdoor,Terra Garden,SKU-0058-01,Medium,2,32.68,5.47,59.89,72.47,EUR,web
#2970,2026-03-07,paid,fulfilled,France,Provence,Marseille,cust_00530,Marble Bath Mat,Bath,Pure Bath,SKU-0052-01,Small,2,31.82,0,63.64,238.59,EUR,mobile
#2970,2026-03-07,paid,fulfilled,France,Provence,Marseille,cust_00530,Marble Cotton Sheet Set,Bedding,Nordic Sleep,SKU-0026-02,Charcoal,2,66.77,0,133.54,238.59,EUR,mobile
#1215,2025-09-01,paid,fulfilled,Germany,Hamburg,Hamburg,cust_00263,Bamboo Picture Frame,Decor,Casa Bonita,SKU-0042-01,,1,32.28,0,32.28,76.02,EUR,web
#1215,2025-09-01,paid,fulfilled,Germany,Hamburg,Hamburg,cust_00263,Linen Ceramic Vase,Decor,Casa Bonita,SKU-0041-02,,1,37.99,7.44,30.55,76.02,EUR,web
#1300,2025-09-11,paid,fulfilled,France,Provence,Marseille,cust_00579,Marble Cutting Board,Kitchen,Aurora Kitchen,SKU-0002-01,,2,13.17,0,26.34,113.75,EUR,web
#1300,2025-09-11,paid,fulfilled,France,Provence,Marseille,cust_00579,Stone Espresso Mug,Kitchen,Aurora Kitchen,SKU-0005-02,,1,17.01,0,17.01,113.75,EUR,web
#1300,2025-09-11,paid,fulfilled,France,Provence,Marseille,cust_00579,Brass Floor Lamp,Lighting,Lumen Co,SKU-0039-03,,1,57.5,6.84,50.66,113.75,EUR,web
#1780,2025-11-05,paid,fulfilled,Germany,Hamburg,Hamburg,cust_00660,Marble Cutting Board,Kitchen,Aurora Kitchen,SKU-0002-01,,2,13.17,0,26.34,94.07,EUR,web
#1780,2025-11-05,paid,fulfilled,Germany,Hamburg,Hamburg,cust_00660,Marble Bath Towel Set,Bath,Pure Bath,SKU-0057-02,,2,25.7,0,51.4,94.07,EUR,web
#3149,2026-04-03,paid,fulfilled,Italy,Lombardia,Milano,cust_00690,Marble Cutting Board,Kitchen,Aurora Kitchen,SKU-0002-01,,1,13.17,0,13.17,83.76,EUR,web
#3149,2026-04-03,paid,fulfilled,Italy,Lombardia,Milano,cust_00690,Linen Reading Light,Lighting,Lumen Co,SKU-0036-02,Medium,1,30.35,0,30.35,83.76,EUR,web
#3149,2026-04-03,paid,fulfilled,Italy,Lombardia,Milano,cust_00690,Marble Bath Towel Set,Bath,Pure Bath,SKU-0057-03,,1,25.7,0,25.7,83.76,EUR,web
#2406,2025-12-22,paid,fulfilled,Spain,Galicia,A Coruña,cust_00839,Marble Bath Mat,Bath,Pure Bath,SKU-0052-01,,1,31.82,0,31.82,38.5,EUR,mobile
#2085,2025-11-30,paid,fulfilled,Portugal,Lisboa,Cascais,cust_00374,Walnut Mixing Bowl,Kitchen,Aurora Kitchen,SKU-0008-01,,1,38.08,3.94,34.14,118.62,EUR,web
#2085,2025-11-30,paid,fulfilled,Portugal,Lisboa,Cascais,cust_00374,Walnut Wool Throw,Bedding,Nordic Sleep,SKU-0027-02,,1,63.89,0,63.89,118.62,EUR,web
#2009,2025-11-23,paid,fulfilled,France,Provence,Marseille,cust_00213,Brass Ceramic Vase,Decor,Casa Bonita,SKU-0049-01,,1,16.22,0,16.22,38.01,EUR,web
#2009,2025-11-23,paid,fulfilled,France,Provence,Marseille,cust_00213,Copper Wall Mirror,Decor,Casa Bonita,SKU-0040-02,,1,15.19,0,15.19,38.01,EUR,web
#2334,2025-12-17,paid,fulfilled,Netherlands,Noord-Holland,Haarlem,cust_00904,Terracotta Woven Basket,Decor,Casa Bonita,SKU-0043-01,Small,2,17.85,0,35.7,236.41,EUR,pos
#2334,2025-12-17,paid,fulfilled,Netherlands,Noord-Holland,Haarlem,cust_00904,Stone Bed Runner,Bedding,Nordic Sleep,SKU-0024-02,,3,47.82,0,143.46,236.41,EUR,pos
#2334,2025-12-17,paid,fulfilled,Netherlands,Noord-Holland,Haarlem,cust_00904,Brass Ceramic Vase,Decor,Casa Bonita,SKU-0049-03,,1,16.22,0,16.22,236.41,EUR,pos
#3057,2026-03-19,paid,fulfilled,Italy,Lombardia,Bergamo,cust_00780,Brass Ceramic Vase,Decor,Casa Bonita,SKU-0049-01,,2,16.22,3.91,28.53,34.52,EUR,web
#1762,2025-11-03,paid,fulfilled,Germany,Hamburg,Hamburg,cust_00998,Terracotta Pendant Light,Lighting,Lumen Co,SKU-0038-01,Medium,1,38.48,0,38.48,59.5,EUR,web
#1762,2025-11-03,paid,fulfilled,Germany,Hamburg,Hamburg,cust_00998,Marble Cutting Board,Kitchen,Aurora Kitchen,SKU-0002-02,,1,13.17,2.48,10.69,59.5,EUR,web
#3266,2026-04-19,paid,fulfilled,Spain,Madrid,Alcalá de Henares,cust_00751,Linen Reading Light,Lighting,Lumen Co,SKU-0036-01,Charcoal,1,30.35,0,30.35,36.72,EUR,web
#2367,2025-12-19,paid,fulfilled,France,Occitanie,Toulouse,cust_01139,Linen Table Runner,Decor,Casa Bonita,SKU-0046-01,Medium,2,22.74,0,45.48,55.03,EUR,mobile
#2278,2025-12-13,paid,fulfilled,Italy,Lombardia,Milano,cust_00191,Stone Espresso Mug,Kitchen,Aurora Kitchen,SKU-0005-01,Medium,2,17.01,0,34.02,41.16,EUR,web
#2110,2025-12-01,paid,fulfilled,Germany,Hamburg,Hamburg,cust_00661,Brass Candle Holder,Lighting,Lumen Co,SKU-0034-01,,1,43.61,0,43.61,52.77,EUR,web
#3935,2026-07-20,partially_refunded,unfulfilled,France,Occitanie,Montpellier,cust_00330,Terracotta Woven Basket,Decor,Casa Bonita,SKU-0043-01,,1,17.85,0,17.85,21.6,EUR,web
#1417,2025-09-27,paid,fulfilled,Germany,Berlin,Berlin,cust_01160,Stone Serving Platter,Kitchen,Aurora Kitchen,SKU-0010-01,Charcoal,1,28.1,0,28.1,34,EUR,web
#3385,2026-05-05,paid,fulfilled,Spain,Andalucía,Málaga,cust_00030,Oak Chef Knife,Kitchen,Aurora Kitchen,SKU-0011-01,,2,33.15,0,66.3,107.07,EUR,mobile
#3385,2026-05-05,paid,fulfilled,Spain,Andalucía,Málaga,cust_00030,Marble Bath Towel Set,Bath,Pure Bath,SKU-0057-02,Natural,1,25.7,3.51,22.19,107.07,EUR,mobile
#1096,2025-08-14,paid,fulfilled,Germany,Hamburg,Hamburg,cust_00890,Terracotta Woven Basket,Decor,Casa Bonita,SKU-0043-01,Small,1,17.85,0,17.85,99.73,EUR,web
#1096,2025-08-14,paid,fulfilled,Germany,Hamburg,Hamburg,cust_00890,Marble Bath Towel Set,Bath,Pure Bath,SKU-0057-02,Large,2,25.7,0,51.4,99.73,EUR,web
#1096,2025-08-14,paid,fulfilled,Germany,Hamburg,Hamburg,cust_00890,Marble Cutting Board,Kitchen,Aurora Kitchen,SKU-0002-03,,1,13.17,0,13.17,99.73,EUR,web
#1980,2025-11-20,paid,fulfilled,Spain,Galicia,A Coruña,cust_00730,Brass Ceramic Vase,Decor,Casa Bonita,SKU-0049-01,,1,16.22,0,16.22,19.63,EUR,web
#3086,2026-03-23,paid,fulfilled,Spain,Cataluña,Barcelona,cust_00440,Terracotta Outdoor Cushion,Outdoor,Terra Garden,SKU-0060-01,,1,23.39,0,23.39,28.3,EUR,web
#3625,2026-06-05,paid,fulfilled,Italy,Lazio,Roma,cust_00384,Oak Chef Knife,Kitchen,Aurora Kitchen,SKU-0001-01,Large,1,24.54,2.51,22.03,81.84,EUR,web
#3625,2026-06-05,paid,fulfilled,Italy,Lazio,Roma,cust_00384,Brass Ceramic Vase,Decor,Casa Bonita,SKU-0049-02,,2,16.22,0,32.44,81.84,EUR,web
#3625,2026-06-05,paid,fulfilled,Italy,Lazio,Roma,cust_00384,Marble Cutting Board,Kitchen,Aurora Kitchen,SKU-0002-03,,1,13.17,0,13.17,81.84,EUR,web
#1017,2025-08-03,paid,fulfilled,France,Occitanie,Toulouse,cust_00181,Linen Reading Light,Lighting,Lumen Co,SKU-0036-01,Natural,1,30.35,2.58,27.77,33.6,EUR,web
#1007,2025-08-01,paid,fulfilled,Spain,Valencia,Alicante,cust_00513,Stone Quilted Bedspread,Bedding,Nordic Sleep,SKU-0029-01,Small,2,33.99,0,67.98,92.23,EUR,web
#1007,2025-08-01,paid,fulfilled,Spain,Valencia,Alicante,cust_00513,Copper Scented Candle,Decor,Casa Bonita,SKU-0045-02,Small,1,8.24,0,8.24,92.23,EUR,web
#2208,2025-12-08,paid,fulfilled,Netherlands,Noord-Holland,Amsterdam,cust_01101,Ceramic Cast Iron Pan,Kitchen,Aurora Kitchen,SKU-0004-01,,1,22.58,1.22,21.36,140.81,EUR,web
#2208,2025-12-08,paid,fulfilled,Netherlands,Noord-Holland,Amsterdam,cust_01101,Stone Robe,Bath,Pure Bath,SKU-0055-02,,1,27.66,0,27.66,140.81,EUR,web
#2208,2025-12-08,paid,fulfilled,Netherlands,Noord-Holland,Amsterdam,cust_01101,Brass Candle Holder,Lighting,Lumen Co,SKU-0034-03,,1,43.61,0,43.61,140.81,EUR,web
#2208,2025-12-08,paid,fulfilled,Netherlands,Noord-Holland,Amsterdam,cust_01101,Oak Storage Jar,Kitchen,Aurora Kitchen,SKU-0016-04,,1,23.74,0,23.74,140.81,EUR,web
#2219,2025-12-08,paid,fulfilled,Spain,Madrid,Madrid,cust_00468,Walnut Ceramic Bowl Set,Kitchen,Aurora Kitchen,SKU-0013-01,Small,1,41.03,0,41.03,49.65,EUR,web
#1954,2025-11-18,refunded,fulfilled,Spain,Galicia,Vigo,cust_00357,Marble Bath Mat,Bath,Pure Bath,SKU-0052-01,Charcoal,3,31.82,0,95.46,115.51,EUR,web
#3269,2026-04-19,paid,fulfilled,Netherlands,Zuid-Holland,Rotterdam,cust_00134,Stone Quilted Bedspread,Bedding,Nordic Sleep,SKU-0029-01,,1,33.99,2.16,31.83,100.91,EUR,web
#3269,2026-04-19,paid,fulfilled,Netherlands,Zuid-Holland,Rotterdam,cust_00134,Marble Bath Towel Set,Bath,Pure Bath,SKU-0057-02,Medium,1,25.7,0,25.7,100.91,EUR,web
#3269,2026-04-19,paid,fulfilled,Netherlands,Zuid-Holland,Rotterdam,cust_00134,Marble Cutting Board,Kitchen,Aurora Kitchen,SKU-0002-03,,1,13.17,0,13.17,100.91,EUR,web
#3269,2026-04-19,paid,fulfilled,Netherlands,Zuid-Holland,Rotterdam,cust_00134,Copper Wall Mirror,Decor,Casa Bonita,SKU-0040-04,,1,15.19,2.49,12.7,100.91,EUR,web
#2647,2026-01-17,paid,fulfilled,Spain,Cataluña,Barcelona,cust_00764,Walnut Ceramic Bowl Set,Kitchen,Aurora Kitchen,SKU-0003-01,,3,44.02,0,132.06,180.29,EUR,web
#2647,2026-01-17,paid,fulfilled,Spain,Cataluña,Barcelona,cust_00764,Terracotta Woven Basket,Decor,Casa Bonita,SKU-0043-02,,1,17.85,0.91,16.94,180.29,EUR,web
#2421,2025-12-23,paid,fulfilled,Germany,Hamburg,Hamburg,cust_00263,Stone Serving Platter,Kitchen,Aurora Kitchen,SKU-0010-01,,1,28.1,0,28.1,52.05,EUR,web
#2421,2025-12-23,paid,fulfilled,Germany,Hamburg,Hamburg,cust_00263,Bamboo Bookend Pair,Decor,Casa Bonita,SKU-0047-02,,1,14.92,0,14.92,52.05,EUR,web
#1152,2025-08-24,paid,fulfilled,Portugal,Lisboa,Cascais,cust_00018,Ceramic Cast Iron Pan,Kitchen,Aurora Kitchen,SKU-0004-01,Large,1,22.58,0,22.58,104.33,EUR,web
#1152,2025-08-24,paid,fulfilled,Portugal,Lisboa,Cascais,cust_00018,Marble Bath Mat,Bath,Pure Bath,SKU-0052-02,,2,31.82,0,63.64,104.33,EUR,web
#1310,2025-09-13,paid,fulfilled,Italy,Lombardia,Milano,cust_00060,Marble Cotton Sheet Set,Bedding,Nordic Sleep,SKU-0026-01,Large,1,66.77,0,66.77,80.79,EUR,web
#2181,2025-12-06,refunded,fulfilled,Germany,Berlin,Berlin,cust_00828,Ceramic Shower Curtain,Bath,Pure Bath,SKU-0054-01,Large,3,32.3,0,96.9,117.25,EUR,web
#3903,2026-07-15,paid,unfulfilled,Italy,Lombardia,Milano,cust_00191,Marble Bath Towel Set,Bath,Pure Bath,SKU-0057-01,Medium,1,25.7,0,25.7,31.1,EUR,web
#3933,2026-07-20,paid,fulfilled,Spain,País Vasco,Bilbao,cust_00506,Linen Reading Light,Lighting,Lumen Co,SKU-0036-01,Charcoal,1,30.35,0,30.35,185.66,EUR,mobile
#3933,2026-07-20,paid,fulfilled,Spain,País Vasco,Bilbao,cust_00506,Walnut Ceramic Bowl Set,Kitchen,Aurora Kitchen,SKU-0013-02,,3,41.03,0,123.09,185.66,EUR,mobile
#2045,2025-11-26,paid,fulfilled,Germany,Bayern,Nürnberg,cust_00872,Copper Wall Mirror,Decor,Casa Bonita,SKU-0040-01,Natural,1,15.19,0,15.19,18.38,EUR,web
#1194,2025-08-30,paid,fulfilled,Spain,Valencia,Alicante,cust_00382,Ceramic Cast Iron Pan,Kitchen,Aurora Kitchen,SKU-0004-01,,1,22.58,0,22.58,27.32,EUR,web
#2162,2025-12-05,paid,fulfilled,Portugal,Porto,Porto,cust_00865,Walnut Mixing Bowl,Kitchen,Aurora Kitchen,SKU-0008-01,Large,1,38.08,0,38.08,46.08,EUR,web
#1136,2025-08-22,paid,fulfilled,Portugal,Porto,Braga,cust_01150,Terracotta Pendant Light,Lighting,Lumen Co,SKU-0038-01,,3,38.48,0,115.44,167.94,EUR,mobile
#1136,2025-08-22,paid,fulfilled,Portugal,Porto,Braga,cust_01150,Brass Wall Art Print,Decor,Casa Bonita,SKU-0044-02,,1,23.35,0,23.35,167.94,EUR,mobile
#2967,2026-03-06,paid,fulfilled,Italy,Lombardia,Bergamo,cust_00714,Terracotta Outdoor Cushion,Outdoor,Terra Garden,SKU-0060-01,Large,1,23.39,0,23.39,122.34,EUR,web
#2967,2026-03-06,paid,fulfilled,Italy,Lombardia,Bergamo,cust_00714,Linen Reading Light,Lighting,Lumen Co,SKU-0036-02,Natural,1,30.35,0,30.35,122.34,EUR,web
#2967,2026-03-06,paid,fulfilled,Italy,Lombardia,Bergamo,cust_00714,Bamboo Picture Frame,Decor,Casa Bonita,SKU-0042-03,,1,32.28,0,32.28,122.34,EUR,web
#2967,2026-03-06,paid,fulfilled,Italy,Lombardia,Bergamo,cust_00714,Marble Cutting Board,Kitchen,Aurora Kitchen,SKU-0012-04,,1,15.09,0,15.09,122.34,EUR,web
#1816,2025-11-08,paid,fulfilled,Spain,Madrid,Madrid,cust_00051,Bamboo Bookend Pair,Decor,Casa Bonita,SKU-0047-01,,1,14.92,0,14.92,107.61,EUR,mobile
#1816,2025-11-08,paid,fulfilled,Spain,Madrid,Madrid,cust_00051,Stone Robe,Bath,Pure Bath,SKU-0055-02,Charcoal,1,27.66,2.71,24.95,107.61,EUR,mobile
#1816,2025-11-08,paid,fulfilled,Spain,Madrid,Madrid,cust_00051,Terracotta Wall Sconce,Lighting,Lumen Co,SKU-0033-03,,2,24.53,0,49.06,107.61,EUR,mobile
#2620,2026-01-12,paid,fulfilled,France,Île-de-France,Paris,cust_01102,Linen Table Runner,Decor,Casa Bonita,SKU-0046-01,,1,22.74,0,22.74,136.75,EUR,web
#2620,2026-01-12,paid,fulfilled,France,Île-de-France,Paris,cust_01102,Bamboo Picture Frame,Decor,Casa Bonita,SKU-0042-02,,1,32.28,0,32.28,136.75,EUR,web
#2620,2026-01-12,paid,fulfilled,France,Île-de-France,Paris,cust_01102,Ceramic Shower Curtain,Bath,Pure Bath,SKU-0054-03,Charcoal,1,32.3,0,32.3,136.75,EUR,web
#2620,2026-01-12,paid,fulfilled,France,Île-de-France,Paris,cust_01102,Marble Bath Towel Set,Bath,Pure Bath,SKU-0057-04,,1,25.7,0,25.7,136.75,EUR,web
#3797,2026-06-29,paid,fulfilled,Germany,Hamburg,Hamburg,cust_01155,Marble Cutting Board,Kitchen,Aurora Kitchen,SKU-0002-01,,1,13.17,0,13.17,15.94,EUR,web
#1576,2025-10-16,paid,fulfilled,France,Provence,Nice,cust_00072,Stone Quilted Bedspread,Bedding,Nordic Sleep,SKU-0029-01,Large,1,33.99,4.01,29.98,36.28,EUR,web
#3711,2026-06-18,paid,fulfilled,France,Île-de-France,Paris,cust_00046,Brass Ceramic Vase,Decor,Casa Bonita,SKU-0049-01,,1,16.22,0,16.22,19.63,EUR,web
#2910,2026-02-28,paid,fulfilled,Germany,Bayern,München,cust_00544,Bamboo Table Lamp,Lighting,Lumen Co,SKU-0037-01,Medium,1,39.74,7.19,32.55,39.39,EUR,web
#1831,2025-11-09,paid,fulfilled,Italy,Lombardia,Bergamo,cust_00776,Brass Candle Holder,Lighting,Lumen Co,SKU-0034-01,,2,43.61,0,87.22,105.54,EUR,web
#2507,2025-12-29,paid,fulfilled,Netherlands,Noord-Holland,Amsterdam,cust_01118,Marble Bath Mat,Bath,Pure Bath,SKU-0052-01,,1,31.82,0,31.82,38.5,EUR,web
#1438,2025-09-30,paid,fulfilled,Spain,Galicia,A Coruña,cust_00323,Marble Cutting Board,Kitchen,Aurora Kitchen,SKU-0002-01,,1,13.17,0,13.17,15.94,EUR,web
#2185,2025-12-07,paid,fulfilled,Spain,Galicia,Vigo,cust_00503,Oak Storage Jar,Kitchen,Aurora Kitchen,SKU-0006-01,,1,27.52,2.02,25.5,94.3,EUR,web
#2185,2025-12-07,paid,fulfilled,Spain,Galicia,Vigo,cust_00503,Ceramic Shower Curtain,Bath,Pure Bath,SKU-0054-02,Large,1,32.3,0,32.3,94.3,EUR,web
#2185,2025-12-07,paid,fulfilled,Spain,Galicia,Vigo,cust_00503,Brass Wall Art Print,Decor,Casa Bonita,SKU-0044-03,,1,23.35,3.22,20.13,94.3,EUR,web
#3661,2026-06-11,paid,fulfilled,Germany,Bayern,Nürnberg,cust_00532,Marble Bath Mat,Bath,Pure Bath,SKU-0052-01,Charcoal,1,31.82,0,31.82,38.5,EUR,web
#1505,2025-10-09,paid,fulfilled,Spain,Valencia,Alicante,cust_00184,Bamboo Bookend Pair,Decor,Casa Bonita,SKU-0047-01,Large,1,14.92,0.75,14.17,50.44,EUR,mobile
#1505,2025-10-09,paid,fulfilled,Spain,Valencia,Alicante,cust_00184,Oak Storage Jar,Kitchen,Aurora Kitchen,SKU-0006-02,,1,27.52,0,27.52,50.44,EUR,mobile
#3001,2026-03-12,paid,fulfilled,France,Île-de-France,Paris,cust_00046,Brass Ceramic Vase,Decor,Casa Bonita,SKU-0049-01,,1,16.22,2.63,13.59,16.44,EUR,pos
#2705,2026-01-25,paid,fulfilled,Italy,Lazio,Roma,cust_00696,Marble Bath Mat,Bath,Pure Bath,SKU-0052-01,Natural,1,31.82,4.03,27.79,33.63,EUR,web
#3202,2026-04-11,paid,fulfilled,Spain,Andalucía,Málaga,cust_00187,Stone Robe,Bath,Pure Bath,SKU-0055-01,,1,27.66,0,27.66,33.47,EUR,web
#2534,2025-12-31,paid,fulfilled,Spain,Andalucía,Sevilla,cust_00889,Bamboo Bookend Pair,Decor,Casa Bonita,SKU-0047-01,,1,14.92,0,14.92,18.05,EUR,web
#1270,2025-09-08,paid,fulfilled,Spain,Cataluña,Girona,cust_00805,Copper String Lights,Lighting,Lumen Co,SKU-0035-01,,2,40.63,0,81.26,135.05,EUR,mobile
#1270,2025-09-08,paid,fulfilled,Spain,Cataluña,Girona,cust_00805,Linen Reading Light,Lighting,Lumen Co,SKU-0036-02,,1,30.35,0,30.35,135.05,EUR,mobile
#1665,2025-10-24,paid,fulfilled,France,Occitanie,Toulouse,cust_00866,Copper Wall Mirror,Decor,Casa Bonita,SKU-0040-01,Small,1,15.19,0.79,14.4,143.57,EUR,web
#1665,2025-10-24,paid,fulfilled,France,Occitanie,Toulouse,cust_00866,Marble Bath Mat,Bath,Pure Bath,SKU-0052-02,Natural,1,31.82,0,31.82,143.57,EUR,web
#1665,2025-10-24,paid,fulfilled,France,Occitanie,Toulouse,cust_00866,Oak Chef Knife,Kitchen,Aurora Kitchen,SKU-0001-03,,2,24.54,0,49.08,143.57,EUR,web
#1665,2025-10-24,paid,fulfilled,France,Occitanie,Toulouse,cust_00866,Brass Wall Art Print,Decor,Casa Bonita,SKU-0044-04,,1,23.35,0,23.35,143.57,EUR,web
#1411,2025-09-26,partially_refunded,fulfilled,Spain,Valencia,Alicante,cust_00832,Terracotta Wall Mirror,Decor,Casa Bonita,SKU-0048-01,Medium,1,24.68,0,24.68,60.96,EUR,mobile
#1411,2025-09-26,partially_refunded,fulfilled,Spain,Valencia,Alicante,cust_00832,Marble Bath Towel Set,Bath,Pure Bath,SKU-0057-02,,1,25.7,0,25.7,60.96,EUR,mobile
#3317,2026-04-26,paid,fulfilled,Italy,Lombardia,Milano,cust_00710,Ceramic Shower Curtain,Bath,Pure Bath,SKU-0054-01,,1,32.3,0,32.3,124.28,EUR,web
#3317,2026-04-26,paid,fulfilled,Italy,Lombardia,Milano,cust_00710,Marble Cutting Board,Kitchen,Aurora Kitchen,SKU-0002-02,,2,13.17,0,26.34,124.28,EUR,web
#3317,2026-04-26,paid,fulfilled,Italy,Lombardia,Milano,cust_00710,Walnut Linen Duvet,Bedding,Nordic Sleep,SKU-0017-03,,1,44.07,0,44.07,124.28,EUR,web
#3408,2026-05-09,paid,fulfilled,Spain,Andalucía,Sevilla,cust_00534,Terracotta Woven Basket,Decor,Casa Bonita,SKU-0043-01,Medium,2,17.85,0,35.7,71.45,EUR,web
#3408,2026-05-09,paid,fulfilled,Spain,Andalucía,Sevilla,cust_00534,Brass Wall Art Print,Decor,Casa Bonita,SKU-0044-02,,1,23.35,0,23.35,71.45,EUR,web
#3737,2026-06-21,paid,fulfilled,Italy,Lazio,Roma,cust_00341,Marble Bath Towel Set,Bath,Pure Bath,SKU-0057-01,,1,25.7,0,25.7,31.1,EUR,pos
#1493,2025-10-07,paid,fulfilled,Italy,Lazio,Roma,cust_00760,Ceramic Shower Curtain,Bath,Pure Bath,SKU-0054-01,,1,32.3,0,32.3,59.67,EUR,mobile
#1493,2025-10-07,paid,fulfilled,Italy,Lazio,Roma,cust_00760,Stone Espresso Mug,Kitchen,Aurora Kitchen,SKU-0005-02,,1,17.01,0,17.01,59.67,EUR,mobile
#3605,2026-06-02,paid,fulfilled,Germany,Bayern,Nürnberg,cust_00992,Marble Bath Towel Set,Bath,Pure Bath,SKU-0057-01,,1,25.7,0,25.7,31.1,EUR,web
#3954,2026-07-23,paid,partial,Spain,Cataluña,Barcelona,cust_00068,Ceramic Cast Iron Pan,Kitchen,Aurora Kitchen,SKU-0014-01,,1,40.12,0,40.12,208.34,EUR,web
#3954,2026-07-23,paid,partial,Spain,Cataluña,Barcelona,cust_00068,Walnut Ceramic Bowl Set,Kitchen,Aurora Kitchen,SKU-0003-02,,3,44.02,0,132.06,208.34,EUR,web
#1333,2025-09-17,paid,fulfilled,Italy,Lazio,Roma,cust_00160,Brass Ceramic Vase,Decor,Casa Bonita,SKU-0049-01,Large,1,16.22,1.9,14.32,17.33,EUR,web
#3273,2026-04-20,paid,fulfilled,Germany,Berlin,Berlin,cust_00034,Bamboo Bookend Pair,Decor,Casa Bonita,SKU-0047-01,,1,14.92,0,14.92,46.31,EUR,web
#3273,2026-04-20,paid,fulfilled,Germany,Berlin,Berlin,cust_00034,Brass Wall Art Print,Decor,Casa Bonita,SKU-0044-02,,1,23.35,0,23.35,46.31,EUR,web
#3569,2026-05-28,paid,fulfilled,Germany,Berlin,Berlin,cust_00828,Bamboo Garden Lantern,Outdoor,Terra Garden,SKU-0059-01,Large,1,40.04,0,40.04,71.85,EUR,web
#3569,2026-05-28,paid,fulfilled,Germany,Berlin,Berlin,cust_00828,Brass Wall Art Print,Decor,Casa Bonita,SKU-0044-02,,1,23.35,4.01,19.34,71.85,EUR,web
#3117,2026-03-29,paid,fulfilled,Italy,Lazio,Roma,cust_00627,Terracotta Pendant Light,Lighting,Lumen Co,SKU-0038-01,Medium,1,38.48,0,38.48,228.13,EUR,pos
#3117,2026-03-29,paid,fulfilled,Italy,Lazio,Roma,cust_00627,Oak Chef Knife,Kitchen,Aurora Kitchen,SKU-0001-02,,1,24.54,0,24.54,228.13,EUR,pos
#3117,2026-03-29,paid,fulfilled,Italy,Lazio,Roma,cust_00627,Walnut Mattress Topper,Bedding,Nordic Sleep,SKU-0022-03,Small,2,62.76,0,125.52,228.13,EUR,pos
#1987,2025-11-21,paid,fulfilled,Germany,Hamburg,Hamburg,cust_01171,Bamboo Bookend Pair,Decor,Casa Bonita,SKU-0047-01,Charcoal,1,14.92,0,14.92,18.05,EUR,web
#1974,2025-11-20,refunded,fulfilled,France,Occitanie,Toulouse,cust_00104,Ceramic Shower Curtain,Bath,Pure Bath,SKU-0054-01,Small,1,32.3,0,32.3,39.08,EUR,web
#2407,2025-12-22,paid,fulfilled,Netherlands,Zuid-Holland,Den Haag,cust_00171,Stone Quilted Bedspread,Bedding,Nordic Sleep,SKU-0029-01,Medium,1,33.99,0,33.99,111.65,EUR,web
#2407,2025-12-22,paid,fulfilled,Netherlands,Zuid-Holland,Den Haag,cust_00171,Terracotta Woven Basket,Decor,Casa Bonita,SKU-0043-02,,2,17.85,0,35.7,111.65,EUR,web
#2407,2025-12-22,paid,fulfilled,Netherlands,Zuid-Holland,Den Haag,cust_00171,Ceramic Cast Iron Pan,Kitchen,Aurora Kitchen,SKU-0004-03,Medium,1,22.58,0,22.58,111.65,EUR,web
#3584,2026-05-30,paid,fulfilled,Portugal,Porto,Porto,cust_00403,Marble Bath Mat,Bath,Pure Bath,SKU-0052-01,,1,31.82,0,31.82,38.5,EUR,web
#3046,2026-03-17,paid,fulfilled,France,Occitanie,Toulouse,cust_00022,Marble Cutting Board,Kitchen,Aurora Kitchen,SKU-0002-01,,1,13.17,0,13.17,59.31,EUR,web
#3046,2026-03-17,paid,fulfilled,France,Occitanie,Toulouse,cust_00022,Terracotta Pendant Light,Lighting,Lumen Co,SKU-0038-02,,1,38.48,2.63,35.85,59.31,EUR,web
#1099,2025-08-14,partially_refunded,fulfilled,Spain,País Vasco,San Sebastián,cust_00753,Walnut Mixing Bowl,Kitchen,Aurora Kitchen,SKU-0008-01,,1,38.08,0,38.08,46.08,EUR,web
#2191,2025-12-07,paid,fulfilled,Italy,Lazio,Roma,cust_00011,Marble Bath Mat,Bath,Pure Bath,SKU-0052-01,Charcoal,3,31.82,0,95.46,115.51,EUR,web
#1497,2025-10-08,paid,fulfilled,Portugal,Porto,Braga,cust_00396,Terracotta Outdoor Cushion,Outdoor,Terra Garden,SKU-0060-01,Natural,1,23.39,0,23.39,28.3,EUR,web
#2033,2025-11-25,paid,fulfilled,France,Île-de-France,Paris,cust_01057,Terracotta Wall Mirror,Decor,Casa Bonita,SKU-0048-01,,1,24.68,1.66,23.02,27.85,EUR,web
#2022,2025-11-24,paid,fulfilled,Germany,Hamburg,Hamburg,cust_01062,Brass Wall Art Print,Decor,Casa Bonita,SKU-0044-01,,1,23.35,0,23.35,28.25,EUR,web
#1558,2025-10-15,partially_refunded,fulfilled,Spain,Andalucía,Sevilla,cust_00248,Marble Bath Mat,Bath,Pure Bath,SKU-0052-01,Medium,1,31.82,6.09,25.73,31.13,EUR,web
#3297,2026-04-23,paid,fulfilled,Netherlands,Noord-Holland,Amsterdam,cust_00591,Marble Bath Mat,Bath,Pure Bath,SKU-0052-01,Charcoal,1,31.82,0,31.82,38.5,EUR,web
#3641,2026-06-08,paid,fulfilled,Spain,Galicia,A Coruña,cust_00416,Terracotta Woven Basket,Decor,Casa Bonita,SKU-0043-01,Large,1,17.85,0,17.85,21.6,EUR,web
#1578,2025-10-17,paid,fulfilled,Spain,Valencia,Alicante,cust_00501,Oak Chef Knife,Kitchen,Aurora Kitchen,SKU-0001-01,,1,24.54,2.65,21.89,107.67,EUR,web
#1578,2025-10-17,paid,fulfilled,Spain,Valencia,Alicante,cust_00501,Marble Bath Towel Set,Bath,Pure Bath,SKU-0057-02,,3,25.7,10.01,67.09,107.67,EUR,web
#3692,2026-06-16,paid,fulfilled,Italy,Lazio,Roma,cust_00186,Brass Wall Art Print,Decor,Casa Bonita,SKU-0044-01,,1,23.35,4.58,18.77,22.71,EUR,web
#3929,2026-07-20,paid,unfulfilled,Spain,Galicia,Vigo,cust_00909,Terracotta Outdoor Cushion,Outdoor,Terra Garden,SKU-0060-01,,1,23.39,0,23.39,81.07,EUR,pos
#3929,2026-07-20,paid,unfulfilled,Spain,Galicia,Vigo,cust_00909,Brass Candle Holder,Lighting,Lumen Co,SKU-0034-02,,1,43.61,0,43.61,81.07,EUR,pos
#1373,2025-09-21,paid,fulfilled,Spain,Galicia,A Coruña,cust_00607,Marble Cutting Board,Kitchen,Aurora Kitchen,SKU-0012-01,,1,15.09,0,15.09,50.31,EUR,web
#1373,2025-09-21,paid,fulfilled,Spain,Galicia,A Coruña,cust_00607,Marble Bath Mat,Bath,Pure Bath,SKU-0052-02,,1,31.82,5.33,26.49,50.31,EUR,web
#1308,2025-09-13,paid,fulfilled,Italy,Lazio,Roma,cust_00341,Oak Bath Towel Set,Bath,Pure Bath,SKU-0051-01,,1,25.27,0,25.27,43.94,EUR,web
#1308,2025-09-13,paid,fulfilled,Italy,Lazio,Roma,cust_00341,Marble Cutting Board,Kitchen,Aurora Kitchen,SKU-0002-02,,1,13.17,2.13,11.04,43.94,EUR,web
#2529,2025-12-31,paid,fulfilled,Germany,Hamburg,Hamburg,cust_00715,Stone Quilted Bedspread,Bedding,Nordic Sleep,SKU-0029-01,Natural,1,33.99,0,33.99,90.29,EUR,mobile
#2529,2025-12-31,paid,fulfilled,Germany,Hamburg,Hamburg,cust_00715,Copper String Lights,Lighting,Lumen Co,SKU-0035-02,Charcoal,1,40.63,0,40.63,90.29,EUR,mobile
#3590,2026-05-31,paid,fulfilled,Spain,Valencia,Alicante,cust_00510,Linen Reading Light,Lighting,Lumen Co,SKU-0036-01,Charcoal,1,30.35,4.39,25.96,31.41,EUR,mobile
#1296,2025-09-11,paid,fulfilled,France,Île-de-France,Versailles,cust_00304,Marble Bath Mat,Bath,Pure Bath,SKU-0052-01,Charcoal,1,31.82,0,31.82,38.5,EUR,web
#3627,2026-06-06,paid,fulfilled,Netherlands,Zuid-Holland,Rotterdam,cust_00937,Linen Ceramic Vase,Decor,Casa Bonita,SKU-0041-01,,1,37.99,2,35.99,129.72,EUR,web
#3627,2026-06-06,paid,fulfilled,Netherlands,Zuid-Holland,Rotterdam,cust_00937,Oak Storage Jar,Kitchen,Aurora Kitchen,SKU-0016-02,Large,3,23.74,0,71.22,129.72,EUR,web
#2454,2025-12-26,paid,fulfilled,Netherlands,Noord-Holland,Haarlem,cust_00017,Terracotta Woven Basket,Decor,Casa Bonita,SKU-0043-01,Large,2,17.85,0,35.7,58.89,EUR,pos
#2454,2025-12-26,paid,fulfilled,Netherlands,Noord-Holland,Haarlem,cust_00017,Bamboo Bookend Pair,Decor,Casa Bonita,SKU-0047-02,,1,14.92,1.95,12.97,58.89,EUR,pos
#3901,2026-07-15,paid,fulfilled,Italy,Lazio,Roma,cust_00140,Terracotta Wall Sconce,Lighting,Lumen Co,SKU-0033-01,,1,24.53,0,24.53,29.68,EUR,web
#2244,2025-12-11,paid,fulfilled,France,Occitanie,Toulouse,cust_00866,Marble Cutting Board,Kitchen,Aurora Kitchen,SKU-0012-01,Large,1,15.09,2.87,12.22,14.79,EUR,web
#3135,2026-04-01,paid,fulfilled,Germany,Bayern,München,cust_01112,Marble Utensil Holder,Kitchen,Aurora Kitchen,SKU-0007-01,Charcoal,1,17.14,0,17.14,60.85,EUR,web
#3135,2026-04-01,paid,fulfilled,Germany,Bayern,München,cust_01112,Oak Chef Knife,Kitchen,Aurora Kitchen,SKU-0011-02,,1,33.15,0,33.15,60.85,EUR,web
#1352,2025-09-19,paid,fulfilled,Italy,Lazio,Roma,cust_00011,Ceramic Cast Iron Pan,Kitchen,Aurora Kitchen,SKU-0014-01,Large,1,40.12,7.7,32.42,39.23,EUR,web
#2877,2026-02-23,paid,fulfilled,France,Occitanie,Toulouse,cust_00022,Ceramic Cast Iron Pan,Kitchen,Aurora Kitchen,SKU-0004-01,,1,22.58,0,22.58,40.15,EUR,web
#2877,2026-02-23,paid,fulfilled,France,Occitanie,Toulouse,cust_00022,Marble Cutting Board,Kitchen,Aurora Kitchen,SKU-0002-02,Natural,1,13.17,2.57,10.6,40.15,EUR,web
#1459,2025-10-03,paid,fulfilled,France,Provence,Marseille,cust_01176,Bamboo Picture Frame,Decor,Casa Bonita,SKU-0042-01,Charcoal,1,32.28,0,32.28,158.36,EUR,web
#1459,2025-10-03,paid,fulfilled,France,Provence,Marseille,cust_01176,Oak Chef Knife,Kitchen,Aurora Kitchen,SKU-0001-02,Natural,1,24.54,0,24.54,158.36,EUR,web
#1459,2025-10-03,paid,fulfilled,France,Provence,Marseille,cust_01176,Walnut Ceramic Bowl Set,Kitchen,Aurora Kitchen,SKU-0003-03,,2,44.02,13.98,74.06,158.36,EUR,web
#3749,2026-06-23,paid,fulfilled,Netherlands,Noord-Holland,Haarlem,cust_00448,Bamboo Bookend Pair,Decor,Casa Bonita,SKU-0047-01,,2,14.92,0,29.84,72.83,EUR,web
#3749,2026-06-23,paid,fulfilled,Netherlands,Noord-Holland,Haarlem,cust_00448,Linen Reading Light,Lighting,Lumen Co,SKU-0036-02,Small,1,30.35,0,30.35,72.83,EUR,web
#2514,2025-12-30,paid,fulfilled,Spain,Cataluña,Girona,cust_01159,Brass Ceramic Vase,Decor,Casa Bonita,SKU-0049-01,,1,16.22,1.76,14.46,64.26,EUR,pos
#2514,2025-12-30,paid,fulfilled,Spain,Cataluña,Girona,cust_01159,Terracotta Woven Basket,Decor,Casa Bonita,SKU-0043-02,Medium,1,17.85,0,17.85,64.26,EUR,pos
#2514,2025-12-30,paid,fulfilled,Spain,Cataluña,Girona,cust_01159,Stone Espresso Mug,Kitchen,Aurora Kitchen,SKU-0015-03,,1,20.8,0,20.8,64.26,EUR,pos
#1410,2025-09-26,refunded,fulfilled,France,Provence,Marseille,cust_00137,Marble Quilted Bedspread,Bedding,Nordic Sleep,SKU-0021-01,Natural,3,63.83,0,191.49,231.7,EUR,web
#1172,2025-08-26,paid,fulfilled,Spain,Madrid,Madrid,cust_00968,Marble Bath Mat,Bath,Pure Bath,SKU-0052-01,,1,31.82,0,31.82,38.5,EUR,web
#3722,2026-06-19,paid,fulfilled,Spain,Madrid,Madrid,cust_00467,Marble Bath Mat,Bath,Pure Bath,SKU-0052-01,Charcoal,1,31.82,0,31.82,38.5,EUR,web
#2425,2025-12-23,paid,fulfilled,France,Occitanie,Toulouse,cust_00104,Linen Reading Light,Lighting,Lumen Co,SKU-0036-01,,1,30.35,0,30.35,169.55,EUR,mobile
#2425,2025-12-23,paid,fulfilled,France,Occitanie,Toulouse,cust_00104,Marble Bath Towel Set,Bath,Pure Bath,SKU-0057-02,,2,25.7,0,51.4,169.55,EUR,mobile
#2425,2025-12-23,paid,fulfilled,France,Occitanie,Toulouse,cust_00104,Oak Chef Knife,Kitchen,Aurora Kitchen,SKU-0001-03,Small,1,24.54,4.25,20.29,169.55,EUR,mobile
#2425,2025-12-23,paid,fulfilled,France,Occitanie,Toulouse,cust_00104,Walnut Mixing Bowl,Kitchen,Aurora Kitchen,SKU-0008-04,,1,38.08,0,38.08,169.55,EUR,mobile
#2509,2025-12-30,refunded,fulfilled,Spain,Andalucía,Sevilla,cust_00889,Marble Bath Towel Set,Bath,Pure Bath,SKU-0057-01,,1,25.7,1.65,24.05,98.08,EUR,web
#2509,2025-12-30,refunded,fulfilled,Spain,Andalucía,Sevilla,cust_00889,Stone Quilted Bedspread,Bedding,Nordic Sleep,SKU-0029-02,,1,33.99,4.64,29.35,98.08,EUR,web
#2509,2025-12-30,refunded,fulfilled,Spain,Andalucía,Sevilla,cust_00889,Stone Robe,Bath,Pure Bath,SKU-0055-03,Medium,1,27.66,0,27.66,98.08,EUR,web
#3047,2026-03-17,paid,fulfilled,Spain,Madrid,Madrid,cust_00468,Ceramic Pillow Case Pair,Bedding,Nordic Sleep,SKU-0028-01,,1,43.58,7.85,35.73,43.23,EUR,web
#1047,2025-08-08,paid,fulfilled,Spain,Cataluña,Barcelona,cust_01092,Bamboo Bookend Pair,Decor,Casa Bonita,SKU-0047-01,Charcoal,1,14.92,0,14.92,70.83,EUR,web
#1047,2025-08-08,paid,fulfilled,Spain,Cataluña,Barcelona,cust_01092,Brass Ceramic Vase,Decor,Casa Bonita,SKU-0049-02,Natural,1,16.22,0,16.22,70.83,EUR,web
#1047,2025-08-08,paid,fulfilled,Spain,Cataluña,Barcelona,cust_01092,Linen Reading Light,Lighting,Lumen Co,SKU-0036-03,Charcoal,1,30.35,2.95,27.4,70.83,EUR,web
#3813,2026-07-01,paid,partial,Spain,Valencia,Alicante,cust_00873,Copper Scented Candle,Decor,Casa Bonita,SKU-0045-01,,1,8.24,0,8.24,53.78,EUR,mobile
#3813,2026-07-01,paid,partial,Spain,Valencia,Alicante,cust_00873,Brass Candle Holder,Lighting,Lumen Co,SKU-0034-02,,1,43.61,7.4,36.21,53.78,EUR,mobile
#3365,2026-05-03,paid,fulfilled,Spain,Galicia,A Coruña,cust_00323,Linen Reading Light,Lighting,Lumen Co,SKU-0036-01,,1,30.35,0,30.35,36.72,EUR,web
#3231,2026-04-15,paid,fulfilled,Italy,Lombardia,Milano,cust_00206,Marble Cotton Sheet Set,Bedding,Nordic Sleep,SKU-0026-01,Medium,2,66.77,25.73,107.81,130.45,EUR,web
#2222,2025-12-09,paid,fulfilled,Netherlands,Zuid-Holland,Rotterdam,cust_00368,Bamboo Bookend Pair,Decor,Casa Bonita,SKU-0047-01,,1,14.92,0,14.92,18.05,EUR,web
#1133,2025-08-21,paid,fulfilled,Spain,Madrid,Madrid,cust_00974,Brass Ceramic Vase,Decor,Casa Bonita,SKU-0049-01,Charcoal,1,16.22,0,16.22,19.63,EUR,web
#1723,2025-10-30,paid,fulfilled,Spain,Galicia,Vigo,cust_00617,Terracotta Woven Basket,Decor,Casa Bonita,SKU-0043-01,,2,17.85,0,35.7,43.2,EUR,web
#2117,2025-12-02,paid,fulfilled,Germany,Hamburg,Hamburg,cust_00822,Bamboo Table Lamp,Lighting,Lumen Co,SKU-0037-01,,2,39.74,0,79.48,96.17,EUR,web
#2574,2026-01-04,paid,fulfilled,France,Occitanie,Toulouse,cust_00866,Oak Chef Knife,Kitchen,Aurora Kitchen,SKU-0001-01,,1,24.54,3.1,21.44,140.54,EUR,web
#2574,2026-01-04,paid,fulfilled,France,Occitanie,Toulouse,cust_00866,Stone Espresso Mug,Kitchen,Aurora Kitchen,SKU-0005-02,Charcoal,4,17.01,0,68.04,140.54,EUR,web
#2574,2026-01-04,paid,fulfilled,France,Occitanie,Toulouse,cust_00866,Walnut Soap Dispenser,Bath,Pure Bath,SKU-0053-03,Medium,1,31.22,4.55,26.67,140.54,EUR,web
#2131,2025-12-02,paid,fulfilled,Spain,Andalucía,Sevilla,cust_00248,Marble Bath Mat,Bath,Pure Bath,SKU-0052-01,Small,2,31.82,0,63.64,155.12,EUR,web
#2131,2025-12-02,paid,fulfilled,Spain,Andalucía,Sevilla,cust_00248,Bamboo Picture Frame,Decor,Casa Bonita,SKU-0042-02,,2,32.28,0,64.56,155.12,EUR,web
#3056,2026-03-19,paid,fulfilled,Netherlands,Zuid-Holland,Den Haag,cust_00798,Terracotta Outdoor Cushion,Outdoor,Terra Garden,SKU-0060-01,Small,1,23.39,0,23.39,95.97,EUR,mobile
#3056,2026-03-19,paid,fulfilled,Netherlands,Zuid-Holland,Den Haag,cust_00798,Stone Quilted Bedspread,Bedding,Nordic Sleep,SKU-0029-02,,2,33.99,12.06,55.92,95.97,EUR,mobile
#1912,2025-11-15,paid,fulfilled,Spain,Valencia,Valencia,cust_00353,Walnut Linen Duvet,Bedding,Nordic Sleep,SKU-0017-01,,1,44.07,3.8,40.27,48.73,EUR,web
#1976,2025-11-20,paid,fulfilled,France,Occitanie,Toulouse,cust_00732,Bamboo Bookend Pair,Decor,Casa Bonita,SKU-0047-01,,2,14.92,0,29.84,77.23,EUR,web
#1976,2025-11-20,paid,fulfilled,France,Occitanie,Toulouse,cust_00732,Stone Quilted Bedspread,Bedding,Nordic Sleep,SKU-0029-02,Charcoal,1,33.99,0,33.99,77.23,EUR,web
#3854,2026-07-07,paid,fulfilled,Italy,Lazio,Roma,cust_00678,Marble Bath Towel Set,Bath,Pure Bath,SKU-0057-01,Small,3,25.7,0,77.1,93.29,EUR,web
#1528,2025-10-12,paid,fulfilled,Spain,País Vasco,San Sebastián,cust_00366,Bamboo Floor Lamp,Lighting,Lumen Co,SKU-0032-01,,1,46.35,7.48,38.87,47.03,EUR,web
#2770,2026-02-05,paid,fulfilled,Spain,Andalucía,Málaga,cust_00030,Stone Robe,Bath,Pure Bath,SKU-0055-01,,4,27.66,0,110.64,133.87,EUR,web
#2545,2026-01-01,paid,fulfilled,Italy,Lombardia,Bergamo,cust_00226,Ceramic Shower Curtain,Bath,Pure Bath,SKU-0054-01,,1,32.3,0,32.3,39.08,EUR,web
#3918,2026-07-17,paid,fulfilled,Portugal,Lisboa,Cascais,cust_01043,Terracotta Woven Basket,Decor,Casa Bonita,SKU-0043-01,,1,17.85,0,17.85,63.28,EUR,web
#3918,2026-07-17,paid,fulfilled,Portugal,Lisboa,Cascais,cust_01043,Marble Cutting Board,Kitchen,Aurora Kitchen,SKU-0002-02,Natural,3,13.17,5.06,34.45,63.28,EUR,web
#2318,2025-12-16,paid,fulfilled,Spain,Andalucía,Sevilla,cust_00248,Copper Wall Mirror,Decor,Casa Bonita,SKU-0040-01,,1,15.19,0,15.19,59.98,EUR,web
#2318,2025-12-16,paid,fulfilled,Spain,Andalucía,Sevilla,cust_00248,Copper Picture Frame,Decor,Casa Bonita,SKU-0050-02,,2,17.19,0,34.38,59.98,EUR,web
#1728,2025-10-31,paid,fulfilled,Germany,Bayern,München,cust_01113,Marble Cotton Sheet Set,Bedding,Nordic Sleep,SKU-0026-01,,3,66.77,0,200.31,242.38,EUR,web
#3697,2026-06-16,paid,fulfilled,Spain,País Vasco,Bilbao,cust_00476,Oak Linen Duvet,Bedding,Nordic Sleep,SKU-0025-01,,1,28.38,0,28.38,34.34,EUR,web
#1963,2025-11-19,paid,fulfilled,Spain,Cataluña,Barcelona,cust_01092,Stone Quilted Bedspread,Bedding,Nordic Sleep,SKU-0029-01,,1,33.99,0,33.99,68.64,EUR,pos
#1963,2025-11-19,paid,fulfilled,Spain,Cataluña,Barcelona,cust_01092,Linen Table Runner,Decor,Casa Bonita,SKU-0046-02,Charcoal,1,22.74,0,22.74,68.64,EUR,pos
#1893,2025-11-14,partially_refunded,fulfilled,Spain,Cataluña,Barcelona,cust_00859,Brass Wall Art Print,Decor,Casa Bonita,SKU-0044-01,,1,23.35,0,23.35,57.93,EUR,web
#1893,2025-11-14,partially_refunded,fulfilled,Spain,Cataluña,Barcelona,cust_00859,Terracotta Wall Sconce,Lighting,Lumen Co,SKU-0033-02,,1,24.53,0,24.53,57.93,EUR,web
#3214,2026-04-12,paid,fulfilled,Italy,Lazio,Roma,cust_00160,Marble Bath Mat,Bath,Pure Bath,SKU-0052-01,Medium,1,31.82,2.96,28.86,34.92,EUR,web
#3546,2026-05-26,paid,fulfilled,Spain,País Vasco,Bilbao,cust_00946,Terracotta Woven Basket,Decor,Casa Bonita,SKU-0043-01,,1,17.85,0,17.85,106.17,EUR,web
#3546,2026-05-26,paid,fulfilled,Spain,País Vasco,Bilbao,cust_00946,Bamboo Picture Frame,Decor,Casa Bonita,SKU-0042-02,,1,32.28,0,32.28,106.17,EUR,web
#3546,2026-05-26,paid,fulfilled,Spain,País Vasco,Bilbao,cust_00946,Walnut Ceramic Bowl Set,Kitchen,Aurora Kitchen,SKU-0003-03,,1,44.02,6.41,37.61,106.17,EUR,web
#3782,2026-06-28,paid,fulfilled,France,Occitanie,Montpellier,cust_00576,Bamboo Picture Frame,Decor,Casa Bonita,SKU-0042-01,Small,1,32.28,0,32.28,95.32,EUR,web
#3782,2026-06-28,paid,fulfilled,France,Occitanie,Montpellier,cust_00576,Terracotta Wall Mirror,Decor,Casa Bonita,SKU-0048-02,,2,24.68,2.86,46.5,95.32,EUR,web
#2982,2026-03-08,paid,fulfilled,Spain,Galicia,Vigo,cust_00909,Marble Cutting Board,Kitchen,Aurora Kitchen,SKU-0002-01,Medium,1,13.17,0,13.17,15.94,EUR,web
#1990,2025-11-21,paid,fulfilled,Portugal,Porto,Porto,cust_00855,Terracotta Woven Basket,Decor,Casa Bonita,SKU-0043-01,,1,17.85,2.71,15.14,18.32,EUR,web
#2492,2025-12-29,paid,fulfilled,Netherlands,Noord-Holland,Haarlem,cust_00656,Linen Reading Light,Lighting,Lumen Co,SKU-0036-01,Large,1,30.35,0,30.35,131.2,EUR,web
#2492,2025-12-29,paid,fulfilled,Netherlands,Noord-Holland,Haarlem,cust_00656,Stone Robe,Bath,Pure Bath,SKU-0055-02,,1,27.66,0,27.66,131.2,EUR,web
#2492,2025-12-29,paid,fulfilled,Netherlands,Noord-Holland,Haarlem,cust_00656,Marble Bath Towel Set,Bath,Pure Bath,SKU-0057-03,,1,25.7,0,25.7,131.2,EUR,web
#2492,2025-12-29,paid,fulfilled,Netherlands,Noord-Holland,Haarlem,cust_00656,Copper Scented Candle,Decor,Casa Bonita,SKU-0045-04,Large,3,8.24,0,24.72,131.2,EUR,web
#3804,2026-06-30,paid,fulfilled,Spain,Madrid,Madrid,cust_00647,Stone Quilted Bedspread,Bedding,Nordic Sleep,SKU-0029-01,Medium,1,33.99,6.21,27.78,49.55,EUR,web
#3804,2026-06-30,paid,fulfilled,Spain,Madrid,Madrid,cust_00647,Marble Cutting Board,Kitchen,Aurora Kitchen,SKU-0002-02,,1,13.17,0,13.17,49.55,EUR,web
#2875,2026-02-23,paid,fulfilled,Spain,Andalucía,Málaga,cust_00010,Stone Quilted Bedspread,Bedding,Nordic Sleep,SKU-0029-01,,2,33.99,0,67.98,121.31,EUR,web
#2875,2026-02-23,paid,fulfilled,Spain,Andalucía,Málaga,cust_00010,Bamboo Picture Frame,Decor,Casa Bonita,SKU-0042-02,,1,32.28,0,32.28,121.31,EUR,web
#2731,2026-01-29,paid,fulfilled,France,Occitanie,Montpellier,cust_00652,Oak Chef Knife,Kitchen,Aurora Kitchen,SKU-0001-01,Medium,1,24.54,0,24.54,29.69,EUR,web
#1815,2025-11-08,paid,fulfilled,Spain,Cataluña,Girona,cust_00919,Marble Bath Towel Set,Bath,Pure Bath,SKU-0057-01,Natural,2,25.7,0,51.4,80.25,EUR,web
#1815,2025-11-08,paid,fulfilled,Spain,Cataluña,Girona,cust_00919,Bamboo Bookend Pair,Decor,Casa Bonita,SKU-0047-02,,1,14.92,0,14.92,80.25,EUR,web
#1366,2025-09-21,paid,fulfilled,Spain,Madrid,Madrid,cust_00774,Stone Quilted Bedspread,Bedding,Nordic Sleep,SKU-0029-01,,2,33.99,7.86,60.12,129.25,EUR,web
#1366,2025-09-21,paid,fulfilled,Spain,Madrid,Madrid,cust_00774,Brass Wall Art Print,Decor,Casa Bonita,SKU-0044-02,Natural,2,23.35,0,46.7,129.25,EUR,web
#1151,2025-08-24,paid,fulfilled,France,Occitanie,Toulouse,cust_00734,Marble Cutting Board,Kitchen,Aurora Kitchen,SKU-0002-01,,1,13.17,0,13.17,15.94,EUR,web
#3549,2026-05-26,paid,fulfilled,Germany,Hamburg,Hamburg,cust_01062,Stone Quilted Bedspread,Bedding,Nordic Sleep,SKU-0029-01,,1,33.99,0,33.99,41.13,EUR,mobile
#2663,2026-01-18,paid,fulfilled,France,Occitanie,Montpellier,cust_00450,Linen Reading Light,Lighting,Lumen Co,SKU-0036-01,Charcoal,2,30.35,0,60.7,73.45,EUR,web
#3258,2026-04-19,paid,fulfilled,Italy,Lombardia,Bergamo,cust_00914,Brass Wall Art Print,Decor,Casa Bonita,SKU-0044-01,Natural,1,23.35,0,23.35,28.25,EUR,web
#1198,2025-08-30,refunded,fulfilled,Spain,Valencia,Alicante,cust_01169,Marble Cutting Board,Kitchen,Aurora Kitchen,SKU-0002-01,Natural,1,13.17,0,13.17,15.94,EUR,web
#1785,2025-11-06,paid,fulfilled,Spain,Galicia,A Coruña,cust_00926,Bamboo Picture Frame,Decor,Casa Bonita,SKU-0042-01,,1,32.28,2.75,29.53,35.73,EUR,web
#1196,2025-08-30,paid,fulfilled,Netherlands,Zuid-Holland,Den Haag,cust_00565,Ceramic Cast Iron Pan,Kitchen,Aurora Kitchen,SKU-0004-01,,1,22.58,0,22.58,27.32,EUR,web
#2904,2026-02-27,paid,fulfilled,Spain,Cataluña,Barcelona,cust_00924,Oak Chef Knife,Kitchen,Aurora Kitchen,SKU-0011-01,Charcoal,1,33.15,0,33.15,40.11,EUR,web
#2524,2025-12-30,paid,fulfilled,Spain,Galicia,Vigo,cust_00437,Terracotta Outdoor Cushion,Outdoor,Terra Garden,SKU-0060-01,,1,23.39,0,23.39,46.56,EUR,web
#2524,2025-12-30,paid,fulfilled,Spain,Galicia,Vigo,cust_00437,Marble Cutting Board,Kitchen,Aurora Kitchen,SKU-0012-02,,1,15.09,0,15.09,46.56,EUR,web
#1522,2025-10-11,refunded,fulfilled,Portugal,Lisboa,Cascais,cust_00018,Terracotta Outdoor Cushion,Outdoor,Terra Garden,SKU-0060-01,,1,23.39,2.46,20.93,25.33,EUR,web
#1119,2025-08-19,paid,fulfilled,Spain,Galicia,A Coruña,cust_00610,Oak Chef Knife,Kitchen,Aurora Kitchen,SKU-0001-01,,1,24.54,0,24.54,29.69,EUR,web
#1597,2025-10-19,paid,fulfilled,Italy,Lazio,Roma,cust_00256,Terracotta Woven Basket,Decor,Casa Bonita,SKU-0043-01,Natural,1,17.85,3.3,14.55,146.12,EUR,web
#1597,2025-10-19,paid,fulfilled,Italy,Lazio,Roma,cust_00256,Linen Reading Light,Lighting,Lumen Co,SKU-0036-02,,1,30.35,0,30.35,146.12,EUR,web
#1597,2025-10-19,paid,fulfilled,Italy,Lazio,Roma,cust_00256,Bamboo Picture Frame,Decor,Casa Bonita,SKU-0042-03,,1,32.28,0,32.28,146.12,EUR,web
#1597,2025-10-19,paid,fulfilled,Italy,Lazio,Roma,cust_00256,Ceramic Pillow Case Pair,Bedding,Nordic Sleep,SKU-0028-04,Medium,1,43.58,0,43.58,146.12,EUR,web
#1908,2025-11-15,paid,fulfilled,Spain,Valencia,Alicante,cust_00731,Walnut Mixing Bowl,Kitchen,Aurora Kitchen,SKU-0008-01,,1,38.08,0,38.08,74.33,EUR,web
#1908,2025-11-15,paid,fulfilled,Spain,Valencia,Alicante,cust_00731,Brass Wall Art Print,Decor,Casa Bonita,SKU-0044-02,,1,23.35,0,23.35,74.33,EUR,web
#2159,2025-12-04,paid,fulfilled,France,Occitanie,Toulouse,cust_00866,Stone Quilted Bedspread,Bedding,Nordic Sleep,SKU-0029-01,,1,33.99,0,33.99,41.13,EUR,mobile
#3941,2026-07-21,paid,fulfilled,Spain,País Vasco,San Sebastián,cust_00697,Oak Storage Jar,Kitchen,Aurora Kitchen,SKU-0006-01,Medium,1,27.52,4.55,22.97,27.79,EUR,web
#1973,2025-11-20,paid,fulfilled,Spain,Andalucía,Sevilla,cust_01022,Stone Quilted Bedspread,Bedding,Nordic Sleep,SKU-0029-01,,1,33.99,0,33.99,41.13,EUR,web
#2006,2025-11-23,paid,fulfilled,France,Provence,Nice,cust_00007,Marble Bath Towel Set,Bath,Pure Bath,SKU-0057-01,,1,25.7,0,25.7,31.1,EUR,web
#2274,2025-12-13,paid,fulfilled,Portugal,Porto,Porto,cust_00988,Marble Bath Mat,Bath,Pure Bath,SKU-0052-01,,1,31.82,2.32,29.5,35.69,EUR,web
#2023,2025-11-24,paid,fulfilled,Spain,Valencia,Alicante,cust_00513,Bamboo Picture Frame,Decor,Casa Bonita,SKU-0042-01,,1,32.28,0,32.28,57.32,EUR,web
#2023,2025-11-24,paid,fulfilled,Spain,Valencia,Alicante,cust_00513,Marble Cutting Board,Kitchen,Aurora Kitchen,SKU-0012-02,,1,15.09,0,15.09,57.32,EUR,web
#3070,2026-03-20,paid,fulfilled,Spain,Madrid,Madrid,cust_00412,Stone Espresso Mug,Kitchen,Aurora Kitchen,SKU-0005-01,,1,17.01,0,17.01,20.58,EUR,web
#3851,2026-07-07,paid,fulfilled,Spain,Valencia,Valencia,cust_00842,Oak Chef Knife,Kitchen,Aurora Kitchen,SKU-0001-01,,1,24.54,0,24.54,29.69,EUR,web
#3251,2026-04-18,paid,fulfilled,France,Provence,Marseille,cust_01176,Marble Cutting Board,Kitchen,Aurora Kitchen,SKU-0002-01,Small,1,13.17,0,13.17,144.68,EUR,web
#3251,2026-04-18,paid,fulfilled,France,Provence,Marseille,cust_01176,Terracotta Outdoor Cushion,Outdoor,Terra Garden,SKU-0060-02,,2,23.39,0,46.78,144.68,EUR,web
#3251,2026-04-18,paid,fulfilled,France,Provence,Marseille,cust_01176,Ceramic Cast Iron Pan,Kitchen,Aurora Kitchen,SKU-0004-03,,1,22.58,3.08,19.5,144.68,EUR,web
#3251,2026-04-18,paid,fulfilled,France,Provence,Marseille,cust_01176,Ceramic Cast Iron Pan,Kitchen,Aurora Kitchen,SKU-0014-04,,1,40.12,0,40.12,144.68,EUR,web
#2775,2026-02-06,paid,fulfilled,Italy,Lombardia,Bergamo,cust_00914,Walnut Mixing Bowl,Kitchen,Aurora Kitchen,SKU-0008-01,,1,38.08,0,38.08,46.08,EUR,web
#3431,2026-05-12,paid,fulfilled,France,Île-de-France,Paris,cust_00409,Brass Wall Art Print,Decor,Casa Bonita,SKU-0044-01,,1,23.35,0,23.35,28.25,EUR,web
#3133,2026-04-01,paid,fulfilled,Germany,Hamburg,Hamburg,cust_00032,Brass Wall Art Print,Decor,Casa Bonita,SKU-0044-01,,1,23.35,0,23.35,44.19,EUR,web
#3133,2026-04-01,paid,fulfilled,Germany,Hamburg,Hamburg,cust_00032,Marble Cutting Board,Kitchen,Aurora Kitchen,SKU-0002-02,,1,13.17,0,13.17,44.19,EUR,web
#3586,2026-05-30,paid,fulfilled,Spain,Cataluña,Barcelona,cust_00068,Marble Bath Mat,Bath,Pure Bath,SKU-0052-01,,1,31.82,0,31.82,38.5,EUR,web
#2604,2026-01-09,paid,fulfilled,Spain,Madrid,Alcalá de Henares,cust_00240,Ceramic Cast Iron Pan,Kitchen,Aurora Kitchen,SKU-0014-01,,1,40.12,0,40.12,87.05,EUR,web
#2604,2026-01-09,paid,fulfilled,Spain,Madrid,Alcalá de Henares,cust_00240,Marble Bath Mat,Bath,Pure Bath,SKU-0052-02,,1,31.82,0,31.82,87.05,EUR,web
#2384,2025-12-20,paid,fulfilled,Spain,Valencia,Valencia,cust_00526,Oak Chef Knife,Kitchen,Aurora Kitchen,SKU-0001-01,Charcoal,1,24.54,0,24.54,133.67,EUR,web
#2384,2025-12-20,paid,fulfilled,Spain,Valencia,Valencia,cust_00526,Linen Reading Light,Lighting,Lumen Co,SKU-0036-02,,1,30.35,0,30.35,133.67,EUR,web
#2384,2025-12-20,paid,fulfilled,Spain,Valencia,Valencia,cust_00526,Marble Bath Towel Set,Bath,Pure Bath,SKU-0057-03,,1,25.7,0,25.7,133.67,EUR,web
#2384,2025-12-20,paid,fulfilled,Spain,Valencia,Valencia,cust_00526,Stone Quilted Bedspread,Bedding,Nordic Sleep,SKU-0029-04,,1,33.99,4.11,29.88,133.67,EUR,web
#3889,2026-07-13,paid,unfulfilled,Spain,Galicia,A Coruña,cust_00215,Oak Storage Jar,Kitchen,Aurora Kitchen,SKU-0006-01,,1,27.52,0,27.52,112.36,EUR,web
#3889,2026-07-13,paid,unfulfilled,Spain,Galicia,A Coruña,cust_00215,Brass Candle Holder,Lighting,Lumen Co,SKU-0034-02,Large,1,43.61,0,43.61,112.36,EUR,web
#3889,2026-07-13,paid,unfulfilled,Spain,Galicia,A Coruña,cust_00215,Oak Storage Jar,Kitchen,Aurora Kitchen,SKU-0016-03,Medium,1,23.74,2.01,21.73,112.36,EUR,web
#2508,2025-12-29,paid,fulfilled,Netherlands,Zuid-Holland,Rotterdam,cust_00260,Bamboo Bookend Pair,Decor,Casa Bonita,SKU-0047-01,,1,14.92,0.81,14.11,17.07,EUR,mobile
#1148,2025-08-23,paid,fulfilled,Portugal,Lisboa,Lisboa,cust_00511,Bamboo Bookend Pair,Decor,Casa Bonita,SKU-0047-01,Medium,1,14.92,1.4,13.52,98.32,EUR,web
#1148,2025-08-23,paid,fulfilled,Portugal,Lisboa,Lisboa,cust_00511,Ceramic Cast Iron Pan,Kitchen,Aurora Kitchen,SKU-0004-02,,3,22.58,0,67.74,98.32,EUR,web
#3161,2026-04-05,paid,fulfilled,Portugal,Lisboa,Cascais,cust_00738,Bamboo Bookend Pair,Decor,Casa Bonita,SKU-0047-01,,4,14.92,0,59.68,72.21,EUR,web
#2987,2026-03-09,paid,fulfilled,France,Occitanie,Montpellier,cust_00086,Terracotta Wall Mirror,Decor,Casa Bonita,SKU-0048-01,,1,24.68,4.34,20.34,24.61,EUR,web
#1446,2025-10-01,paid,fulfilled,Germany,Hamburg,Hamburg,cust_01008,Ceramic Cast Iron Pan,Kitchen,Aurora Kitchen,SKU-0004-01,,1,22.58,1.13,21.45,41.89,EUR,web
#1446,2025-10-01,paid,fulfilled,Germany,Hamburg,Hamburg,cust_01008,Marble Cutting Board,Kitchen,Aurora Kitchen,SKU-0002-02,Large,1,13.17,0,13.17,41.89,EUR,web
#3739,2026-06-22,paid,fulfilled,Germany,Bayern,München,cust_00544,Brass Ceramic Vase,Decor,Casa Bonita,SKU-0049-01,,2,16.22,0,32.44,92.52,EUR,web
#3739,2026-06-22,paid,fulfilled,Germany,Bayern,München,cust_00544,Walnut Ceramic Bowl Set,Kitchen,Aurora Kitchen,SKU-0003-02,,1,44.02,0,44.02,92.52,EUR,web
#3564,2026-05-28,paid,fulfilled,Germany,Hamburg,Hamburg,cust_01131,Stone Quilted Bedspread,Bedding,Nordic Sleep,SKU-0029-01,,1,33.99,0,33.99,70.81,EUR,web
#3564,2026-05-28,paid,fulfilled,Germany,Hamburg,Hamburg,cust_01131,Terracotta Wall Sconce,Lighting,Lumen Co,SKU-0033-02,,1,24.53,0,24.53,70.81,EUR,web
#1819,2025-11-08,paid,fulfilled,Spain,Cataluña,Girona,cust_00100,Linen Reading Light,Lighting,Lumen Co,SKU-0036-01,Charcoal,1,30.35,0,30.35,36.72,EUR,mobile
#1150,2025-08-23,paid,fulfilled,Spain,Valencia,Alicante,cust_00731,Ceramic Cast Iron Pan,Kitchen,Aurora Kitchen,SKU-0004-01,,1,22.58,3.28,19.3,23.35,EUR,web
#3767,2026-06-25,paid,fulfilled,Spain,Valencia,Alicante,cust_00170,Bamboo Bookend Pair,Decor,Casa Bonita,SKU-0047-01,,4,14.92,0,59.68,72.21,EUR,web
#2881,2026-02-24,paid,fulfilled,Germany,Berlin,Berlin,cust_00928,Oak Bath Towel Set,Bath,Pure Bath,SKU-0051-01,,3,25.27,10.9,64.91,103.36,EUR,web
#2881,2026-02-24,paid,fulfilled,Germany,Berlin,Berlin,cust_00928,Terracotta Wall Sconce,Lighting,Lumen Co,SKU-0033-02,,1,24.53,4.02,20.51,103.36,EUR,web
#2525,2025-12-30,paid,fulfilled,Germany,Bayern,Nürnberg,cust_01074,Marble Cutting Board,Kitchen,Aurora Kitchen,SKU-0002-01,,1,13.17,0,13.17,15.94,EUR,web
#2422,2025-12-23,paid,fulfilled,Spain,Galicia,Vigo,cust_00617,Ceramic Cast Iron Pan,Kitchen,Aurora Kitchen,SKU-0004-01,,1,22.58,0,22.58,27.32,EUR,web
#3905,2026-07-15,paid,partial,Spain,Madrid,Madrid,cust_00566,Oak Pillow Case Pair,Bedding,Nordic Sleep,SKU-0020-01,Small,1,54.3,0,54.3,65.7,EUR,pos
#3321,2026-04-27,paid,fulfilled,Germany,Berlin,Berlin,cust_00349,Bamboo Picture Frame,Decor,Casa Bonita,SKU-0042-01,Natural,1,32.28,3.95,28.33,62.58,EUR,web
#3321,2026-04-27,paid,fulfilled,Germany,Berlin,Berlin,cust_00349,Terracotta Outdoor Cushion,Outdoor,Terra Garden,SKU-0060-02,Charcoal,1,23.39,0,23.39,62.58,EUR,web
#1888,2025-11-13,paid,fulfilled,Spain,Madrid,Alcalá de Henares,cust_00221,Brass Wall Art Print,Decor,Casa Bonita,SKU-0044-01,Medium,1,23.35,0,23.35,155.9,EUR,web
#1888,2025-11-13,paid,fulfilled,Spain,Madrid,Alcalá de Henares,cust_00221,Ceramic Cast Iron Pan,Kitchen,Aurora Kitchen,SKU-0004-02,,2,22.58,0,45.16,155.9,EUR,web
#1888,2025-11-13,paid,fulfilled,Spain,Madrid,Alcalá de Henares,cust_00221,Walnut Wool Throw,Bedding,Nordic Sleep,SKU-0027-03,,1,63.89,3.56,60.33,155.9,EUR,web
#2543,2025-12-31,paid,fulfilled,Germany,Bayern,Nürnberg,cust_01068,Oak Chef Knife,Kitchen,Aurora Kitchen,SKU-0001-01,,1,24.54,3.33,21.21,135.25,EUR,web
#2543,2025-12-31,paid,fulfilled,Germany,Bayern,Nürnberg,cust_01068,Terracotta Outdoor Cushion,Outdoor,Terra Garden,SKU-0060-02,,2,23.39,0,46.78,135.25,EUR,web
#2543,2025-12-31,paid,fulfilled,Germany,Bayern,Nürnberg,cust_01068,Marble Bath Towel Set,Bath,Pure Bath,SKU-0057-03,,2,25.7,7.61,43.79,135.25,EUR,web
#1925,2025-11-16,paid,fulfilled,Portugal,Porto,Braga,cust_00040,Ceramic Cast Iron Pan,Kitchen,Aurora Kitchen,SKU-0004-01,Large,1,22.58,0,22.58,27.32,EUR,web
#2473,2025-12-27,paid,fulfilled,Spain,Madrid,Alcalá de Henares,cust_01082,Terracotta Outdoor Cushion,Outdoor,Terra Garden,SKU-0060-01,,1,23.39,0,23.39,44.24,EUR,mobile
#2473,2025-12-27,paid,fulfilled,Spain,Madrid,Alcalá de Henares,cust_01082,Marble Cutting Board,Kitchen,Aurora Kitchen,SKU-0002-02,,1,13.17,0,13.17,44.24,EUR,mobile
#2017,2025-11-23,paid,fulfilled,Portugal,Porto,Porto,cust_00158,Bamboo Bookend Pair,Decor,Casa Bonita,SKU-0047-01,,2,14.92,0,29.84,70.45,EUR,web
#2017,2025-11-23,paid,fulfilled,Portugal,Porto,Porto,cust_00158,Oak Linen Duvet,Bedding,Nordic Sleep,SKU-0025-02,Natural,1,28.38,0,28.38,70.45,EUR,web
#2399,2025-12-21,refunded,fulfilled,Netherlands,Noord-Holland,Haarlem,cust_00232,Oak Chef Knife,Kitchen,Aurora Kitchen,SKU-0001-01,,1,24.54,0,24.54,29.69,EUR,pos
#3425,2026-05-11,paid,fulfilled,Germany,Hamburg,Hamburg,cust_00998,Walnut Mixing Bowl,Kitchen,Aurora Kitchen,SKU-0008-01,,1,38.08,0,38.08,73.4,EUR,web
#3425,2026-05-11,paid,fulfilled,Germany,Hamburg,Hamburg,cust_00998,Ceramic Cast Iron Pan,Kitchen,Aurora Kitchen,SKU-0004-02,,1,22.58,0,22.58,73.4,EUR,web
#3103,2026-03-27,paid,fulfilled,Italy,Lazio,Roma,cust_00008,Stone Quilted Bedspread,Bedding,Nordic Sleep,SKU-0029-01,,1,33.99,0,33.99,41.13,EUR,web
#3634,2026-06-07,paid,fulfilled,Germany,Hamburg,Hamburg,cust_00470,Marble Bath Mat,Bath,Pure Bath,SKU-0052-01,Large,1,31.82,3.83,27.99,33.87,EUR,web
#2679,2026-01-21,paid,fulfilled,France,Provence,Marseille,cust_00504,Bamboo Picture Frame,Decor,Casa Bonita,SKU-0042-01,,1,32.28,5.58,26.7,374.57,EUR,web
#2679,2026-01-21,paid,fulfilled,France,Provence,Marseille,cust_00504,Marble Bath Mat,Bath,Pure Bath,SKU-0052-02,Charcoal,1,31.82,0,31.82,374.57,EUR,web
#2679,2026-01-21,paid,fulfilled,France,Provence,Marseille,cust_00504,Walnut Mattress Topper,Bedding,Nordic Sleep,SKU-0022-03,,4,62.76,0,251.04,374.57,EUR,web
#1079,2025-08-12,paid,fulfilled,France,Occitanie,Toulouse,cust_00104,Walnut Soap Dispenser,Bath,Pure Bath,SKU-0053-01,Charcoal,1,31.22,2.13,29.09,35.2,EUR,web
#1651,2025-10-23,paid,fulfilled,Netherlands,Noord-Holland,Haarlem,cust_00656,Ceramic Cast Iron Pan,Kitchen,Aurora Kitchen,SKU-0004-01,,1,22.58,1.55,21.03,25.45,EUR,web
#3219,2026-04-13,paid,fulfilled,Spain,Galicia,A Coruña,cust_01105,Oak Chef Knife,Kitchen,Aurora Kitchen,SKU-0001-01,,1,24.54,0,24.54,107,EUR,web
#3219,2026-04-13,paid,fulfilled,Spain,Galicia,A Coruña,cust_01105,Walnut Wool Throw,Bedding,Nordic Sleep,SKU-0027-02,Small,1,63.89,0,63.89,107,EUR,web
#2584,2026-01-06,paid,fulfilled,Germany,Bayern,München,cust_00706,Ceramic Cast Iron Pan,Kitchen,Aurora Kitchen,SKU-0004-01,Large,1,22.58,0,22.58,27.32,EUR,web
#2109,2025-12-01,paid,fulfilled,Germany,Hamburg,Hamburg,cust_00660,Marble Cutting Board,Kitchen,Aurora Kitchen,SKU-0002-01,,1,13.17,0,13.17,15.94,EUR,mobile
#2150,2025-12-04,paid,fulfilled,Spain,Andalucía,Málaga,cust_00884,Terracotta Woven Basket,Decor,Casa Bonita,SKU-0043-01,Medium,1,17.85,0,17.85,21.6,EUR,web
#2211,2025-12-08,paid,fulfilled,Spain,Galicia,A Coruña,cust_00227,Linen Reading Light,Lighting,Lumen Co,SKU-0036-01,Small,1,30.35,0,30.35,36.72,EUR,web
#2558,2026-01-03,paid,fulfilled,Spain,Andalucía,Sevilla,cust_00942,Ceramic Tea Kettle,Kitchen,Aurora Kitchen,SKU-0009-01,Small,1,13.93,0,13.93,34.91,EUR,web
#2558,2026-01-03,paid,fulfilled,Spain,Andalucía,Sevilla,cust_00942,Bamboo Bookend Pair,Decor,Casa Bonita,SKU-0047-02,,1,14.92,0,14.92,34.91,EUR,web
#3415,2026-05-10,paid,fulfilled,Germany,Hamburg,Hamburg,cust_00479,Ceramic Cast Iron Pan,Kitchen,Aurora Kitchen,SKU-0004-01,,2,22.58,7.08,38.08,46.08,EUR,web
#1199,2025-08-30,paid,fulfilled,Spain,Galicia,Vigo,cust_00319,Marble Bath Towel Set,Bath,Pure Bath,SKU-0057-01,,1,25.7,0,25.7,67.82,EUR,web
#1199,2025-08-30,paid,fulfilled,Spain,Galicia,Vigo,cust_00319,Linen Reading Light,Lighting,Lumen Co,SKU-0036-02,,1,30.35,0,30.35,67.82,EUR,web
#2672,2026-01-20,refunded,fulfilled,Spain,Cataluña,Barcelona,cust_00705,Terracotta Pendant Light,Lighting,Lumen Co,SKU-0038-01,,2,38.48,5.49,71.47,86.48,EUR,web
#1946,2025-11-17,paid,fulfilled,Portugal,Porto,Braga,cust_00095,Stone Quilted Bedspread,Bedding,Nordic Sleep,SKU-0029-01,Small,1,33.99,0,33.99,41.13,EUR,web
#1488,2025-10-06,paid,fulfilled,Italy,Lombardia,Milano,cust_00415,Brass Wall Art Print,Decor,Casa Bonita,SKU-0044-01,,1,23.35,0,23.35,70.97,EUR,web
#1488,2025-10-06,paid,fulfilled,Italy,Lombardia,Milano,cust_00415,Terracotta Pendant Light,Lighting,Lumen Co,SKU-0038-02,,1,38.48,3.18,35.3,70.97,EUR,web
#2601,2026-01-09,paid,fulfilled,France,Occitanie,Toulouse,cust_00104,Marble Cotton Sheet Set,Bedding,Nordic Sleep,SKU-0026-01,,1,66.77,0,66.77,151.61,EUR,web
#2601,2026-01-09,paid,fulfilled,France,Occitanie,Toulouse,cust_00104,Marble Bath Mat,Bath,Pure Bath,SKU-0052-02,Large,2,31.82,5.11,58.53,151.61,EUR,web
#1838,2025-11-10,paid,fulfilled,Spain,Madrid,Madrid,cust_00917,Oak Chef Knife,Kitchen,Aurora Kitchen,SKU-0001-01,,1,24.54,0,24.54,72.6,EUR,web
#1838,2025-11-10,paid,fulfilled,Spain,Madrid,Madrid,cust_00917,Walnut Ceramic Bowl Set,Kitchen,Aurora Kitchen,SKU-0013-02,Large,1,41.03,5.57,35.46,72.6,EUR,web
#1988,2025-11-21,paid,fulfilled,Spain,Cataluña,Girona,cust_00805,Marble Cutting Board,Kitchen,Aurora Kitchen,SKU-0002-01,Medium,2,13.17,0,26.34,31.87,EUR,mobile
#3414,2026-05-10,refunded,fulfilled,France,Provence,Nice,cust_01055,Terracotta Woven Basket,Decor,Casa Bonita,SKU-0043-01,,2,17.85,0,35.7,128.82,EUR,web
#3414,2026-05-10,refunded,fulfilled,France,Provence,Nice,cust_01055,Copper Scented Candle,Decor,Casa Bonita,SKU-0045-02,,2,8.24,0,16.48,128.82,EUR,web
#3414,2026-05-10,refunded,fulfilled,France,Provence,Nice,cust_01055,Walnut Soap Dispenser,Bath,Pure Bath,SKU-0053-03,Natural,2,31.22,8.16,54.28,128.82,EUR,web
#1608,2025-10-19,paid,fulfilled,Germany,Hamburg,Hamburg,cust_00661,Brass Ceramic Vase,Decor,Casa Bonita,SKU-0049-01,,1,16.22,0,16.22,293.34,EUR,web
#1608,2025-10-19,paid,fulfilled,Germany,Hamburg,Hamburg,cust_00661,Bamboo Picture Frame,Decor,Casa Bonita,SKU-0042-02,Natural,4,32.28,0,129.12,293.34,EUR,web
#1608,2025-10-19,paid,fulfilled,Germany,Hamburg,Hamburg,cust_00661,Marble Bath Towel Set,Bath,Pure Bath,SKU-0057-03,,2,25.7,0,51.4,293.34,EUR,web
#1608,2025-10-19,paid,fulfilled,Germany,Hamburg,Hamburg,cust_00661,Marble Cutting Board,Kitchen,Aurora Kitchen,SKU-0002-04,Natural,4,13.17,6.99,45.69,293.34,EUR,web
#2808,2026-02-12,paid,fulfilled,Portugal,Porto,Porto,cust_00865,Ceramic Weighted Blanket,Bedding,Nordic Sleep,SKU-0023-01,,1,19.09,0,19.09,50.61,EUR,web
#2808,2026-02-12,paid,fulfilled,Portugal,Porto,Porto,cust_00865,Linen Table Runner,Decor,Casa Bonita,SKU-0046-02,,1,22.74,0,22.74,50.61,EUR,web
#3352,2026-05-02,paid,fulfilled,Germany,Hamburg,Hamburg,cust_00822,Bamboo Bookend Pair,Decor,Casa Bonita,SKU-0047-01,,1,14.92,0,14.92,18.05,EUR,web
#2143,2025-12-04,paid,fulfilled,Portugal,Lisboa,Cascais,cust_00738,Stone Wool Throw,Bedding,Nordic Sleep,SKU-0019-01,,1,39.48,0,39.48,47.77,EUR,web
#3843,2026-07-06,refunded,unfulfilled,Spain,Madrid,Alcalá de Henares,cust_00735,Stone Serving Platter,Kitchen,Aurora Kitchen,SKU-0010-01,,1,28.1,0,28.1,80.56,EUR,web
#3843,2026-07-06,refunded,unfulfilled,Spain,Madrid,Alcalá de Henares,cust_00735,Terracotta Pendant Light,Lighting,Lumen Co,SKU-0038-02,,1,38.48,0,38.48,80.56,EUR,web
#2793,2026-02-09,paid,fulfilled,Germany,Bayern,München,cust_00157,Linen Reading Light,Lighting,Lumen Co,SKU-0036-01,Large,1,30.35,0,30.35,36.72,EUR,web
#1128,2025-08-20,paid,fulfilled,Netherlands,Noord-Holland,Amsterdam,cust_01161,Terracotta Woven Basket,Decor,Casa Bonita,SKU-0043-01,,1,17.85,0,17.85,21.6,EUR,web
#2537,2025-12-31,paid,fulfilled,Spain,Andalucía,Málaga,cust_01121,Ceramic Tea Kettle,Kitchen,Aurora Kitchen,SKU-0009-01,,1,13.93,2.41,11.52,76.13,EUR,web
#2537,2025-12-31,paid,fulfilled,Spain,Andalucía,Málaga,cust_01121,Marble Bath Towel Set,Bath,Pure Bath,SKU-0057-02,Large,2,25.7,0,51.4,76.13,EUR,web
#1076,2025-08-11,refunded,fulfilled,France,Occitanie,Montpellier,cust_01127,Walnut Ceramic Bowl Set,Kitchen,Aurora Kitchen,SKU-0013-01,,1,41.03,0,41.03,49.65,EUR,web
#3031,2026-03-15,paid,fulfilled,Spain,Valencia,Alicante,cust_00123,Walnut Soap Dispenser,Bath,Pure Bath,SKU-0053-01,Small,1,31.22,3.11,28.11,179.43,EUR,web
#3031,2026-03-15,paid,fulfilled,Spain,Valencia,Alicante,cust_00123,Walnut Mixing Bowl,Kitchen,Aurora Kitchen,SKU-0008-02,,2,38.08,0,76.16,179.43,EUR,web
#3031,2026-03-15,paid,fulfilled,Spain,Valencia,Alicante,cust_00123,Walnut Ceramic Bowl Set,Kitchen,Aurora Kitchen,SKU-0003-03,,1,44.02,0,44.02,179.43,EUR,web
#1862,2025-11-11,paid,fulfilled,Spain,Galicia,A Coruña,cust_00227,Oak Chef Knife,Kitchen,Aurora Kitchen,SKU-0001-01,,1,24.54,0,24.54,133.89,EUR,web
#1862,2025-11-11,paid,fulfilled,Spain,Galicia,A Coruña,cust_00227,Walnut Mattress Topper,Bedding,Nordic Sleep,SKU-0022-02,Natural,1,62.76,0,62.76,133.89,EUR,web
#1862,2025-11-11,paid,fulfilled,Spain,Galicia,A Coruña,cust_00227,Brass Wall Art Print,Decor,Casa Bonita,SKU-0044-03,,1,23.35,0,23.35,133.89,EUR,web
#2783,2026-02-08,paid,fulfilled,Spain,Valencia,Valencia,cust_00927,Marble Bath Mat,Bath,Pure Bath,SKU-0052-01,,1,31.82,0,31.82,38.5,EUR,web
#3547,2026-05-26,paid,fulfilled,Portugal,Lisboa,Lisboa,cust_00848,Marble Bath Mat,Bath,Pure Bath,SKU-0052-01,,1,31.82,0,31.82,38.5,EUR,web
#1600,2025-10-19,paid,fulfilled,Germany,Bayern,München,cust_00673,Ceramic Cast Iron Pan,Kitchen,Aurora Kitchen,SKU-0004-01,,1,22.58,0,22.58,27.32,EUR,web
#1267,2025-09-08,paid,fulfilled,Portugal,Porto,Braga,cust_01100,Walnut Mixing Bowl,Kitchen,Aurora Kitchen,SKU-0008-01,,1,38.08,0,38.08,46.08,EUR,web
#2380,2025-12-20,paid,fulfilled,France,Occitanie,Toulouse,cust_00732,Linen Table Runner,Decor,Casa Bonita,SKU-0046-01,,3,22.74,11.14,57.08,158.34,EUR,web
#2380,2025-12-20,paid,fulfilled,France,Occitanie,Toulouse,cust_00732,Copper String Lights,Lighting,Lumen Co,SKU-0035-02,Charcoal,1,40.63,0,40.63,158.34,EUR,web
#2380,2025-12-20,paid,fulfilled,France,Occitanie,Toulouse,cust_00732,Oak Chef Knife,Kitchen,Aurora Kitchen,SKU-0011-03,,1,33.15,0,33.15,158.34,EUR,web
#2198,2025-12-07,paid,fulfilled,France,Provence,Nice,cust_01013,Bamboo Bookend Pair,Decor,Casa Bonita,SKU-0047-01,Medium,1,14.92,0,14.92,54.81,EUR,mobile
#2198,2025-12-07,paid,fulfilled,France,Provence,Nice,cust_01013,Copper Wall Mirror,Decor,Casa Bonita,SKU-0040-02,,2,15.19,0,30.38,54.81,EUR,mobile
#3310,2026-04-25,paid,fulfilled,France,Occitanie,Toulouse,cust_00022,Bamboo Bookend Pair,Decor,Casa Bonita,SKU-0047-01,,1,14.92,1.2,13.72,16.6,EUR,web
#1724,2025-10-30,paid,fulfilled,Spain,Cataluña,Girona,cust_01159,Marble Cutting Board,Kitchen,Aurora Kitchen,SKU-0002-01,,1,13.17,0,13.17,121.47,EUR,web
#1724,2025-10-30,paid,fulfilled,Spain,Cataluña,Girona,cust_01159,Brass Candle Holder,Lighting,Lumen Co,SKU-0034-02,,2,43.61,0,87.22,121.47,EUR,web
#2291,2025-12-14,paid,fulfilled,Spain,Madrid,Madrid,cust_00653,Terracotta Outdoor Cushion,Outdoor,Terra Garden,SKU-0060-01,,1,23.39,0,23.39,175.66,EUR,mobile
#2291,2025-12-14,paid,fulfilled,Spain,Madrid,Madrid,cust_00653,Brass Floor Lamp,Lighting,Lumen Co,SKU-0039-02,,2,57.5,6.39,108.61,175.66,EUR,mobile
#2291,2025-12-14,paid,fulfilled,Spain,Madrid,Madrid,cust_00653,Marble Cutting Board,Kitchen,Aurora Kitchen,SKU-0002-03,Small,1,13.17,0,13.17,175.66,EUR,mobile
#3410,2026-05-09,paid,fulfilled,Germany,Berlin,Berlin,cust_00327,Stone Espresso Mug,Kitchen,Aurora Kitchen,SKU-0005-01,,1,17.01,0,17.01,20.58,EUR,web
#3925,2026-07-19,paid,unfulfilled,Spain,Galicia,Vigo,cust_00319,Bamboo Table Lamp,Lighting,Lumen Co,SKU-0037-01,Small,1,39.74,0,39.74,48.09,EUR,web
#3970,2026-07-26,paid,fulfilled,Germany,Hamburg,Hamburg,cust_00999,Bamboo Bookend Pair,Decor,Casa Bonita,SKU-0047-01,,1,14.92,0,14.92,18.05,EUR,web
#3441,2026-05-12,paid,fulfilled,Germany,Berlin,Berlin,cust_00208,Brass Wall Art Print,Decor,Casa Bonita,SKU-0044-01,,1,23.35,0,23.35,28.25,EUR,web
#1349,2025-09-18,paid,fulfilled,Portugal,Lisboa,Cascais,cust_01043,Bamboo Picture Frame,Decor,Casa Bonita,SKU-0042-01,,1,32.28,0,32.28,39.06,EUR,web
#2280,2025-12-13,paid,fulfilled,Germany,Hamburg,Hamburg,cust_01183,Bamboo Bookend Pair,Decor,Casa Bonita,SKU-0047-01,,1,14.92,0,14.92,37.68,EUR,mobile
#2280,2025-12-13,paid,fulfilled,Germany,Hamburg,Hamburg,cust_01183,Brass Ceramic Vase,Decor,Casa Bonita,SKU-0049-02,,1,16.22,0,16.22,37.68,EUR,mobile
#2935,2026-03-03,paid,fulfilled,Spain,Galicia,A Coruña,cust_01070,Walnut Mixing Bowl,Kitchen,Aurora Kitchen,SKU-0008-01,,1,38.08,6.9,31.18,78.86,EUR,web
#2935,2026-03-03,paid,fulfilled,Spain,Galicia,A Coruña,cust_01070,Stone Quilted Bedspread,Bedding,Nordic Sleep,SKU-0029-02,Large,1,33.99,0,33.99,78.86,EUR,web
#2797,2026-02-10,paid,fulfilled,Italy,Lombardia,Milano,cust_00690,Oak Chef Knife,Kitchen,Aurora Kitchen,SKU-0011-01,Large,1,33.15,4.01,29.14,75.42,EUR,web
#2797,2026-02-10,paid,fulfilled,Italy,Lombardia,Milano,cust_00690,Walnut Mixing Bowl,Kitchen,Aurora Kitchen,SKU-0008-02,Natural,1,38.08,4.89,33.19,75.42,EUR,web
#3972,2026-07-27,paid,fulfilled,Italy,Lombardia,Bergamo,cust_00780,Walnut Ceramic Bowl Set,Kitchen,Aurora Kitchen,SKU-0003-01,,1,44.02,0,44.02,108.57,EUR,web
#3972,2026-07-27,paid,fulfilled,Italy,Lombardia,Bergamo,cust_00780,Linen Table Runner,Decor,Casa Bonita,SKU-0046-02,Charcoal,1,22.74,1.56,21.18,108.57,EUR,web
#3972,2026-07-27,paid,fulfilled,Italy,Lombardia,Bergamo,cust_00780,Terracotta Wall Sconce,Lighting,Lumen Co,SKU-0033-03,,1,24.53,0,24.53,108.57,EUR,web
#3785,2026-06-28,paid,fulfilled,Spain,Madrid,Alcalá de Henares,cust_00727,Walnut Wool Throw,Bedding,Nordic Sleep,SKU-0027-01,,1,63.89,0,63.89,77.31,EUR,web
#3430,2026-05-12,paid,fulfilled,Spain,Cataluña,Barcelona,cust_01181,Marble Cutting Board,Kitchen,Aurora Kitchen,SKU-0002-01,,1,13.17,1.63,11.54,13.96,EUR,web
#2138,2025-12-03,paid,fulfilled,Spain,País Vasco,Bilbao,cust_00506,Marble Bath Towel Set,Bath,Pure Bath,SKU-0057-01,,2,25.7,0,51.4,98.95,EUR,web
#2138,2025-12-03,paid,fulfilled,Spain,País Vasco,Bilbao,cust_00506,Copper Wall Mirror,Decor,Casa Bonita,SKU-0040-02,,2,15.19,0,30.38,98.95,EUR,web
#3593,2026-06-01,paid,fulfilled,France,Occitanie,Toulouse,cust_00104,Marble Bath Mat,Bath,Pure Bath,SKU-0052-01,Charcoal,1,31.82,0,31.82,38.5,EUR,web
#3360,2026-05-03,partially_refunded,fulfilled,Italy,Lombardia,Milano,cust_00815,Linen Table Runner,Decor,Casa Bonita,SKU-0046-01,,1,22.74,0,22.74,92.77,EUR,mobile
#3360,2026-05-03,partially_refunded,fulfilled,Italy,Lombardia,Milano,cust_00815,Bamboo Garden Lantern,Outdoor,Terra Garden,SKU-0059-02,Natural,1,40.04,2.33,37.71,92.77,EUR,mobile
#3360,2026-05-03,partially_refunded,fulfilled,Italy,Lombardia,Milano,cust_00815,Brass Ceramic Vase,Decor,Casa Bonita,SKU-0049-03,,1,16.22,0,16.22,92.77,EUR,mobile
#3332,2026-04-28,paid,fulfilled,Spain,Galicia,Vigo,cust_00508,Marble Bath Mat,Bath,Pure Bath,SKU-0052-01,Small,1,31.82,0,31.82,38.5,EUR,mobile
#2036,2025-11-25,paid,fulfilled,Italy,Lazio,Roma,cust_01012,Walnut Ceramic Bowl Set,Kitchen,Aurora Kitchen,SKU-0003-01,,1,44.02,0,44.02,53.26,EUR,web
#2809,2026-02-12,paid,fulfilled,Portugal,Lisboa,Cascais,cust_00175,Bamboo Floor Lamp,Lighting,Lumen Co,SKU-0032-01,,2,46.35,0,92.7,112.17,EUR,web
#3018,2026-03-14,paid,fulfilled,Spain,Galicia,A Coruña,cust_01105,Ceramic Cast Iron Pan,Kitchen,Aurora Kitchen,SKU-0004-01,Medium,1,22.58,0,22.58,95.32,EUR,mobile
#3018,2026-03-14,paid,fulfilled,Spain,Galicia,A Coruña,cust_01105,Stone Serving Platter,Kitchen,Aurora Kitchen,SKU-0010-02,,2,28.1,0,56.2,95.32,EUR,mobile
#1214,2025-09-01,paid,fulfilled,Germany,Bayern,München,cust_00544,Ceramic Pillow Case Pair,Bedding,Nordic Sleep,SKU-0028-01,,2,43.58,0,87.16,105.46,EUR,web
#2029,2025-11-24,paid,fulfilled,Spain,Valencia,Alicante,cust_00827,Oak Bath Towel Set,Bath,Pure Bath,SKU-0051-01,Natural,1,25.27,0,25.27,30.58,EUR,web
#3093,2026-03-24,paid,fulfilled,Germany,Hamburg,Hamburg,cust_00276,Brass Wall Art Print,Decor,Casa Bonita,SKU-0044-01,Medium,1,23.35,0,23.35,28.25,EUR,web
#2453,2025-12-25,paid,fulfilled,Netherlands,Zuid-Holland,Rotterdam,cust_00368,Stone Quilted Bedspread,Bedding,Nordic Sleep,SKU-0029-01,Natural,4,33.99,0,135.96,164.51,EUR,web
#3246,2026-04-17,paid,fulfilled,France,Île-de-France,Paris,cust_00207,Marble Cutting Board,Kitchen,Aurora Kitchen,SKU-0012-01,Charcoal,1,15.09,0,15.09,46.98,EUR,pos
#3246,2026-04-17,paid,fulfilled,France,Île-de-France,Paris,cust_00207,Oak Storage Jar,Kitchen,Aurora Kitchen,SKU-0016-02,,1,23.74,0,23.74,46.98,EUR,pos
#2377,2025-12-20,paid,fulfilled,Italy,Lazio,Roma,cust_01012,Terracotta Outdoor Cushion,Outdoor,Terra Garden,SKU-0060-01,,1,23.39,0,23.39,95.99,EUR,web
#2377,2025-12-20,paid,fulfilled,Italy,Lazio,Roma,cust_01012,Linen Reading Light,Lighting,Lumen Co,SKU-0036-02,Charcoal,2,30.35,4.76,55.94,95.99,EUR,web
#1278,2025-09-09,paid,fulfilled,Netherlands,Noord-Holland,Haarlem,cust_00448,Marble Cutting Board,Kitchen,Aurora Kitchen,SKU-0002-01,,1,13.17,0,13.17,15.94,EUR,web
#1032,2025-08-05,paid,fulfilled,France,Occitanie,Toulouse,cust_00844,Stone Quilted Bedspread,Bedding,Nordic Sleep,SKU-0029-01,,1,33.99,0,33.99,133.22,EUR,mobile
#1032,2025-08-05,paid,fulfilled,France,Occitanie,Toulouse,cust_00844,Ceramic Tea Kettle,Kitchen,Aurora Kitchen,SKU-0009-02,,1,13.93,1.65,12.28,133.22,EUR,mobile
#1032,2025-08-05,paid,fulfilled,France,Occitanie,Toulouse,cust_00844,Marble Quilted Bedspread,Bedding,Nordic Sleep,SKU-0021-03,Small,1,63.83,0,63.83,133.22,EUR,mobile
#3610,2026-06-03,paid,fulfilled,Spain,Andalucía,Málaga,cust_00867,Marble Bath Towel Set,Bath,Pure Bath,SKU-0057-01,Natural,1,25.7,0,25.7,31.1,EUR,web
#3845,2026-07-06,paid,partial,France,Occitanie,Toulouse,cust_00734,Terracotta Wall Sconce,Lighting,Lumen Co,SKU-0033-01,,1,24.53,0,24.53,45.9,EUR,web
#3845,2026-07-06,paid,partial,France,Occitanie,Toulouse,cust_00734,Bamboo Bookend Pair,Decor,Casa Bonita,SKU-0047-02,,1,14.92,1.52,13.4,45.9,EUR,web
#2035,2025-11-25,paid,fulfilled,France,Occitanie,Montpellier,cust_00652,Linen Reading Light,Lighting,Lumen Co,SKU-0036-01,Natural,1,30.35,2.44,27.91,33.77,EUR,web
#3664,2026-06-11,paid,fulfilled,Italy,Lombardia,Milano,cust_00681,Bamboo Picture Frame,Decor,Casa Bonita,SKU-0042-01,,1,32.28,0,32.28,39.06,EUR,web
#3839,2026-07-05,paid,fulfilled,France,Occitanie,Montpellier,cust_00624,Marble Bath Mat,Bath,Pure Bath,SKU-0052-01,,2,31.82,0,63.64,77,EUR,web
#1149,2025-08-23,paid,fulfilled,Netherlands,Noord-Holland,Haarlem,cust_00336,Bamboo Picture Frame,Decor,Casa Bonita,SKU-0042-01,Natural,1,32.28,0,32.28,108.49,EUR,web
#1149,2025-08-23,paid,fulfilled,Netherlands,Noord-Holland,Haarlem,cust_00336,Terracotta Outdoor Cushion,Outdoor,Terra Garden,SKU-0060-02,,1,23.39,0,23.39,108.49,EUR,web
#1149,2025-08-23,paid,fulfilled,Netherlands,Noord-Holland,Haarlem,cust_00336,Stone Quilted Bedspread,Bedding,Nordic Sleep,SKU-0029-03,,1,33.99,0,33.99,108.49,EUR,web
#1650,2025-10-23,paid,fulfilled,Netherlands,Zuid-Holland,Rotterdam,cust_00161,Marble Cutting Board,Kitchen,Aurora Kitchen,SKU-0002-01,Medium,1,13.17,1.8,11.37,47.17,EUR,web
#1650,2025-10-23,paid,fulfilled,Netherlands,Zuid-Holland,Rotterdam,cust_00161,Bamboo Picture Frame,Decor,Casa Bonita,SKU-0042-02,Small,1,32.28,4.67,27.61,47.17,EUR,web
#3725,2026-06-20,paid,fulfilled,Portugal,Lisboa,Cascais,cust_00469,Ceramic Pillow Case Pair,Bedding,Nordic Sleep,SKU-0028-01,,3,43.58,0,130.74,186.5,EUR,mobile
#3725,2026-06-20,paid,fulfilled,Portugal,Lisboa,Cascais,cust_00469,Terracotta Outdoor Cushion,Outdoor,Terra Garden,SKU-0060-02,,1,23.39,0,23.39,186.5,EUR,mobile
#3637,2026-06-07,paid,fulfilled,Italy,Lazio,Roma,cust_00465,Brass Wall Art Print,Decor,Casa Bonita,SKU-0044-01,,1,23.35,0,23.35,28.25,EUR,web
#1454,2025-10-02,paid,fulfilled,France,Île-de-France,Paris,cust_00598,Linen Reading Light,Lighting,Lumen Co,SKU-0036-01,Medium,1,30.35,2.69,27.66,54.27,EUR,mobile
#1454,2025-10-02,paid,fulfilled,France,Île-de-France,Paris,cust_00598,Copper Picture Frame,Decor,Casa Bonita,SKU-0050-02,,1,17.19,0,17.19,54.27,EUR,mobile
#2224,2025-12-09,paid,fulfilled,France,Occitanie,Montpellier,cust_00845,Ceramic Cast Iron Pan,Kitchen,Aurora Kitchen,SKU-0004-01,Medium,1,22.58,0,22.58,55.02,EUR,web
#2224,2025-12-09,paid,fulfilled,France,Occitanie,Montpellier,cust_00845,Oak Chef Knife,Kitchen,Aurora Kitchen,SKU-0001-02,,1,24.54,1.65,22.89,55.02,EUR,web
#2297,2025-12-14,paid,fulfilled,Portugal,Porto,Braga,cust_01100,Terracotta Outdoor Cushion,Outdoor,Terra Garden,SKU-0060-01,,1,23.39,3.02,20.37,72.73,EUR,web
#2297,2025-12-14,paid,fulfilled,Portugal,Porto,Braga,cust_01100,Bamboo Table Lamp,Lighting,Lumen Co,SKU-0037-02,,1,39.74,0,39.74,72.73,EUR,web
#3174,2026-04-06,paid,fulfilled,France,Île-de-France,Paris,cust_00574,Terracotta Woven Basket,Decor,Casa Bonita,SKU-0043-01,,1,17.85,0,17.85,21.6,EUR,web
#3583,2026-05-30,paid,fulfilled,Portugal,Porto,Braga,cust_01100,Terracotta Outdoor Cushion,Outdoor,Terra Garden,SKU-0060-01,,1,23.39,0,23.39,28.3,EUR,web
#3504,2026-05-20,paid,fulfilled,France,Île-de-France,Paris,cust_00344,Terracotta Outdoor Cushion,Outdoor,Terra Garden,SKU-0060-01,,1,23.39,0,23.39,28.3,EUR,web
#3306,2026-04-25,paid,fulfilled,Spain,Valencia,Alicante,cust_00510,Stone Espresso Mug,Kitchen,Aurora Kitchen,SKU-0005-01,,1,17.01,0,17.01,20.58,EUR,web
#2393,2025-12-21,refunded,fulfilled,Spain,Andalucía,Sevilla,cust_00534,Marble Bath Towel Set,Bath,Pure Bath,SKU-0057-01,Medium,1,25.7,0,25.7,158.22,EUR,web
#2393,2025-12-21,refunded,fulfilled,Spain,Andalucía,Sevilla,cust_00534,Walnut Mixing Bowl,Kitchen,Aurora Kitchen,SKU-0008-02,,2,38.08,0,76.16,158.22,EUR,web
#2393,2025-12-21,refunded,fulfilled,Spain,Andalucía,Sevilla,cust_00534,Stone Quilted Bedspread,Bedding,Nordic Sleep,SKU-0029-03,,1,33.99,5.09,28.9,158.22,EUR,web
#1827,2025-11-08,paid,fulfilled,Germany,Berlin,Berlin,cust_00463,Stone Quilted Bedspread,Bedding,Nordic Sleep,SKU-0029-01,,1,33.99,0,33.99,41.13,EUR,web
#3097,2026-03-25,paid,fulfilled,Italy,Lazio,Roma,cust_00678,Ceramic Weighted Blanket,Bedding,Nordic Sleep,SKU-0023-01,,1,19.09,0,19.09,108,EUR,web
#3097,2026-03-25,paid,fulfilled,Italy,Lazio,Roma,cust_00678,Terracotta Outdoor Cushion,Outdoor,Terra Garden,SKU-0060-02,Small,3,23.39,0,70.17,108,EUR,web
#1207,2025-08-31,paid,fulfilled,France,Île-de-France,Versailles,cust_00348,Bamboo Picture Frame,Decor,Casa Bonita,SKU-0042-01,Large,2,32.28,0,64.56,136.71,EUR,web
#1207,2025-08-31,paid,fulfilled,France,Île-de-France,Versailles,cust_00348,Oak Pillow Case Pair,Bedding,Nordic Sleep,SKU-0020-02,Charcoal,1,54.3,5.88,48.42,136.71,EUR,web
#1850,2025-11-10,paid,fulfilled,Spain,Galicia,A Coruña,cust_00607,Bamboo Picture Frame,Decor,Casa Bonita,SKU-0042-01,,1,32.28,0,32.28,95.57,EUR,web
#1850,2025-11-10,paid,fulfilled,Spain,Galicia,A Coruña,cust_00607,Brass Wall Art Print,Decor,Casa Bonita,SKU-0044-02,Small,2,23.35,0,46.7,95.57,EUR,web
#3401,2026-05-08,paid,fulfilled,Netherlands,Zuid-Holland,Rotterdam,cust_00601,Brass Wall Art Print,Decor,Casa Bonita,SKU-0044-01,,1,23.35,1.28,22.07,26.7,EUR,web
#3386,2026-05-05,paid,fulfilled,Spain,Andalucía,Sevilla,cust_00835,Bamboo Bookend Pair,Decor,Casa Bonita,SKU-0047-01,,1,14.92,0,14.92,18.05,EUR,pos
#3032,2026-03-15,paid,fulfilled,France,Île-de-France,Versailles,cust_00575,Bamboo Picture Frame,Decor,Casa Bonita,SKU-0042-01,Large,1,32.28,0,32.28,118.14,EUR,web
#3032,2026-03-15,paid,fulfilled,France,Île-de-France,Versailles,cust_00575,Linen Planter Pot,Outdoor,Terra Garden,SKU-0058-02,,2,32.68,0,65.36,118.14,EUR,web
#3262,2026-04-19,paid,fulfilled,Spain,Andalucía,Sevilla,cust_00889,Marble Cotton Sheet Set,Bedding,Nordic Sleep,SKU-0026-01,,1,66.77,0,66.77,177.22,EUR,web
#3262,2026-04-19,paid,fulfilled,Spain,Andalucía,Sevilla,cust_00889,Brass Wall Art Print,Decor,Casa Bonita,SKU-0044-02,,1,23.35,0,23.35,177.22,EUR,web
#3262,2026-04-19,paid,fulfilled,Spain,Andalucía,Sevilla,cust_00889,Ceramic Cast Iron Pan,Kitchen,Aurora Kitchen,SKU-0014-03,,1,40.12,0,40.12,177.22,EUR,web
#3262,2026-04-19,paid,fulfilled,Spain,Andalucía,Sevilla,cust_00889,Brass Ceramic Vase,Decor,Casa Bonita,SKU-0049-04,,1,16.22,0,16.22,177.22,EUR,web
#2115,2025-12-01,paid,fulfilled,Spain,Madrid,Alcalá de Henares,cust_00201,Terracotta Woven Basket,Decor,Casa Bonita,SKU-0043-01,Charcoal,1,17.85,0,17.85,66.71,EUR,web
#2115,2025-12-01,paid,fulfilled,Spain,Madrid,Alcalá de Henares,cust_00201,Ceramic Tea Kettle,Kitchen,Aurora Kitchen,SKU-0009-02,Large,1,13.93,0,13.93,66.71,EUR,web
#2115,2025-12-01,paid,fulfilled,Spain,Madrid,Alcalá de Henares,cust_00201,Brass Wall Art Print,Decor,Casa Bonita,SKU-0044-03,Charcoal,1,23.35,0,23.35,66.71,EUR,web
#3002,2026-03-12,paid,fulfilled,Netherlands,Zuid-Holland,Rotterdam,cust_00383,Marble Bath Mat,Bath,Pure Bath,SKU-0052-01,,1,31.82,0,31.82,38.5,EUR,web
#3038,2026-03-16,paid,fulfilled,Spain,Cataluña,Barcelona,cust_01092,Linen Reading Light,Lighting,Lumen Co,SKU-0036-01,,3,30.35,0,91.05,110.17,EUR,web
#3423,2026-05-11,paid,fulfilled,France,Provence,Nice,cust_00762,Oak Chef Knife,Kitchen,Aurora Kitchen,SKU-0001-01,,4,24.54,0,98.16,215.71,EUR,web
#3423,2026-05-11,paid,fulfilled,France,Provence,Nice,cust_00762,Brass Ceramic Vase,Decor,Casa Bonita,SKU-0049-02,,1,16.22,0,16.22,215.71,EUR,web
#3423,2026-05-11,paid,fulfilled,France,Provence,Nice,cust_00762,Walnut Wool Throw,Bedding,Nordic Sleep,SKU-0027-03,Small,1,63.89,0,63.89,215.71,EUR,web
#3698,2026-06-17,paid,fulfilled,Spain,Cataluña,Barcelona,cust_00402,Walnut Mixing Bowl,Kitchen,Aurora Kitchen,SKU-0008-01,,1,38.08,0,38.08,75.77,EUR,web
#3698,2026-06-17,paid,fulfilled,Spain,Cataluña,Barcelona,cust_00402,Oak Chef Knife,Kitchen,Aurora Kitchen,SKU-0001-02,,1,24.54,0,24.54,75.77,EUR,web
#2972,2026-03-07,paid,fulfilled,Spain,Cataluña,Barcelona,cust_00370,Brass Wall Art Print,Decor,Casa Bonita,SKU-0044-01,,1,23.35,0,23.35,117.19,EUR,web
#2972,2026-03-07,paid,fulfilled,Spain,Cataluña,Barcelona,cust_00370,Stone Quilted Bedspread,Bedding,Nordic Sleep,SKU-0029-02,Small,1,33.99,0,33.99,117.19,EUR,web
#2972,2026-03-07,paid,fulfilled,Spain,Cataluña,Barcelona,cust_00370,Marble Cutting Board,Kitchen,Aurora Kitchen,SKU-0002-03,,3,13.17,0,39.51,117.19,EUR,web
#3721,2026-06-19,paid,fulfilled,Spain,Madrid,Madrid,cust_01104,Oak Storage Jar,Kitchen,Aurora Kitchen,SKU-0016-01,,1,23.74,0,23.74,28.73,EUR,web
#3285,2026-04-21,paid,fulfilled,Spain,Galicia,A Coruña,cust_01124,Oak Linen Duvet,Bedding,Nordic Sleep,SKU-0025-01,Small,1,28.38,4.82,23.56,59.6,EUR,web
#3285,2026-04-21,paid,fulfilled,Spain,Galicia,A Coruña,cust_01124,Marble Bath Towel Set,Bath,Pure Bath,SKU-0057-02,,1,25.7,0,25.7,59.6,EUR,web
#3027,2026-03-15,paid,fulfilled,Italy,Lazio,Roma,cust_00160,Bamboo Garden Lantern,Outdoor,Terra Garden,SKU-0059-01,Medium,2,40.04,0,80.08,96.9,EUR,web
#2939,2026-03-03,paid,fulfilled,Spain,Andalucía,Málaga,cust_00030,Terracotta Woven Basket,Decor,Casa Bonita,SKU-0043-01,,1,17.85,0,17.85,21.6,EUR,web
#2703,2026-01-25,paid,fulfilled,Spain,Cataluña,Girona,cust_00067,Marble Cutting Board,Kitchen,Aurora Kitchen,SKU-0012-01,,1,15.09,1.13,13.96,16.89,EUR,web
#2058,2025-11-27,paid,fulfilled,Portugal,Lisboa,Lisboa,cust_00558,Brass Ceramic Vase,Decor,Casa Bonita,SKU-0049-01,,1,16.22,3.19,13.03,15.77,EUR,web
#3886,2026-07-13,paid,fulfilled,Spain,Galicia,Vigo,cust_00319,Stone Quilted Bedspread,Bedding,Nordic Sleep,SKU-0029-01,,1,33.99,0,33.99,72.7,EUR,pos
#3886,2026-07-13,paid,fulfilled,Spain,Galicia,Vigo,cust_00319,Copper Scented Candle,Decor,Casa Bonita,SKU-0045-02,Small,1,8.24,0,8.24,72.7,EUR,pos
#3886,2026-07-13,paid,fulfilled,Spain,Galicia,Vigo,cust_00319,Terracotta Woven Basket,Decor,Casa Bonita,SKU-0043-03,Large,1,17.85,0,17.85,72.7,EUR,pos
#2998,2026-03-12,paid,fulfilled,Germany,Berlin,Berlin,cust_00369,Brass Ceramic Vase,Decor,Casa Bonita,SKU-0049-01,,1,16.22,0,16.22,158.34,EUR,web
#2998,2026-03-12,paid,fulfilled,Germany,Berlin,Berlin,cust_00369,Oak Storage Jar,Kitchen,Aurora Kitchen,SKU-0006-02,,1,27.52,0,27.52,158.34,EUR,web
#2998,2026-03-12,paid,fulfilled,Germany,Berlin,Berlin,cust_00369,Walnut Mattress Topper,Bedding,Nordic Sleep,SKU-0022-03,,1,62.76,7.92,54.84,158.34,EUR,web
#2998,2026-03-12,paid,fulfilled,Germany,Berlin,Berlin,cust_00369,Bamboo Picture Frame,Decor,Casa Bonita,SKU-0042-04,Natural,1,32.28,0,32.28,158.34,EUR,web
#2346,2025-12-17,paid,fulfilled,Germany,Hamburg,Hamburg,cust_00998,Bamboo Picture Frame,Decor,Casa Bonita,SKU-0042-01,,2,32.28,0,64.56,214.51,EUR,mobile
#2346,2025-12-17,paid,fulfilled,Germany,Hamburg,Hamburg,cust_00998,Oak Chef Knife,Kitchen,Aurora Kitchen,SKU-0001-02,,2,24.54,0,49.08,214.51,EUR,mobile
#2346,2025-12-17,paid,fulfilled,Germany,Hamburg,Hamburg,cust_00998,Marble Bath Mat,Bath,Pure Bath,SKU-0052-03,,2,31.82,0,63.64,214.51,EUR,mobile
#2855,2026-02-20,paid,fulfilled,Netherlands,Zuid-Holland,Rotterdam,cust_00368,Copper Scented Candle,Decor,Casa Bonita,SKU-0045-01,,1,8.24,0,8.24,102.44,EUR,mobile
#2855,2026-02-20,paid,fulfilled,Netherlands,Zuid-Holland,Rotterdam,cust_00368,Brass Ceramic Vase,Decor,Casa Bonita,SKU-0049-02,Large,1,16.22,0,16.22,102.44,EUR,mobile
#2855,2026-02-20,paid,fulfilled,Netherlands,Zuid-Holland,Rotterdam,cust_00368,Marble Bath Mat,Bath,Pure Bath,SKU-0052-03,,1,31.82,0,31.82,102.44,EUR,mobile
#2855,2026-02-20,paid,fulfilled,Netherlands,Zuid-Holland,Rotterdam,cust_00368,Oak Linen Duvet,Bedding,Nordic Sleep,SKU-0025-04,Small,1,28.38,0,28.38,102.44,EUR,mobile
#1189,2025-08-28,paid,fulfilled,Spain,Cataluña,Girona,cust_00100,Stone Espresso Mug,Kitchen,Aurora Kitchen,SKU-0015-01,,1,20.8,0,20.8,71.73,EUR,web
#1189,2025-08-28,paid,fulfilled,Spain,Cataluña,Girona,cust_00100,Terracotta Pendant Light,Lighting,Lumen Co,SKU-0038-02,,1,38.48,0,38.48,71.73,EUR,web
#1006,2025-08-01,paid,fulfilled,Netherlands,Noord-Holland,Haarlem,cust_00656,Brass Wall Art Print,Decor,Casa Bonita,SKU-0044-01,,1,23.35,0,23.35,85.89,EUR,web
#1006,2025-08-01,paid,fulfilled,Netherlands,Noord-Holland,Haarlem,cust_00656,Copper Wall Mirror,Decor,Casa Bonita,SKU-0040-02,,1,15.19,0,15.19,85.89,EUR,web
#1006,2025-08-01,paid,fulfilled,Netherlands,Noord-Holland,Haarlem,cust_00656,Brass Ceramic Vase,Decor,Casa Bonita,SKU-0049-03,,2,16.22,0,32.44,85.89,EUR,web
#1776,2025-11-05,paid,fulfilled,Spain,Madrid,Alcalá de Henares,cust_00074,Walnut Mixing Bowl,Kitchen,Aurora Kitchen,SKU-0008-01,Medium,1,38.08,0,38.08,46.08,EUR,pos
#1182,2025-08-27,paid,fulfilled,Netherlands,Zuid-Holland,Rotterdam,cust_00328,Stone Serving Platter,Kitchen,Aurora Kitchen,SKU-0010-01,Charcoal,1,28.1,0,28.1,34,EUR,web
#3926,2026-07-19,paid,fulfilled,Germany,Berlin,Berlin,cust_00484,Marble Bath Towel Set,Bath,Pure Bath,SKU-0057-01,Small,2,25.7,0,51.4,62.19,EUR,web
#1592,2025-10-18,paid,fulfilled,France,Occitanie,Toulouse,cust_00316,Bamboo Table Lamp,Lighting,Lumen Co,SKU-0037-01,,1,39.74,4.14,35.6,43.08,EUR,web
#3832,2026-07-04,paid,partial,Spain,Madrid,Madrid,cust_00774,Stone Robe,Bath,Pure Bath,SKU-0055-01,Small,2,27.66,0,55.32,66.94,EUR,web
#3685,2026-06-15,paid,fulfilled,Germany,Hamburg,Hamburg,cust_00394,Linen Reading Light,Lighting,Lumen Co,SKU-0036-01,,1,30.35,5.32,25.03,30.29,EUR,web
#2462,2025-12-26,paid,fulfilled,Spain,País Vasco,San Sebastián,cust_00599,Linen Reading Light,Lighting,Lumen Co,SKU-0036-01,Charcoal,1,30.35,0,30.35,62.73,EUR,web
#2462,2025-12-26,paid,fulfilled,Spain,País Vasco,San Sebastián,cust_00599,Terracotta Outdoor Cushion,Outdoor,Terra Garden,SKU-0060-02,,1,23.39,1.9,21.49,62.73,EUR,web
#3585,2026-05-30,paid,fulfilled,Portugal,Lisboa,Cascais,cust_00469,Terracotta Outdoor Cushion,Outdoor,Terra Garden,SKU-0060-01,,1,23.39,0,23.39,28.3,EUR,web
#1033,2025-08-05,paid,fulfilled,Portugal,Porto,Porto,cust_00337,Brass Wall Art Print,Decor,Casa Bonita,SKU-0044-01,,1,23.35,0,23.35,184.97,EUR,web
#1033,2025-08-05,paid,fulfilled,Portugal,Porto,Porto,cust_00337,Brass Floor Lamp,Lighting,Lumen Co,SKU-0039-02,,1,57.5,0,57.5,184.97,EUR,web
#1033,2025-08-05,paid,fulfilled,Portugal,Porto,Porto,cust_00337,Bamboo Picture Frame,Decor,Casa Bonita,SKU-0042-03,Medium,1,32.28,0,32.28,184.97,EUR,web
#1033,2025-08-05,paid,fulfilled,Portugal,Porto,Porto,cust_00337,Bamboo Table Lamp,Lighting,Lumen Co,SKU-0037-04,Large,1,39.74,0,39.74,184.97,EUR,web
#3943,2026-07-22,paid,unfulfilled,Italy,Lazio,Roma,cust_00189,Ceramic Cast Iron Pan,Kitchen,Aurora Kitchen,SKU-0014-01,Charcoal,1,40.12,0,40.12,296.4,EUR,web
#3943,2026-07-22,paid,unfulfilled,Italy,Lazio,Roma,cust_00189,Marble Cutting Board,Kitchen,Aurora Kitchen,SKU-0002-02,,1,13.17,0,13.17,296.4,EUR,web
#3943,2026-07-22,paid,unfulfilled,Italy,Lazio,Roma,cust_00189,Walnut Wool Throw,Bedding,Nordic Sleep,SKU-0027-03,,3,63.89,0,191.67,296.4,EUR,web
#3841,2026-07-05,paid,fulfilled,France,Provence,Marseille,cust_00504,Stone Quilted Bedspread,Bedding,Nordic Sleep,SKU-0029-01,Natural,1,33.99,0,33.99,41.13,EUR,web
#3794,2026-06-29,paid,fulfilled,Italy,Lombardia,Bergamo,cust_00914,Marble Cutting Board,Kitchen,Aurora Kitchen,SKU-0002-01,Small,1,13.17,0,13.17,100.7,EUR,web
#3794,2026-06-29,paid,fulfilled,Italy,Lombardia,Bergamo,cust_00914,Brass Wall Art Print,Decor,Casa Bonita,SKU-0044-02,Natural,3,23.35,0,70.05,100.7,EUR,web
#2204,2025-12-07,paid,fulfilled,Italy,Lombardia,Milano,cust_00690,Bamboo Picture Frame,Decor,Casa Bonita,SKU-0042-01,Medium,1,32.28,0,32.28,39.06,EUR,web
#1977,2025-11-20,paid,fulfilled,France,Provence,Marseille,cust_00193,Terracotta Outdoor Cushion,Outdoor,Terra Garden,SKU-0060-01,Large,1,23.39,0,23.39,62.3,EUR,web
#1977,2025-11-20,paid,fulfilled,France,Provence,Marseille,cust_00193,Stone Serving Platter,Kitchen,Aurora Kitchen,SKU-0010-02,Charcoal,1,28.1,0,28.1,62.3,EUR,web
#2255,2025-12-11,paid,fulfilled,Germany,Hamburg,Hamburg,cust_00429,Walnut Ceramic Bowl Set,Kitchen,Aurora Kitchen,SKU-0003-01,,1,44.02,0,44.02,89.42,EUR,web
#2255,2025-12-11,paid,fulfilled,Germany,Hamburg,Hamburg,cust_00429,Stone Quilted Bedspread,Bedding,Nordic Sleep,SKU-0029-02,Small,1,33.99,4.11,29.88,89.42,EUR,web
#2903,2026-02-27,paid,fulfilled,France,Île-de-France,Paris,cust_00794,Bamboo Picture Frame,Decor,Casa Bonita,SKU-0042-01,,3,32.28,7.33,89.51,108.31,EUR,web
#2481,2025-12-28,paid,fulfilled,Netherlands,Noord-Holland,Haarlem,cust_00448,Marble Bath Towel Set,Bath,Pure Bath,SKU-0057-01,,2,25.7,7.52,43.88,80.42,EUR,web
#2481,2025-12-28,paid,fulfilled,Netherlands,Noord-Holland,Haarlem,cust_00448,Ceramic Cast Iron Pan,Kitchen,Aurora Kitchen,SKU-0004-02,,1,22.58,0,22.58,80.42,EUR,web
#2298,2025-12-15,paid,fulfilled,Spain,Cataluña,Barcelona,cust_00924,Brass Ceramic Vase,Decor,Casa Bonita,SKU-0049-01,,3,16.22,8.31,40.35,76.15,EUR,web
#2298,2025-12-15,paid,fulfilled,Spain,Cataluña,Barcelona,cust_00924,Ceramic Cast Iron Pan,Kitchen,Aurora Kitchen,SKU-0004-02,,1,22.58,0,22.58,76.15,EUR,web
#2675,2026-01-20,paid,fulfilled,Germany,Bayern,München,cust_00544,Terracotta Woven Basket,Decor,Casa Bonita,SKU-0043-01,Small,1,17.85,1.27,16.58,77.92,EUR,web
#2675,2026-01-20,paid,fulfilled,Germany,Bayern,München,cust_00544,Stone Bed Runner,Bedding,Nordic Sleep,SKU-0024-02,Large,1,47.82,0,47.82,77.92,EUR,web
#2263,2025-12-12,paid,fulfilled,Netherlands,Noord-Holland,Amsterdam,cust_00765,Brass Wall Art Print,Decor,Casa Bonita,SKU-0044-01,Small,1,23.35,4.54,18.81,97.61,EUR,web
#2263,2025-12-12,paid,fulfilled,Netherlands,Noord-Holland,Amsterdam,cust_00765,Stone Quilted Bedspread,Bedding,Nordic Sleep,SKU-0029-02,,2,33.99,6.12,61.86,97.61,EUR,web
#2071,2025-11-28,paid,fulfilled,Portugal,Lisboa,Lisboa,cust_00848,Linen Reading Light,Lighting,Lumen Co,SKU-0036-01,,1,30.35,0,30.35,246.28,EUR,web
#2071,2025-11-28,paid,fulfilled,Portugal,Lisboa,Lisboa,cust_00848,Walnut Linen Duvet,Bedding,Nordic Sleep,SKU-0017-02,Charcoal,1,44.07,0,44.07,246.28,EUR,web
#2071,2025-11-28,paid,fulfilled,Portugal,Lisboa,Lisboa,cust_00848,Bamboo Picture Frame,Decor,Casa Bonita,SKU-0042-03,,4,32.28,0,129.12,246.28,EUR,web
#3667,2026-06-12,paid,fulfilled,Netherlands,Noord-Holland,Amsterdam,cust_01041,Bamboo Garden Lantern,Outdoor,Terra Garden,SKU-0059-01,,1,40.04,0,40.04,173.84,EUR,web
#3667,2026-06-12,paid,fulfilled,Netherlands,Noord-Holland,Amsterdam,cust_01041,Walnut Wool Throw,Bedding,Nordic Sleep,SKU-0027-02,Large,1,63.89,0,63.89,173.84,EUR,web
#3667,2026-06-12,paid,fulfilled,Netherlands,Noord-Holland,Amsterdam,cust_01041,Bamboo Table Lamp,Lighting,Lumen Co,SKU-0037-03,Large,1,39.74,0,39.74,173.84,EUR,web
#3875,2026-07-10,paid,fulfilled,Germany,Berlin,Berlin,cust_01078,Stone Quilted Bedspread,Bedding,Nordic Sleep,SKU-0029-01,,1,33.99,3.89,30.1,36.42,EUR,web
#1895,2025-11-14,paid,fulfilled,Spain,Madrid,Alcalá de Henares,cust_00497,Stone Quilted Bedspread,Bedding,Nordic Sleep,SKU-0029-01,Large,1,33.99,0,33.99,41.13,EUR,web
#1573,2025-10-16,paid,fulfilled,Netherlands,Zuid-Holland,Rotterdam,cust_00601,Marble Bath Mat,Bath,Pure Bath,SKU-0052-01,,2,31.82,0,63.64,77,EUR,web
#1168,2025-08-25,refunded,fulfilled,Italy,Lombardia,Bergamo,cust_00087,Walnut Ceramic Bowl Set,Kitchen,Aurora Kitchen,SKU-0013-01,,1,41.03,0,41.03,49.65,EUR,web
#3600,2026-06-02,paid,fulfilled,Netherlands,Zuid-Holland,Rotterdam,cust_00281,Bamboo Picture Frame,Decor,Casa Bonita,SKU-0042-01,,1,32.28,0,32.28,39.06,EUR,web
#3399,2026-05-08,paid,fulfilled,Spain,Galicia,A Coruña,cust_00066,Linen Table Runner,Decor,Casa Bonita,SKU-0046-01,Natural,2,22.74,0,45.48,55.03,EUR,web
#3736,2026-06-21,paid,fulfilled,Spain,Madrid,Madrid,cust_00774,Marble Bath Towel Set,Bath,Pure Bath,SKU-0057-01,,1,25.7,0,25.7,31.1,EUR,web
#2018,2025-11-24,paid,fulfilled,Italy,Lombardia,Bergamo,cust_00901,Stone Quilted Bedspread,Bedding,Nordic Sleep,SKU-0029-01,,1,33.99,3.84,30.15,36.48,EUR,web
#2252,2025-12-11,paid,fulfilled,Portugal,Lisboa,Lisboa,cust_00594,Walnut Mixing Bowl,Kitchen,Aurora Kitchen,SKU-0008-01,,1,38.08,0,38.08,46.08,EUR,web
#3458,2026-05-15,paid,fulfilled,Spain,País Vasco,Bilbao,cust_01106,Walnut Mattress Topper,Bedding,Nordic Sleep,SKU-0022-01,Large,1,62.76,9.13,53.63,175.9,EUR,web
#3458,2026-05-15,paid,fulfilled,Spain,País Vasco,Bilbao,cust_01106,Linen Pendant Light,Lighting,Lumen Co,SKU-0031-02,,2,45.87,0,91.74,175.9,EUR,web
#3696,2026-06-16,paid,fulfilled,Germany,Hamburg,Hamburg,cust_00993,Ceramic Shower Curtain,Bath,Pure Bath,SKU-0054-01,,1,32.3,0,32.3,64.76,EUR,web
#3696,2026-06-16,paid,fulfilled,Germany,Hamburg,Hamburg,cust_00993,Marble Bath Towel Set,Bath,Pure Bath,SKU-0057-02,Charcoal,1,25.7,4.48,21.22,64.76,EUR,web
#1552,2025-10-14,paid,fulfilled,Spain,Cataluña,Barcelona,cust_00705,Walnut Ceramic Bowl Set,Kitchen,Aurora Kitchen,SKU-0013-01,Charcoal,1,41.03,0,41.03,49.65,EUR,web
#1208,2025-08-31,paid,fulfilled,Netherlands,Noord-Holland,Amsterdam,cust_01101,Brass Wall Art Print,Decor,Casa Bonita,SKU-0044-01,Large,1,23.35,0,23.35,103.48,EUR,web
#1208,2025-08-31,paid,fulfilled,Netherlands,Noord-Holland,Amsterdam,cust_01101,Marble Bath Mat,Bath,Pure Bath,SKU-0052-02,Large,1,31.82,0,31.82,103.48,EUR,web
#1208,2025-08-31,paid,fulfilled,Netherlands,Noord-Holland,Amsterdam,cust_01101,Linen Reading Light,Lighting,Lumen Co,SKU-0036-03,Natural,1,30.35,0,30.35,103.48,EUR,web
#3887,2026-07-13,paid,unfulfilled,Spain,Galicia,A Coruña,cust_00227,Copper Table Lamp,Lighting,Lumen Co,SKU-0030-01,,1,31.58,0,31.58,72.55,EUR,pos
#3887,2026-07-13,paid,unfulfilled,Spain,Galicia,A Coruña,cust_00227,Oak Linen Duvet,Bedding,Nordic Sleep,SKU-0025-02,Natural,1,28.38,0,28.38,72.55,EUR,pos
#3555,2026-05-27,paid,fulfilled,Italy,Lombardia,Milano,cust_00012,Marble Cutting Board,Kitchen,Aurora Kitchen,SKU-0002-01,,1,13.17,0,13.17,15.94,EUR,mobile
#1691,2025-10-27,paid,fulfilled,Spain,Cataluña,Girona,cust_00067,Oak Chef Knife,Kitchen,Aurora Kitchen,SKU-0001-01,,1,24.54,0,24.54,29.69,EUR,web
#1887,2025-11-13,paid,fulfilled,Spain,Andalucía,Sevilla,cust_01151,Marble Bath Towel Set,Bath,Pure Bath,SKU-0057-01,Natural,1,25.7,3.43,22.27,52.28,EUR,web
#1887,2025-11-13,paid,fulfilled,Spain,Andalucía,Sevilla,cust_01151,Ceramic Cast Iron Pan,Kitchen,Aurora Kitchen,SKU-0004-02,,1,22.58,1.64,20.94,52.28,EUR,web
#3538,2026-05-25,paid,fulfilled,Italy,Lombardia,Milano,cust_00812,Copper Wall Mirror,Decor,Casa Bonita,SKU-0040-01,,1,15.19,2.79,12.4,15,EUR,web
#3744,2026-06-22,paid,fulfilled,Italy,Lombardia,Bergamo,cust_00914,Bamboo Picture Frame,Decor,Casa Bonita,SKU-0042-01,,1,32.28,0,32.28,76.62,EUR,web
#3744,2026-06-22,paid,fulfilled,Italy,Lombardia,Bergamo,cust_00914,Stone Espresso Mug,Kitchen,Aurora Kitchen,SKU-0005-02,,2,17.01,2.98,31.04,76.62,EUR,web
#1321,2025-09-15,refunded,fulfilled,Germany,Bayern,München,cust_00704,Stone Serving Platter,Kitchen,Aurora Kitchen,SKU-0010-01,Small,1,28.1,0,28.1,234.09,EUR,web
#1321,2025-09-15,refunded,fulfilled,Germany,Bayern,München,cust_00704,Marble Cotton Sheet Set,Bedding,Nordic Sleep,SKU-0026-02,,2,66.77,0,133.54,234.09,EUR,web
#1321,2025-09-15,refunded,fulfilled,Germany,Bayern,München,cust_00704,Marble Bath Mat,Bath,Pure Bath,SKU-0052-03,,1,31.82,0,31.82,234.09,EUR,web
#2912,2026-02-28,paid,fulfilled,Spain,Valencia,Alicante,cust_00510,Marble Bath Towel Set,Bath,Pure Bath,SKU-0057-01,Natural,3,25.7,0,77.1,132.35,EUR,mobile
#2912,2026-02-28,paid,fulfilled,Spain,Valencia,Alicante,cust_00510,Bamboo Picture Frame,Decor,Casa Bonita,SKU-0042-02,,1,32.28,0,32.28,132.35,EUR,mobile
#1676,2025-10-26,paid,fulfilled,Germany,Bayern,Nürnberg,cust_00489,Stone Quilted Bedspread,Bedding,Nordic Sleep,SKU-0029-01,Natural,1,33.99,0,33.99,41.13,EUR,web
#1354,2025-09-19,paid,fulfilled,Portugal,Porto,Porto,cust_00075,Marble Cotton Sheet Set,Bedding,Nordic Sleep,SKU-0026-01,,2,66.77,0,133.54,161.58,EUR,web
#3271,2026-04-19,paid,fulfilled,Spain,Andalucía,Málaga,cust_00581,Bamboo Bookend Pair,Decor,Casa Bonita,SKU-0047-01,Small,2,14.92,0,29.84,72.83,EUR,web
#3271,2026-04-19,paid,fulfilled,Spain,Andalucía,Málaga,cust_00581,Linen Reading Light,Lighting,Lumen Co,SKU-0036-02,Small,1,30.35,0,30.35,72.83,EUR,web
#1142,2025-08-22,paid,fulfilled,Germany,Berlin,Berlin,cust_00349,Brass Floor Lamp,Lighting,Lumen Co,SKU-0039-01,Charcoal,1,57.5,0,57.5,69.58,EUR,mobile
#3159,2026-04-04,paid,fulfilled,Spain,Cataluña,Barcelona,cust_00185,Stone Serving Platter,Kitchen,Aurora Kitchen,SKU-0010-01,,1,28.1,0,28.1,34,EUR,pos
#2178,2025-12-06,paid,fulfilled,Spain,Valencia,Alicante,cust_00873,Linen Reading Light,Lighting,Lumen Co,SKU-0036-01,Medium,1,30.35,0,30.35,104.85,EUR,web
#2178,2025-12-06,paid,fulfilled,Spain,Valencia,Alicante,cust_00873,Stone Quilted Bedspread,Bedding,Nordic Sleep,SKU-0029-02,,1,33.99,3.39,30.6,104.85,EUR,web
#2178,2025-12-06,paid,fulfilled,Spain,Valencia,Alicante,cust_00873,Marble Bath Towel Set,Bath,Pure Bath,SKU-0057-03,Medium,1,25.7,0,25.7,104.85,EUR,web
#2656,2026-01-17,paid,fulfilled,France,Occitanie,Montpellier,cust_01035,Walnut Ceramic Bowl Set,Kitchen,Aurora Kitchen,SKU-0003-01,,2,44.02,0,88.04,175.63,EUR,web
#2656,2026-01-17,paid,fulfilled,France,Occitanie,Montpellier,cust_01035,Marble Cutting Board,Kitchen,Aurora Kitchen,SKU-0002-02,,1,13.17,2.41,10.76,175.63,EUR,web
#2656,2026-01-17,paid,fulfilled,France,Occitanie,Montpellier,cust_01035,Bamboo Floor Lamp,Lighting,Lumen Co,SKU-0032-03,,1,46.35,0,46.35,175.63,EUR,web
#1078,2025-08-12,paid,fulfilled,Spain,Valencia,Alicante,cust_00966,Walnut Wool Throw,Bedding,Nordic Sleep,SKU-0027-01,,3,63.89,0,191.67,231.92,EUR,web
#2928,2026-03-02,paid,fulfilled,Spain,Cataluña,Barcelona,cust_00321,Brass Wall Art Print,Decor,Casa Bonita,SKU-0044-01,,1,23.35,0,23.35,28.25,EUR,mobile
#3702,2026-06-17,paid,fulfilled,France,Provence,Marseille,cust_01176,Stone Robe,Bath,Pure Bath,SKU-0055-01,,1,27.66,0,27.66,33.47,EUR,web
#2379,2025-12-20,paid,fulfilled,Germany,Bayern,München,cust_00098,Ceramic Shower Curtain,Bath,Pure Bath,SKU-0054-01,,1,32.3,0,32.3,159.51,EUR,web
#2379,2025-12-20,paid,fulfilled,Germany,Bayern,München,cust_00098,Bamboo Picture Frame,Decor,Casa Bonita,SKU-0042-02,,2,32.28,0,64.56,159.51,EUR,web
#2379,2025-12-20,paid,fulfilled,Germany,Bayern,München,cust_00098,Oak Storage Jar,Kitchen,Aurora Kitchen,SKU-0016-03,Large,1,23.74,0,23.74,159.51,EUR,web
#2379,2025-12-20,paid,fulfilled,Germany,Bayern,München,cust_00098,Ceramic Tea Kettle,Kitchen,Aurora Kitchen,SKU-0009-04,,1,13.93,2.7,11.23,159.51,EUR,web
#2402,2025-12-21,refunded,fulfilled,Spain,Andalucía,Sevilla,cust_01066,Linen Reading Light,Lighting,Lumen Co,SKU-0036-01,,2,30.35,0,60.7,73.45,EUR,web
#3814,2026-07-01,paid,unfulfilled,Netherlands,Zuid-Holland,Rotterdam,cust_00281,Terracotta Outdoor Cushion,Outdoor,Terra Garden,SKU-0060-01,,2,23.39,0,46.78,221.12,EUR,web
#3814,2026-07-01,paid,unfulfilled,Netherlands,Zuid-Holland,Rotterdam,cust_00281,Stone Quilted Bedspread,Bedding,Nordic Sleep,SKU-0029-02,,4,33.99,0,135.96,221.12,EUR,web
#3838,2026-07-05,paid,fulfilled,France,Occitanie,Montpellier,cust_00652,Marble Bath Towel Set,Bath,Pure Bath,SKU-0057-01,,1,25.7,0,25.7,69.04,EUR,web
#3838,2026-07-05,paid,fulfilled,France,Occitanie,Montpellier,cust_00652,Stone Quilted Bedspread,Bedding,Nordic Sleep,SKU-0029-02,,1,33.99,2.63,31.36,69.04,EUR,web
#2585,2026-01-06,paid,fulfilled,Germany,Hamburg,Hamburg,cust_00394,Bamboo Picture Frame,Decor,Casa Bonita,SKU-0042-01,,2,32.28,0,64.56,78.12,EUR,web
#2934,2026-03-03,paid,fulfilled,Spain,Galicia,Vigo,cust_00617,Terracotta Outdoor Cushion,Outdoor,Terra Garden,SKU-0060-01,Natural,1,23.39,0,23.39,28.3,EUR,web
#2518,2025-12-30,paid,fulfilled,Germany,Hamburg,Hamburg,cust_00998,Stone Quilted Bedspread,Bedding,Nordic Sleep,SKU-0029-01,Small,1,33.99,0,33.99,84.32,EUR,web
#2518,2025-12-30,paid,fulfilled,Germany,Hamburg,Hamburg,cust_00998,Terracotta Woven Basket,Decor,Casa Bonita,SKU-0043-02,Natural,2,17.85,0,35.7,84.32,EUR,web
#1541,2025-10-13,paid,fulfilled,France,Occitanie,Montpellier,cust_01035,Walnut Mattress Topper,Bedding,Nordic Sleep,SKU-0022-01,,1,62.76,0,62.76,75.94,EUR,web
#3309,2026-04-25,paid,fulfilled,Spain,Andalucía,Sevilla,cust_01137,Ceramic Cast Iron Pan,Kitchen,Aurora Kitchen,SKU-0014-01,,2,40.12,0,80.24,143.65,EUR,web
#3309,2026-04-25,paid,fulfilled,Spain,Andalucía,Sevilla,cust_01137,Terracotta Pendant Light,Lighting,Lumen Co,SKU-0038-02,Small,1,38.48,0,38.48,143.65,EUR,web
#1167,2025-08-25,paid,fulfilled,Spain,Madrid,Alcalá de Henares,cust_00074,Marble Cutting Board,Kitchen,Aurora Kitchen,SKU-0002-01,,4,13.17,9.53,43.15,52.21,EUR,web
#2374,2025-12-20,paid,fulfilled,Spain,Andalucía,Sevilla,cust_00987,Ceramic Shower Curtain,Bath,Pure Bath,SKU-0054-01,Large,1,32.3,0,32.3,39.08,EUR,web
#1048,2025-08-08,paid,fulfilled,Spain,Andalucía,Sevilla,cust_00248,Bamboo Picture Frame,Decor,Casa Bonita,SKU-0042-01,,1,32.28,0,32.28,78.14,EUR,mobile
#1048,2025-08-08,paid,fulfilled,Spain,Andalucía,Sevilla,cust_00248,Ceramic Shower Curtain,Bath,Pure Bath,SKU-0054-02,,1,32.3,0,32.3,78.14,EUR,mobile
#2388,2025-12-21,paid,fulfilled,Spain,Cataluña,Barcelona,cust_00440,Ceramic Cast Iron Pan,Kitchen,Aurora Kitchen,SKU-0004-01,,1,22.58,0,22.58,27.32,EUR,web
#3486,2026-05-18,paid,fulfilled,Germany,Bayern,Nürnberg,cust_00619,Marble Bath Towel Set,Bath,Pure Bath,SKU-0057-01,Large,1,25.7,5.07,20.63,24.96,EUR,pos
#1324,2025-09-16,paid,fulfilled,France,Provence,Nice,cust_00514,Bamboo Picture Frame,Decor,Casa Bonita,SKU-0042-01,,1,32.28,0,32.28,58.26,EUR,web
#1324,2025-09-16,paid,fulfilled,France,Provence,Nice,cust_00514,Copper Picture Frame,Decor,Casa Bonita,SKU-0050-02,,1,17.19,1.32,15.87,58.26,EUR,web
#2383,2025-12-20,paid,fulfilled,Germany,Hamburg,Hamburg,cust_00920,Marble Bath Towel Set,Bath,Pure Bath,SKU-0057-01,,1,25.7,4.71,20.99,58.7,EUR,web
#2383,2025-12-20,paid,fulfilled,Germany,Hamburg,Hamburg,cust_00920,Oak Storage Jar,Kitchen,Aurora Kitchen,SKU-0006-02,,1,27.52,0,27.52,58.7,EUR,web
#3890,2026-07-13,paid,fulfilled,Germany,Hamburg,Hamburg,cust_01138,Terracotta Woven Basket,Decor,Casa Bonita,SKU-0043-01,,1,17.85,0,17.85,21.6,EUR,web
#2423,2025-12-23,paid,fulfilled,Germany,Hamburg,Hamburg,cust_00554,Ceramic Tea Kettle,Kitchen,Aurora Kitchen,SKU-0009-01,,1,13.93,0,13.93,163.33,EUR,web
#2423,2025-12-23,paid,fulfilled,Germany,Hamburg,Hamburg,cust_00554,Stone Quilted Bedspread,Bedding,Nordic Sleep,SKU-0029-02,,1,33.99,3.99,30,163.33,EUR,web
#2423,2025-12-23,paid,fulfilled,Germany,Hamburg,Hamburg,cust_00554,Linen Reading Light,Lighting,Lumen Co,SKU-0036-03,,3,30.35,0,91.05,163.33,EUR,web
#3956,2026-07-23,paid,fulfilled,Spain,Andalucía,Sevilla,cust_01022,Terracotta Woven Basket,Decor,Casa Bonita,SKU-0043-01,,1,17.85,0,17.85,21.6,EUR,web
#1669,2025-10-25,paid,fulfilled,Netherlands,Noord-Holland,Haarlem,cust_00128,Bamboo Bookend Pair,Decor,Casa Bonita,SKU-0047-01,,1,14.92,0,14.92,163.11,EUR,web
#1669,2025-10-25,paid,fulfilled,Netherlands,Noord-Holland,Haarlem,cust_00128,Bamboo Picture Frame,Decor,Casa Bonita,SKU-0042-02,Natural,2,32.28,0,64.56,163.11,EUR,web
#1669,2025-10-25,paid,fulfilled,Netherlands,Noord-Holland,Haarlem,cust_00128,Stone Robe,Bath,Pure Bath,SKU-0055-03,,2,27.66,0,55.32,163.11,EUR,web
#1357,2025-09-20,paid,fulfilled,France,Occitanie,Toulouse,cust_00022,Terracotta Woven Basket,Decor,Casa Bonita,SKU-0043-01,Natural,1,17.85,0,17.85,79.05,EUR,mobile
#1357,2025-09-20,paid,fulfilled,France,Occitanie,Toulouse,cust_00022,Oak Storage Jar,Kitchen,Aurora Kitchen,SKU-0016-02,,2,23.74,0,47.48,79.05,EUR,mobile
#1814,2025-11-08,paid,fulfilled,Spain,Cataluña,Girona,cust_00630,Marble Bath Towel Set,Bath,Pure Bath,SKU-0057-01,,2,25.7,0,51.4,108.16,EUR,web
#1814,2025-11-08,paid,fulfilled,Spain,Cataluña,Girona,cust_00630,Linen Ceramic Vase,Decor,Casa Bonita,SKU-0041-02,,1,37.99,0,37.99,108.16,EUR,web
#1471,2025-10-05,paid,fulfilled,Italy,Lombardia,Bergamo,cust_00502,Marble Bath Towel Set,Bath,Pure Bath,SKU-0057-01,,1,25.7,0,25.7,31.1,EUR,web
#2266,2025-12-12,paid,fulfilled,Italy,Lazio,Roma,cust_00678,Oak Storage Jar,Kitchen,Aurora Kitchen,SKU-0006-01,,1,27.52,3.23,24.29,77.84,EUR,web
#2266,2025-12-12,paid,fulfilled,Italy,Lazio,Roma,cust_00678,Bamboo Garden Lantern,Outdoor,Terra Garden,SKU-0059-02,Natural,1,40.04,0,40.04,77.84,EUR,web
#3029,2026-03-15,paid,fulfilled,France,Occitanie,Montpellier,cust_00498,Marble Bath Towel Set,Bath,Pure Bath,SKU-0057-01,Small,1,25.7,0,25.7,170.36,EUR,web
#3029,2026-03-15,paid,fulfilled,France,Occitanie,Montpellier,cust_00498,Ceramic Cast Iron Pan,Kitchen,Aurora Kitchen,SKU-0004-02,,1,22.58,0,22.58,170.36,EUR,web
#3029,2026-03-15,paid,fulfilled,France,Occitanie,Montpellier,cust_00498,Terracotta Wall Sconce,Lighting,Lumen Co,SKU-0033-03,Natural,1,24.53,0,24.53,170.36,EUR,web
#3029,2026-03-15,paid,fulfilled,France,Occitanie,Montpellier,cust_00498,Stone Quilted Bedspread,Bedding,Nordic Sleep,SKU-0029-04,Small,2,33.99,0,67.98,170.36,EUR,web
#2332,2025-12-17,paid,fulfilled,Germany,Hamburg,Hamburg,cust_00661,Copper Picture Frame,Decor,Casa Bonita,SKU-0050-01,,1,17.19,0,17.19,20.8,EUR,web
#3092,2026-03-24,paid,fulfilled,Spain,País Vasco,San Sebastián,cust_00599,Terracotta Woven Basket,Decor,Casa Bonita,SKU-0043-01,,1,17.85,0,17.85,21.6,EUR,web
#1929,2025-11-16,paid,fulfilled,Germany,Berlin,Berlin,cust_00841,Linen Ceramic Vase,Decor,Casa Bonita,SKU-0041-01,Charcoal,1,37.99,0,37.99,142.86,EUR,mobile
#1929,2025-11-16,paid,fulfilled,Germany,Berlin,Berlin,cust_00841,Bamboo Garden Lantern,Outdoor,Terra Garden,SKU-0059-02,Large,2,40.04,0,80.08,142.86,EUR,mobile
#3455,2026-05-15,paid,fulfilled,France,Île-de-France,Versailles,cust_00543,Marble Cutting Board,Kitchen,Aurora Kitchen,SKU-0012-01,Small,1,15.09,0,15.09,87.83,EUR,web
#3455,2026-05-15,paid,fulfilled,France,Île-de-France,Versailles,cust_00543,Brass Floor Lamp,Lighting,Lumen Co,SKU-0039-02,,1,57.5,0,57.5,87.83,EUR,web
#2885,2026-02-24,refunded,fulfilled,Spain,Andalucía,Sevilla,cust_00728,Marble Bath Towel Set,Bath,Pure Bath,SKU-0057-01,,3,25.7,0,77.1,93.29,EUR,web
#3493,2026-05-19,paid,fulfilled,Netherlands,Noord-Holland,Amsterdam,cust_00995,Terracotta Woven Basket,Decor,Casa Bonita,SKU-0043-01,Small,1,17.85,0,17.85,99.72,EUR,web
#3493,2026-05-19,paid,fulfilled,Netherlands,Noord-Holland,Amsterdam,cust_00995,Bamboo Picture Frame,Decor,Casa Bonita,SKU-0042-02,Medium,2,32.28,0,64.56,99.72,EUR,web
#3084,2026-03-22,paid,fulfilled,Portugal,Lisboa,Lisboa,cust_00570,Brass Ceramic Vase,Decor,Casa Bonita,SKU-0049-01,,1,16.22,0,16.22,19.63,EUR,web
#2066,2025-11-27,paid,fulfilled,Portugal,Lisboa,Cascais,cust_00639,Marble Bath Mat,Bath,Pure Bath,SKU-0052-01,,1,31.82,4.84,26.98,60.95,EUR,web
#2066,2025-11-27,paid,fulfilled,Portugal,Lisboa,Cascais,cust_00639,Terracotta Outdoor Cushion,Outdoor,Terra Garden,SKU-0060-02,,1,23.39,0,23.39,60.95,EUR,web
#2780,2026-02-07,paid,fulfilled,Spain,Galicia,Vigo,cust_00503,Walnut Linen Duvet,Bedding,Nordic Sleep,SKU-0017-01,,2,44.07,0,88.14,159.42,EUR,web
#2780,2026-02-07,paid,fulfilled,Spain,Galicia,Vigo,cust_00503,Brass Candle Holder,Lighting,Lumen Co,SKU-0034-02,,1,43.61,0,43.61,159.42,EUR,web
#3286,2026-04-21,paid,fulfilled,Spain,Andalucía,Sevilla,cust_00750,Walnut Mixing Bowl,Kitchen,Aurora Kitchen,SKU-0008-01,,1,38.08,0,38.08,74.38,EUR,web
#3286,2026-04-21,paid,fulfilled,Spain,Andalucía,Sevilla,cust_00750,Terracotta Outdoor Cushion,Outdoor,Terra Garden,SKU-0060-02,,1,23.39,0,23.39,74.38,EUR,web
#1856,2025-11-11,paid,fulfilled,Italy,Lombardia,Bergamo,cust_00714,Ceramic Tea Kettle,Kitchen,Aurora Kitchen,SKU-0009-01,Small,2,13.93,0,27.86,33.71,EUR,web
#1735,2025-11-01,paid,fulfilled,Italy,Lazio,Roma,cust_00160,Oak Bath Towel Set,Bath,Pure Bath,SKU-0051-01,,1,25.27,1.78,23.49,28.42,EUR,web
#1782,2025-11-06,refunded,fulfilled,Germany,Hamburg,Hamburg,cust_00394,Bamboo Bookend Pair,Decor,Casa Bonita,SKU-0047-01,,1,14.92,0,14.92,18.05,EUR,web
#3706,2026-06-18,paid,fulfilled,Germany,Berlin,Berlin,cust_01078,Walnut Linen Duvet,Bedding,Nordic Sleep,SKU-0017-01,,1,44.07,0,44.07,53.32,EUR,web
#2678,2026-01-20,paid,fulfilled,Spain,Cataluña,Girona,cust_00067,Bamboo Picture Frame,Decor,Casa Bonita,SKU-0042-01,Charcoal,2,32.28,0,64.56,78.12,EUR,web
#1439,2025-09-30,paid,fulfilled,France,Occitanie,Toulouse,cust_00093,Linen Table Runner,Decor,Casa Bonita,SKU-0046-01,,1,22.74,0,22.74,27.52,EUR,web
#1415,2025-09-27,paid,fulfilled,France,Provence,Marseille,cust_00444,Walnut Wool Throw,Bedding,Nordic Sleep,SKU-0027-01,,3,63.89,0,191.67,231.92,EUR,mobile
#3361,2026-05-03,paid,fulfilled,Spain,Andalucía,Sevilla,cust_00534,Brass Wall Art Print,Decor,Casa Bonita,SKU-0044-01,Small,4,23.35,0,93.4,156.21,EUR,web
#3361,2026-05-03,paid,fulfilled,Spain,Andalucía,Sevilla,cust_00534,Terracotta Woven Basket,Decor,Casa Bonita,SKU-0043-02,,2,17.85,0,35.7,156.21,EUR,web
#3621,2026-06-05,paid,fulfilled,Italy,Lombardia,Milano,cust_00428,Marble Bath Mat,Bath,Pure Bath,SKU-0052-01,Natural,1,31.82,2.1,29.72,77.09,EUR,web
#3621,2026-06-05,paid,fulfilled,Italy,Lombardia,Milano,cust_00428,Stone Quilted Bedspread,Bedding,Nordic Sleep,SKU-0029-02,Small,1,33.99,0,33.99,77.09,EUR,web
#3520,2026-05-23,paid,fulfilled,Spain,Cataluña,Barcelona,cust_00059,Walnut Ceramic Bowl Set,Kitchen,Aurora Kitchen,SKU-0013-01,,1,41.03,3.98,37.05,209.34,EUR,web
#3520,2026-05-23,paid,fulfilled,Spain,Cataluña,Barcelona,cust_00059,Stone Quilted Bedspread,Bedding,Nordic Sleep,SKU-0029-02,,4,33.99,0,135.96,209.34,EUR,web
#1719,2025-10-30,paid,fulfilled,France,Île-de-France,Paris,cust_00378,Walnut Ceramic Bowl Set,Kitchen,Aurora Kitchen,SKU-0013-01,,2,41.03,0,82.06,152.62,EUR,web
#1719,2025-10-30,paid,fulfilled,France,Île-de-France,Paris,cust_00378,Walnut Linen Duvet,Bedding,Nordic Sleep,SKU-0017-02,,1,44.07,0,44.07,152.62,EUR,web
#2718,2026-01-27,paid,fulfilled,Germany,Berlin,Berlin,cust_01160,Marble Bath Towel Set,Bath,Pure Bath,SKU-0057-01,,1,25.7,0,25.7,31.1,EUR,web
#3691,2026-06-16,paid,fulfilled,Netherlands,Noord-Holland,Amsterdam,cust_00602,Bamboo Picture Frame,Decor,Casa Bonita,SKU-0042-01,,4,32.28,0,129.12,187.33,EUR,web
#3691,2026-06-16,paid,fulfilled,Netherlands,Noord-Holland,Amsterdam,cust_00602,Marble Bath Towel Set,Bath,Pure Bath,SKU-0057-02,Charcoal,1,25.7,0,25.7,187.33,EUR,web
#3521,2026-05-23,paid,fulfilled,Spain,Andalucía,Málaga,cust_00581,Oak Storage Jar,Kitchen,Aurora Kitchen,SKU-0006-01,,1,27.52,0,27.52,33.3,EUR,web
#2650,2026-01-17,paid,fulfilled,France,Occitanie,Montpellier,cust_00043,Copper String Lights,Lighting,Lumen Co,SKU-0035-01,Charcoal,1,40.63,2.75,37.88,132,EUR,web
#2650,2026-01-17,paid,fulfilled,France,Occitanie,Montpellier,cust_00043,Stone Bed Runner,Bedding,Nordic Sleep,SKU-0024-02,,1,47.82,0,47.82,132,EUR,web
#2650,2026-01-17,paid,fulfilled,France,Occitanie,Montpellier,cust_00043,Terracotta Outdoor Cushion,Outdoor,Terra Garden,SKU-0060-03,,1,23.39,0,23.39,132,EUR,web
#3187,2026-04-08,refunded,fulfilled,France,Occitanie,Montpellier,cust_01086,Terracotta Wall Mirror,Decor,Casa Bonita,SKU-0048-01,Large,2,24.68,0,49.36,59.73,EUR,web
#2725,2026-01-28,paid,fulfilled,Spain,Cataluña,Girona,cust_00083,Linen Table Runner,Decor,Casa Bonita,SKU-0046-01,,1,22.74,1.94,20.8,25.17,EUR,web
#3224,2026-04-14,paid,fulfilled,France,Île-de-France,Paris,cust_01091,Marble Bath Towel Set,Bath,Pure Bath,SKU-0057-01,,1,25.7,0,25.7,69.6,EUR,web
#3224,2026-04-14,paid,fulfilled,France,Île-de-France,Paris,cust_01091,Marble Bath Mat,Bath,Pure Bath,SKU-0052-02,,1,31.82,0,31.82,69.6,EUR,web
#3805,2026-06-30,paid,fulfilled,Spain,Madrid,Alcalá de Henares,cust_00871,Walnut Soap Dispenser,Bath,Pure Bath,SKU-0053-01,,1,31.22,0,31.22,37.78,EUR,web
#1774,2025-11-05,partially_refunded,fulfilled,Germany,Bayern,München,cust_00541,Bamboo Bookend Pair,Decor,Casa Bonita,SKU-0047-01,,2,14.92,0,29.84,52.85,EUR,web
#1774,2025-11-05,partially_refunded,fulfilled,Germany,Bayern,München,cust_00541,Marble Cutting Board,Kitchen,Aurora Kitchen,SKU-0012-02,,1,15.09,1.25,13.84,52.85,EUR,web
#1922,2025-11-16,paid,fulfilled,Germany,Hamburg,Hamburg,cust_00039,Terracotta Wall Mirror,Decor,Casa Bonita,SKU-0048-01,,1,24.68,0,24.68,56.53,EUR,web
#1922,2025-11-16,paid,fulfilled,Germany,Hamburg,Hamburg,cust_00039,Brass Wall Art Print,Decor,Casa Bonita,SKU-0044-02,,1,23.35,1.31,22.04,56.53,EUR,web
#1805,2025-11-07,paid,fulfilled,Spain,Galicia,A Coruña,cust_00712,Copper Wall Mirror,Decor,Casa Bonita,SKU-0040-01,,1,15.19,0,15.19,18.38,EUR,web
#3899,2026-07-14,paid,fulfilled,Germany,Hamburg,Hamburg,cust_00302,Copper Scented Candle,Decor,Casa Bonita,SKU-0045-01,Large,1,8.24,0.64,7.6,9.2,EUR,web
#2501,2025-12-29,paid,fulfilled,France,Occitanie,Toulouse,cust_01094,Bamboo Picture Frame,Decor,Casa Bonita,SKU-0042-01,Large,1,32.28,0,32.28,39.06,EUR,web
#1467,2025-10-04,paid,fulfilled,Germany,Hamburg,Hamburg,cust_00479,Oak Bath Towel Set,Bath,Pure Bath,SKU-0051-01,,1,25.27,0,25.27,30.58,EUR,web
#2735,2026-01-30,paid,fulfilled,Germany,Berlin,Berlin,cust_01160,Oak Chef Knife,Kitchen,Aurora Kitchen,SKU-0011-01,,2,33.15,0,66.3,119.28,EUR,web
#2735,2026-01-30,paid,fulfilled,Germany,Berlin,Berlin,cust_01160,Bamboo Picture Frame,Decor,Casa Bonita,SKU-0042-02,,1,32.28,0,32.28,119.28,EUR,web
#2467,2025-12-26,paid,fulfilled,Spain,Andalucía,Sevilla,cust_00889,Brass Candle Holder,Lighting,Lumen Co,SKU-0034-01,Medium,1,43.61,0,43.61,52.77,EUR,web
#2888,2026-02-25,paid,fulfilled,Spain,País Vasco,San Sebastián,cust_00475,Bamboo Picture Frame,Decor,Casa Bonita,SKU-0042-01,Large,1,32.28,0,32.28,39.06,EUR,pos
#1489,2025-10-06,paid,fulfilled,France,Occitanie,Toulouse,cust_00732,Marble Bath Towel Set,Bath,Pure Bath,SKU-0057-01,Charcoal,1,25.7,0,25.7,31.1,EUR,web
#3900,2026-07-14,paid,unfulfilled,France,Provence,Nice,cust_00070,Marble Bath Mat,Bath,Pure Bath,SKU-0052-01,,3,31.82,0,95.46,209.32,EUR,web
#3900,2026-07-14,paid,unfulfilled,France,Provence,Nice,cust_00070,Walnut Ceramic Bowl Set,Kitchen,Aurora Kitchen,SKU-0003-02,,2,44.02,10.51,77.53,209.32,EUR,web
#1275,2025-09-08,paid,fulfilled,Spain,Valencia,Valencia,cust_00997,Linen Reading Light,Lighting,Lumen Co,SKU-0036-01,Charcoal,1,30.35,2.36,27.99,33.87,EUR,web
#3435,2026-05-12,refunded,fulfilled,Spain,Madrid,Madrid,cust_00359,Oak Chef Knife,Kitchen,Aurora Kitchen,SKU-0001-01,,3,24.54,0,73.62,89.08,EUR,web
#3447,2026-05-13,paid,fulfilled,Italy,Lombardia,Bergamo,cust_00714,Copper Table Lamp,Lighting,Lumen Co,SKU-0030-01,,1,31.58,0,31.58,38.21,EUR,web
#3134,2026-04-01,paid,fulfilled,Spain,Andalucía,Sevilla,cust_00248,Linen Reading Light,Lighting,Lumen Co,SKU-0036-01,,1,30.35,0,30.35,36.72,EUR,web
#1340,2025-09-18,paid,fulfilled,Germany,Hamburg,Hamburg,cust_00590,Bamboo Bookend Pair,Decor,Casa Bonita,SKU-0047-01,,1,14.92,0,14.92,49.92,EUR,mobile
#1340,2025-09-18,paid,fulfilled,Germany,Hamburg,Hamburg,cust_00590,Marble Cutting Board,Kitchen,Aurora Kitchen,SKU-0002-02,Charcoal,2,13.17,0,26.34,49.92,EUR,mobile
#1003,2025-08-01,paid,fulfilled,Spain,Madrid,Madrid,cust_00253,Brass Wall Art Print,Decor,Casa Bonita,SKU-0044-01,,1,23.35,0,23.35,28.25,EUR,web
#1477,2025-10-05,paid,fulfilled,France,Provence,Nice,cust_00362,Terracotta Wall Sconce,Lighting,Lumen Co,SKU-0033-01,,1,24.53,0,24.53,89.07,EUR,web
#1477,2025-10-05,paid,fulfilled,France,Provence,Nice,cust_00362,Oak Chef Knife,Kitchen,Aurora Kitchen,SKU-0001-02,,2,24.54,0,49.08,89.07,EUR,web
#3876,2026-07-11,paid,fulfilled,Italy,Lombardia,Milano,cust_00049,Copper Wall Mirror,Decor,Casa Bonita,SKU-0040-01,,2,15.19,0,30.38,36.76,EUR,web
#2168,2025-12-05,paid,fulfilled,Spain,Andalucía,Málaga,cust_00030,Linen Pendant Light,Lighting,Lumen Co,SKU-0031-01,,1,45.87,0,45.87,82.82,EUR,web
#2168,2025-12-05,paid,fulfilled,Spain,Andalucía,Málaga,cust_00030,Ceramic Cast Iron Pan,Kitchen,Aurora Kitchen,SKU-0004-02,Charcoal,1,22.58,0,22.58,82.82,EUR,web
#3727,2026-06-20,paid,fulfilled,Spain,Andalucía,Sevilla,cust_01137,Bamboo Picture Frame,Decor,Casa Bonita,SKU-0042-01,,1,32.28,0,32.28,74.95,EUR,pos
#3727,2026-06-20,paid,fulfilled,Spain,Andalucía,Sevilla,cust_01137,Stone Quilted Bedspread,Bedding,Nordic Sleep,SKU-0029-02,Small,1,33.99,4.33,29.66,74.95,EUR,pos
#1737,2025-11-01,paid,fulfilled,Italy,Lazio,Roma,cust_00578,Terracotta Outdoor Cushion,Outdoor,Terra Garden,SKU-0060-01,Small,1,23.39,4.56,18.83,91,EUR,web
#1737,2025-11-01,paid,fulfilled,Italy,Lazio,Roma,cust_00578,Marble Bath Mat,Bath,Pure Bath,SKU-0052-02,,2,31.82,7.26,56.38,91,EUR,web
#1939,2025-11-17,paid,fulfilled,France,Île-de-France,Versailles,cust_00199,Ceramic Tea Kettle,Kitchen,Aurora Kitchen,SKU-0009-01,,1,13.93,1.07,12.86,15.56,EUR,web
#2566,2026-01-04,paid,fulfilled,Spain,Andalucía,Sevilla,cust_00620,Marble Cutting Board,Kitchen,Aurora Kitchen,SKU-0002-01,,1,13.17,0,13.17,15.94,EUR,web
#3126,2026-03-31,paid,fulfilled,Spain,Valencia,Alicante,cust_00170,Walnut Soap Dispenser,Bath,Pure Bath,SKU-0053-01,,1,31.22,0,31.22,37.78,EUR,web
#3025,2026-03-15,paid,fulfilled,Germany,Hamburg,Hamburg,cust_00020,Walnut Mixing Bowl,Kitchen,Aurora Kitchen,SKU-0008-01,,1,38.08,2.75,35.33,81.93,EUR,pos
#3025,2026-03-15,paid,fulfilled,Germany,Hamburg,Hamburg,cust_00020,Copper Wall Mirror,Decor,Casa Bonita,SKU-0040-02,,1,15.19,0,15.19,81.93,EUR,pos
#3025,2026-03-15,paid,fulfilled,Germany,Hamburg,Hamburg,cust_00020,Copper Picture Frame,Decor,Casa Bonita,SKU-0050-03,,1,17.19,0,17.19,81.93,EUR,pos
#2665,2026-01-18,paid,fulfilled,Netherlands,Zuid-Holland,Rotterdam,cust_00281,Ceramic Cast Iron Pan,Kitchen,Aurora Kitchen,SKU-0014-01,,2,40.12,0,80.24,97.09,EUR,pos
#3238,2026-04-16,paid,fulfilled,Netherlands,Noord-Holland,Haarlem,cust_00904,Terracotta Outdoor Cushion,Outdoor,Terra Garden,SKU-0060-01,Small,4,23.39,0,93.56,113.21,EUR,web
#2482,2025-12-28,paid,fulfilled,France,Provence,Marseille,cust_00994,Terracotta Outdoor Cushion,Outdoor,Terra Garden,SKU-0060-01,,1,23.39,0,23.39,109.09,EUR,web
#2482,2025-12-28,paid,fulfilled,France,Provence,Marseille,cust_00994,Marble Cotton Sheet Set,Bedding,Nordic Sleep,SKU-0026-02,Natural,1,66.77,0,66.77,109.09,EUR,web
#1869,2025-11-12,paid,fulfilled,France,Occitanie,Montpellier,cust_00418,Ceramic Cast Iron Pan,Kitchen,Aurora Kitchen,SKU-0004-01,,2,22.58,0,45.16,54.64,EUR,web
#3089,2026-03-23,paid,fulfilled,Germany,Hamburg,Hamburg,cust_00493,Marble Bath Mat,Bath,Pure Bath,SKU-0052-01,,1,31.82,4.63,27.19,32.9,EUR,web
#3826,2026-07-03,paid,fulfilled,Spain,Cataluña,Barcelona,cust_00068,Linen Reading Light,Lighting,Lumen Co,SKU-0036-01,,2,30.35,0,60.7,73.45,EUR,web
#2634,2026-01-14,paid,fulfilled,Italy,Lombardia,Bergamo,cust_01001,Terracotta Outdoor Cushion,Outdoor,Terra Garden,SKU-0060-01,,2,23.39,4.73,42.05,80.57,EUR,web
#2634,2026-01-14,paid,fulfilled,Italy,Lombardia,Bergamo,cust_01001,Oak Chef Knife,Kitchen,Aurora Kitchen,SKU-0001-02,Charcoal,1,24.54,0,24.54,80.57,EUR,web
#3176,2026-04-07,paid,fulfilled,Portugal,Lisboa,Lisboa,cust_00288,Stone Espresso Mug,Kitchen,Aurora Kitchen,SKU-0005-01,,2,17.01,0,34.02,96,EUR,web
#3176,2026-04-07,paid,fulfilled,Portugal,Lisboa,Lisboa,cust_00288,Ceramic Cast Iron Pan,Kitchen,Aurora Kitchen,SKU-0004-02,Natural,1,22.58,0,22.58,96,EUR,web
#3176,2026-04-07,paid,fulfilled,Portugal,Lisboa,Lisboa,cust_00288,Linen Table Runner,Decor,Casa Bonita,SKU-0046-03,Medium,1,22.74,0,22.74,96,EUR,web
#2391,2025-12-21,paid,fulfilled,Spain,Valencia,Valencia,cust_00997,Marble Bath Mat,Bath,Pure Bath,SKU-0052-01,,1,31.82,0,31.82,60.1,EUR,web
#2391,2025-12-21,paid,fulfilled,Spain,Valencia,Valencia,cust_00997,Terracotta Woven Basket,Decor,Casa Bonita,SKU-0043-02,Natural,1,17.85,0,17.85,60.1,EUR,web
#1637,2025-10-21,paid,fulfilled,France,Île-de-France,Versailles,cust_00676,Linen Table Runner,Decor,Casa Bonita,SKU-0046-01,,1,22.74,0,22.74,66.02,EUR,web
#1637,2025-10-21,paid,fulfilled,France,Île-de-France,Versailles,cust_00676,Marble Bath Mat,Bath,Pure Bath,SKU-0052-02,,1,31.82,0,31.82,66.02,EUR,web
#3997,2026-07-31,paid,fulfilled,France,Provence,Nice,cust_00218,Stone Robe,Bath,Pure Bath,SKU-0055-01,,1,27.66,0,27.66,33.47,EUR,web
#2676,2026-01-20,paid,fulfilled,Italy,Lombardia,Milano,cust_00191,Terracotta Outdoor Cushion,Outdoor,Terra Garden,SKU-0060-01,Medium,1,23.39,1.97,21.42,87.82,EUR,web
#2676,2026-01-20,paid,fulfilled,Italy,Lombardia,Milano,cust_00191,Marble Cutting Board,Kitchen,Aurora Kitchen,SKU-0002-02,Charcoal,1,13.17,0,13.17,87.82,EUR,web
#2676,2026-01-20,paid,fulfilled,Italy,Lombardia,Milano,cust_00191,Linen Ceramic Vase,Decor,Casa Bonita,SKU-0041-03,,1,37.99,0,37.99,87.82,EUR,web
#3502,2026-05-20,paid,fulfilled,Spain,Cataluña,Barcelona,cust_00604,Linen Planter Pot,Outdoor,Terra Garden,SKU-0058-01,,1,32.68,0,32.68,39.54,EUR,web
#1539,2025-10-12,paid,fulfilled,France,Île-de-France,Paris,cust_00340,Walnut Linen Duvet,Bedding,Nordic Sleep,SKU-0017-01,,1,44.07,0,44.07,53.32,EUR,web
#1186,2025-08-28,paid,fulfilled,France,Occitanie,Montpellier,cust_01011,Oak Storage Jar,Kitchen,Aurora Kitchen,SKU-0016-01,Small,1,23.74,0,23.74,124.63,EUR,web
#1186,2025-08-28,paid,fulfilled,France,Occitanie,Montpellier,cust_01011,Marble Cutting Board,Kitchen,Aurora Kitchen,SKU-0012-02,,2,15.09,0,30.18,124.63,EUR,web
#1186,2025-08-28,paid,fulfilled,France,Occitanie,Montpellier,cust_01011,Oak Chef Knife,Kitchen,Aurora Kitchen,SKU-0001-03,,2,24.54,0,49.08,124.63,EUR,web
#2843,2026-02-18,refunded,fulfilled,Portugal,Lisboa,Cascais,cust_00111,Bamboo Picture Frame,Decor,Casa Bonita,SKU-0042-01,,1,32.28,0,32.28,39.06,EUR,web
#1740,2025-11-01,refunded,fulfilled,Germany,Hamburg,Hamburg,cust_00998,Linen Reading Light,Lighting,Lumen Co,SKU-0036-01,,2,30.35,9.96,50.74,61.4,EUR,web
#1646,2025-10-22,paid,fulfilled,Germany,Bayern,München,cust_00807,Oak Storage Jar,Kitchen,Aurora Kitchen,SKU-0016-01,,1,23.74,0,23.74,59.82,EUR,pos
#1646,2025-10-22,paid,fulfilled,Germany,Bayern,München,cust_00807,Marble Bath Towel Set,Bath,Pure Bath,SKU-0057-02,Small,1,25.7,0,25.7,59.82,EUR,pos
#2786,2026-02-08,paid,fulfilled,Spain,Valencia,Alicante,cust_00857,Brass Wall Art Print,Decor,Casa Bonita,SKU-0044-01,Natural,1,23.35,4.6,18.75,144.18,EUR,mobile
#2786,2026-02-08,paid,fulfilled,Spain,Valencia,Alicante,cust_00857,Terracotta Pendant Light,Lighting,Lumen Co,SKU-0038-02,,1,38.48,2.41,36.07,144.18,EUR,mobile
#2786,2026-02-08,paid,fulfilled,Spain,Valencia,Alicante,cust_00857,Stone Quilted Bedspread,Bedding,Nordic Sleep,SKU-0029-03,,1,33.99,0,33.99,144.18,EUR,mobile
#2786,2026-02-08,paid,fulfilled,Spain,Valencia,Alicante,cust_00857,Linen Reading Light,Lighting,Lumen Co,SKU-0036-04,,1,30.35,0,30.35,144.18,EUR,mobile
#3964,2026-07-24,paid,partial,Portugal,Lisboa,Cascais,cust_00625,Brass Wall Art Print,Decor,Casa Bonita,SKU-0044-01,,2,23.35,2.84,43.86,188.97,EUR,web
#3964,2026-07-24,paid,partial,Portugal,Lisboa,Cascais,cust_00625,Stone Bed Runner,Bedding,Nordic Sleep,SKU-0024-02,Small,1,47.82,0,47.82,188.97,EUR,web
#3964,2026-07-24,paid,partial,Portugal,Lisboa,Cascais,cust_00625,Ceramic Cast Iron Pan,Kitchen,Aurora Kitchen,SKU-0004-03,,2,22.58,6.37,38.79,188.97,EUR,web
#3964,2026-07-24,paid,partial,Portugal,Lisboa,Cascais,cust_00625,Marble Bath Towel Set,Bath,Pure Bath,SKU-0057-04,,1,25.7,0,25.7,188.97,EUR,web
#1842,2025-11-10,refunded,fulfilled,Spain,Madrid,Alcalá de Henares,cust_00727,Marble Bath Towel Set,Bath,Pure Bath,SKU-0057-01,,3,25.7,0,77.1,93.29,EUR,web
#2594,2026-01-08,partially_refunded,fulfilled,Spain,País Vasco,Bilbao,cust_00595,Terracotta Woven Basket,Decor,Casa Bonita,SKU-0043-01,,1,17.85,0,17.85,21.6,EUR,web
#1911,2025-11-15,paid,fulfilled,France,Île-de-France,Paris,cust_00771,Linen Planter Pot,Outdoor,Terra Garden,SKU-0058-01,Large,4,32.68,21.98,108.74,131.58,EUR,web
#3770,2026-06-25,paid,fulfilled,Spain,País Vasco,San Sebastián,cust_01163,Terracotta Woven Basket,Decor,Casa Bonita,SKU-0043-01,,1,17.85,0,17.85,55.08,EUR,web
#3770,2026-06-25,paid,fulfilled,Spain,País Vasco,San Sebastián,cust_01163,Marble Bath Mat,Bath,Pure Bath,SKU-0052-02,Charcoal,1,31.82,4.15,27.67,55.08,EUR,web
#2220,2025-12-08,paid,fulfilled,Portugal,Lisboa,Cascais,cust_00625,Ceramic Shower Curtain,Bath,Pure Bath,SKU-0054-01,,3,32.3,0,96.9,227.81,EUR,web
#2220,2025-12-08,paid,fulfilled,Portugal,Lisboa,Cascais,cust_00625,Terracotta Outdoor Cushion,Outdoor,Terra Garden,SKU-0060-02,,1,23.39,0,23.39,227.81,EUR,web
#2220,2025-12-08,paid,fulfilled,Portugal,Lisboa,Cascais,cust_00625,Stone Quilted Bedspread,Bedding,Nordic Sleep,SKU-0029-03,,2,33.99,0,67.98,227.81,EUR,web
#1304,2025-09-12,paid,fulfilled,France,Occitanie,Toulouse,cust_00202,Marble Cotton Sheet Set,Bedding,Nordic Sleep,SKU-0026-01,,1,66.77,5.54,61.23,74.09,EUR,web
#2719,2026-01-27,paid,fulfilled,France,Occitanie,Toulouse,cust_00844,Linen Reading Light,Lighting,Lumen Co,SKU-0036-01,,1,30.35,0,30.35,36.72,EUR,web
#2858,2026-02-20,paid,fulfilled,Germany,Bayern,München,cust_01112,Stone Quilted Bedspread,Bedding,Nordic Sleep,SKU-0029-01,,3,33.99,0,101.97,153.08,EUR,web
#2858,2026-02-20,paid,fulfilled,Germany,Bayern,München,cust_01112,Oak Chef Knife,Kitchen,Aurora Kitchen,SKU-0001-02,,1,24.54,0,24.54,153.08,EUR,web
#1986,2025-11-21,paid,fulfilled,Spain,País Vasco,San Sebastián,cust_00599,Stone Serving Platter,Kitchen,Aurora Kitchen,SKU-0010-01,,1,28.1,4.85,23.25,81.71,EUR,web
#1986,2025-11-21,paid,fulfilled,Spain,País Vasco,San Sebastián,cust_00599,Oak Chef Knife,Kitchen,Aurora Kitchen,SKU-0001-02,,1,24.54,0,24.54,81.71,EUR,web
#1986,2025-11-21,paid,fulfilled,Spain,País Vasco,San Sebastián,cust_00599,Brass Wall Art Print,Decor,Casa Bonita,SKU-0044-03,,1,23.35,3.61,19.74,81.71,EUR,web
#1094,2025-08-14,paid,fulfilled,Germany,Berlin,Berlin,cust_01090,Walnut Wool Throw,Bedding,Nordic Sleep,SKU-0027-01,,1,63.89,0,63.89,153.73,EUR,web
#1094,2025-08-14,paid,fulfilled,Germany,Berlin,Berlin,cust_01090,Copper Table Lamp,Lighting,Lumen Co,SKU-0030-02,,2,31.58,0,63.16,153.73,EUR,web
#3519,2026-05-23,paid,fulfilled,Portugal,Lisboa,Lisboa,cust_00991,Ceramic Cast Iron Pan,Kitchen,Aurora Kitchen,SKU-0004-01,Large,1,22.58,0,22.58,133.32,EUR,web
#3519,2026-05-23,paid,fulfilled,Portugal,Lisboa,Lisboa,cust_00991,Bamboo Picture Frame,Decor,Casa Bonita,SKU-0042-02,Small,1,32.28,0,32.28,133.32,EUR,web
#3519,2026-05-23,paid,fulfilled,Portugal,Lisboa,Lisboa,cust_00991,Stone Robe,Bath,Pure Bath,SKU-0055-03,,2,27.66,0,55.32,133.32,EUR,web
#2701,2026-01-24,paid,fulfilled,Spain,Andalucía,Sevilla,cust_00569,Stone Quilted Bedspread,Bedding,Nordic Sleep,SKU-0029-01,Medium,1,33.99,0,33.99,41.13,EUR,web
#3989,2026-07-30,paid,fulfilled,Netherlands,Noord-Holland,Amsterdam,cust_01101,Brass Ceramic Vase,Decor,Casa Bonita,SKU-0049-01,Large,2,16.22,0,32.44,39.25,EUR,web
#1591,2025-10-18,paid,fulfilled,Spain,Madrid,Madrid,cust_00467,Brass Candle Holder,Lighting,Lumen Co,SKU-0034-01,,1,43.61,0,43.61,124.12,EUR,web
#1591,2025-10-18,paid,fulfilled,Spain,Madrid,Madrid,cust_00467,Terracotta Outdoor Cushion,Outdoor,Terra Garden,SKU-0060-02,Charcoal,1,23.39,4.54,18.85,124.12,EUR,web
#1591,2025-10-18,paid,fulfilled,Spain,Madrid,Madrid,cust_00467,Ceramic Cast Iron Pan,Kitchen,Aurora Kitchen,SKU-0014-03,Large,1,40.12,0,40.12,124.12,EUR,web
#2420,2025-12-23,paid,fulfilled,France,Provence,Marseille,cust_01176,Brass Ceramic Vase,Decor,Casa Bonita,SKU-0049-01,,1,16.22,0,16.22,19.63,EUR,web
#1745,2025-11-02,paid,fulfilled,Spain,Galicia,Vigo,cust_00503,Walnut Wool Throw,Bedding,Nordic Sleep,SKU-0027-01,Charcoal,1,63.89,0,63.89,77.31,EUR,web
#1802,2025-11-07,paid,fulfilled,Spain,Galicia,A Coruña,cust_00272,Bamboo Table Lamp,Lighting,Lumen Co,SKU-0037-01,,2,39.74,0,79.48,96.17,EUR,web
#3419,2026-05-11,paid,fulfilled,Spain,Galicia,Vigo,cust_00214,Brass Wall Art Print,Decor,Casa Bonita,SKU-0044-01,,1,23.35,0,23.35,55.58,EUR,web
#3419,2026-05-11,paid,fulfilled,Spain,Galicia,Vigo,cust_00214,Ceramic Cast Iron Pan,Kitchen,Aurora Kitchen,SKU-0004-02,,1,22.58,0,22.58,55.58,EUR,web
#3053,2026-03-18,paid,fulfilled,Portugal,Lisboa,Lisboa,cust_00744,Terracotta Outdoor Cushion,Outdoor,Terra Garden,SKU-0060-01,,1,23.39,0,23.39,28.3,EUR,web
#2259,2025-12-11,paid,fulfilled,Netherlands,Zuid-Holland,Rotterdam,cust_00281,Copper Scented Candle,Decor,Casa Bonita,SKU-0045-01,,1,8.24,0,8.24,9.97,EUR,web
#3243,2026-04-16,paid,fulfilled,Spain,Valencia,Alicante,cust_00031,Terracotta Wall Sconce,Lighting,Lumen Co,SKU-0033-01,,2,24.53,4.69,44.37,73.31,EUR,web
#3243,2026-04-16,paid,fulfilled,Spain,Valencia,Alicante,cust_00031,Brass Ceramic Vase,Decor,Casa Bonita,SKU-0049-02,Small,1,16.22,0,16.22,73.31,EUR,web
#2565,2026-01-04,paid,fulfilled,Spain,Valencia,Alicante,cust_00156,Ceramic Cast Iron Pan,Kitchen,Aurora Kitchen,SKU-0004-01,,1,22.58,0,22.58,107.62,EUR,web
#2565,2026-01-04,paid,fulfilled,Spain,Valencia,Alicante,cust_00156,Brass Wall Art Print,Decor,Casa Bonita,SKU-0044-02,,3,23.35,3.69,66.36,107.62,EUR,web
#3715,2026-06-18,paid,fulfilled,Spain,Madrid,Alcalá de Henares,cust_00759,Brass Ceramic Vase,Decor,Casa Bonita,SKU-0049-01,,1,16.22,0,16.22,19.63,EUR,pos
#2444,2025-12-25,paid,fulfilled,Germany,Bayern,München,cust_00421,Ceramic Tea Kettle,Kitchen,Aurora Kitchen,SKU-0009-01,,1,13.93,0,13.93,16.86,EUR,web
#2627,2026-01-13,paid,fulfilled,France,Île-de-France,Paris,cust_00307,Brass Wall Art Print,Decor,Casa Bonita,SKU-0044-01,Medium,1,23.35,0,23.35,55.58,EUR,web
#2627,2026-01-13,paid,fulfilled,France,Île-de-France,Paris,cust_00307,Ceramic Cast Iron Pan,Kitchen,Aurora Kitchen,SKU-0004-02,,1,22.58,0,22.58,55.58,EUR,web
#3390,2026-05-07,paid,fulfilled,Spain,Andalucía,Málaga,cust_00033,Oak Chef Knife,Kitchen,Aurora Kitchen,SKU-0011-01,,2,33.15,0,66.3,118.73,EUR,web
#3390,2026-05-07,paid,fulfilled,Spain,Andalucía,Málaga,cust_00033,Marble Bath Mat,Bath,Pure Bath,SKU-0052-02,Large,1,31.82,0,31.82,118.73,EUR,web
#1015,2025-08-03,paid,fulfilled,Spain,País Vasco,Bilbao,cust_00482,Brass Wall Art Print,Decor,Casa Bonita,SKU-0044-01,Charcoal,1,23.35,0,23.35,28.25,EUR,web
#2681,2026-01-21,paid,fulfilled,Portugal,Lisboa,Lisboa,cust_00342,Stone Quilted Bedspread,Bedding,Nordic Sleep,SKU-0029-01,Natural,1,33.99,0,33.99,41.13,EUR,mobile
#1291,2025-09-10,paid,fulfilled,Spain,País Vasco,San Sebastián,cust_00432,Stone Serving Platter,Kitchen,Aurora Kitchen,SKU-0010-01,Medium,1,28.1,0,28.1,73.06,EUR,web
#1291,2025-09-10,paid,fulfilled,Spain,País Vasco,San Sebastián,cust_00432,Bamboo Picture Frame,Decor,Casa Bonita,SKU-0042-02,,1,32.28,0,32.28,73.06,EUR,web
#1620,2025-10-20,paid,fulfilled,Spain,Cataluña,Barcelona,cust_00068,Bamboo Picture Frame,Decor,Casa Bonita,SKU-0042-01,,1,32.28,0,32.28,39.06,EUR,pos
#1918,2025-11-15,paid,fulfilled,Germany,Bayern,München,cust_00673,Walnut Wool Throw,Bedding,Nordic Sleep,SKU-0027-01,Charcoal,3,63.89,0,191.67,231.92,EUR,web
#3170,2026-04-06,paid,fulfilled,Portugal,Porto,Braga,cust_00016,Copper Scented Candle,Decor,Casa Bonita,SKU-0045-01,,2,8.24,0,16.48,19.94,EUR,web
#2657,2026-01-17,paid,fulfilled,Spain,Andalucía,Málaga,cust_00030,Brass Ceramic Vase,Decor,Casa Bonita,SKU-0049-01,Charcoal,1,16.22,0,16.22,106.43,EUR,web
#2657,2026-01-17,paid,fulfilled,Spain,Andalucía,Málaga,cust_00030,Stone Wool Throw,Bedding,Nordic Sleep,SKU-0019-02,Natural,2,39.48,7.22,71.74,106.43,EUR,web
#2667,2026-01-19,paid,fulfilled,Spain,País Vasco,San Sebastián,cust_00350,Stone Robe,Bath,Pure Bath,SKU-0055-01,,2,27.66,0,55.32,135.12,EUR,pos
#2667,2026-01-19,paid,fulfilled,Spain,País Vasco,San Sebastián,cust_00350,Marble Cotton Sheet Set,Bedding,Nordic Sleep,SKU-0026-02,,1,66.77,10.42,56.35,135.12,EUR,pos
#1547,2025-10-13,paid,fulfilled,France,Provence,Nice,cust_00102,Marble Cutting Board,Kitchen,Aurora Kitchen,SKU-0002-01,,1,13.17,0,13.17,15.94,EUR,web
#1965,2025-11-19,paid,fulfilled,Spain,País Vasco,Bilbao,cust_00692,Brass Wall Art Print,Decor,Casa Bonita,SKU-0044-01,Natural,1,23.35,0,23.35,65.01,EUR,pos
#1965,2025-11-19,paid,fulfilled,Spain,País Vasco,Bilbao,cust_00692,Copper Wall Mirror,Decor,Casa Bonita,SKU-0040-02,,2,15.19,0,30.38,65.01,EUR,pos
#2671,2026-01-20,paid,fulfilled,Spain,Andalucía,Málaga,cust_00030,Bamboo Table Lamp,Lighting,Lumen Co,SKU-0037-01,Natural,1,39.74,6.83,32.91,39.82,EUR,web
#3248,2026-04-17,paid,fulfilled,Spain,Valencia,Valencia,cust_01115,Marble Bath Mat,Bath,Pure Bath,SKU-0052-01,Medium,1,31.82,0,31.82,38.5,EUR,web
#2183,2025-12-06,paid,fulfilled,Italy,Lombardia,Bergamo,cust_00918,Brass Ceramic Vase,Decor,Casa Bonita,SKU-0049-01,,1,16.22,0.93,15.29,18.5,EUR,web
#2629,2026-01-13,refunded,fulfilled,Netherlands,Noord-Holland,Amsterdam,cust_00749,Walnut Mattress Topper,Bedding,Nordic Sleep,SKU-0022-01,,1,62.76,0,62.76,112.66,EUR,web
#2629,2026-01-13,refunded,fulfilled,Netherlands,Noord-Holland,Amsterdam,cust_00749,Linen Reading Light,Lighting,Lumen Co,SKU-0036-02,,1,30.35,0,30.35,112.66,EUR,web
#1177,2025-08-27,paid,fulfilled,France,Provence,Nice,cust_00218,Ceramic Cast Iron Pan,Kitchen,Aurora Kitchen,SKU-0004-01,Small,2,22.58,0,45.16,54.64,EUR,web
#2851,2026-02-19,paid,fulfilled,France,Île-de-France,Paris,cust_00046,Marble Cutting Board,Kitchen,Aurora Kitchen,SKU-0012-01,,2,15.09,0,30.18,75.77,EUR,web
#2851,2026-02-19,paid,fulfilled,France,Île-de-France,Paris,cust_00046,Brass Ceramic Vase,Decor,Casa Bonita,SKU-0049-02,,2,16.22,0,32.44,75.77,EUR,web
#1180,2025-08-27,paid,fulfilled,France,Occitanie,Toulouse,cust_00703,Marble Cutting Board,Kitchen,Aurora Kitchen,SKU-0002-01,Medium,1,13.17,0,13.17,15.94,EUR,web
#3191,2026-04-09,paid,fulfilled,Italy,Lazio,Roma,cust_00005,Marble Cutting Board,Kitchen,Aurora Kitchen,SKU-0002-01,Natural,1,13.17,2.35,10.82,13.09,EUR,web
#3129,2026-04-01,paid,fulfilled,Germany,Hamburg,Hamburg,cust_00715,Ceramic Cast Iron Pan,Kitchen,Aurora Kitchen,SKU-0004-01,,2,22.58,0,45.16,124.29,EUR,web
#3129,2026-04-01,paid,fulfilled,Germany,Hamburg,Hamburg,cust_00715,Bamboo Picture Frame,Decor,Casa Bonita,SKU-0042-02,Small,2,32.28,7,57.56,124.29,EUR,web
#3541,2026-05-25,paid,fulfilled,Spain,Galicia,A Coruña,cust_00947,Ceramic Cast Iron Pan,Kitchen,Aurora Kitchen,SKU-0004-01,,1,22.58,2.06,20.52,24.83,EUR,web
#1935,2025-11-16,paid,fulfilled,Italy,Lombardia,Bergamo,cust_00780,Bamboo Bookend Pair,Decor,Casa Bonita,SKU-0047-01,Small,1,14.92,1.83,13.09,43.16,EUR,web
#1935,2025-11-16,paid,fulfilled,Italy,Lombardia,Bergamo,cust_00780,Ceramic Cast Iron Pan,Kitchen,Aurora Kitchen,SKU-0004-02,Medium,1,22.58,0,22.58,43.16,EUR,web
#2433,2025-12-24,paid,fulfilled,France,Provence,Nice,cust_00025,Walnut Mattress Topper,Bedding,Nordic Sleep,SKU-0022-01,,1,62.76,0,62.76,132.45,EUR,web
#2433,2025-12-24,paid,fulfilled,France,Provence,Nice,cust_00025,Brass Wall Art Print,Decor,Casa Bonita,SKU-0044-02,Natural,2,23.35,0,46.7,132.45,EUR,web
#1694,2025-10-27,paid,fulfilled,Italy,Lombardia,Milano,cust_00191,Ceramic Tea Kettle,Kitchen,Aurora Kitchen,SKU-0009-01,,2,13.93,5.16,22.7,27.47,EUR,pos
#3638,2026-06-07,paid,fulfilled,Germany,Berlin,Berlin,cust_00828,Marble Bath Towel Set,Bath,Pure Bath,SKU-0057-01,,1,25.7,0,25.7,31.1,EUR,web
#2522,2025-12-30,paid,fulfilled,Portugal,Porto,Porto,cust_00609,Oak Vanity Tray,Bath,Pure Bath,SKU-0056-01,Charcoal,2,24.8,4.82,44.78,72.24,EUR,web
#2522,2025-12-30,paid,fulfilled,Portugal,Porto,Porto,cust_00609,Bamboo Bookend Pair,Decor,Casa Bonita,SKU-0047-02,,1,14.92,0,14.92,72.24,EUR,web
#2659,2026-01-17,paid,fulfilled,Spain,Cataluña,Girona,cust_00588,Oak Chef Knife,Kitchen,Aurora Kitchen,SKU-0001-01,,1,24.54,0,24.54,29.69,EUR,web
#2326,2025-12-16,paid,fulfilled,Italy,Lombardia,Bergamo,cust_00776,Marble Bath Towel Set,Bath,Pure Bath,SKU-0057-01,Small,1,25.7,0,25.7,31.1,EUR,web
#3152,2026-04-04,paid,fulfilled,France,Île-de-France,Versailles,cust_00911,Stone Wool Throw,Bedding,Nordic Sleep,SKU-0019-01,Natural,3,39.48,19.87,98.57,187.56,EUR,web
#3152,2026-04-04,paid,fulfilled,France,Île-de-France,Versailles,cust_00911,Marble Bath Mat,Bath,Pure Bath,SKU-0052-02,,1,31.82,4.27,27.55,187.56,EUR,web
#3152,2026-04-04,paid,fulfilled,France,Île-de-France,Versailles,cust_00911,Bamboo Picture Frame,Decor,Casa Bonita,SKU-0042-03,,1,32.28,3.39,28.89,187.56,EUR,web
#3522,2026-05-23,paid,fulfilled,Spain,Galicia,Vigo,cust_00617,Oak Chef Knife,Kitchen,Aurora Kitchen,SKU-0001-01,Natural,1,24.54,4.68,19.86,141.63,EUR,web
#3522,2026-05-23,paid,fulfilled,Spain,Galicia,Vigo,cust_00617,Marble Bath Mat,Bath,Pure Bath,SKU-0052-02,Medium,1,31.82,0,31.82,141.63,EUR,web
#3522,2026-05-23,paid,fulfilled,Spain,Galicia,Vigo,cust_00617,Copper Wall Mirror,Decor,Casa Bonita,SKU-0040-03,,1,15.19,0,15.19,141.63,EUR,web
#3522,2026-05-23,paid,fulfilled,Spain,Galicia,Vigo,cust_00617,Stone Robe,Bath,Pure Bath,SKU-0055-04,Small,2,27.66,5.14,50.18,141.63,EUR,web
#2472,2025-12-27,paid,fulfilled,Spain,Cataluña,Barcelona,cust_00825,Stone Quilted Bedspread,Bedding,Nordic Sleep,SKU-0029-01,,1,33.99,0,33.99,148.94,EUR,pos
#2472,2025-12-27,paid,fulfilled,Spain,Cataluña,Barcelona,cust_00825,Oak Chef Knife,Kitchen,Aurora Kitchen,SKU-0001-02,,1,24.54,0,24.54,148.94,EUR,pos
#2472,2025-12-27,paid,fulfilled,Spain,Cataluña,Barcelona,cust_00825,Bamboo Picture Frame,Decor,Casa Bonita,SKU-0042-03,,2,32.28,0,64.56,148.94,EUR,pos
#2711,2026-01-26,paid,fulfilled,Spain,Madrid,Madrid,cust_00836,Ceramic Tea Kettle,Kitchen,Aurora Kitchen,SKU-0009-01,Charcoal,1,13.93,0,13.93,178.97,EUR,web
#2711,2026-01-26,paid,fulfilled,Spain,Madrid,Madrid,cust_00836,Walnut Linen Duvet,Bedding,Nordic Sleep,SKU-0017-02,Charcoal,2,44.07,9.48,78.66,178.97,EUR,web
#2711,2026-01-26,paid,fulfilled,Spain,Madrid,Madrid,cust_00836,Stone Robe,Bath,Pure Bath,SKU-0055-03,,2,27.66,0,55.32,178.97,EUR,web
#2243,2025-12-11,paid,fulfilled,Netherlands,Noord-Holland,Haarlem,cust_00017,Linen Reading Light,Lighting,Lumen Co,SKU-0036-01,,2,30.35,8.23,52.47,131.21,EUR,web
#2243,2025-12-11,paid,fulfilled,Netherlands,Noord-Holland,Haarlem,cust_00017,Oak Chef Knife,Kitchen,Aurora Kitchen,SKU-0001-02,,1,24.54,0,24.54,131.21,EUR,web
#2243,2025-12-11,paid,fulfilled,Netherlands,Noord-Holland,Haarlem,cust_00017,Stone Quilted Bedspread,Bedding,Nordic Sleep,SKU-0029-03,Charcoal,1,33.99,2.56,31.43,131.21,EUR,web
#2319,2025-12-16,refunded,fulfilled,France,Provence,Nice,cust_00362,Bamboo Picture Frame,Decor,Casa Bonita,SKU-0042-01,,1,32.28,0,32.28,39.06,EUR,web
#1474,2025-10-05,paid,fulfilled,Spain,Andalucía,Málaga,cust_00242,Walnut Soap Dispenser,Bath,Pure Bath,SKU-0053-01,Large,1,31.22,3.99,27.23,32.95,EUR,web
#3944,2026-07-22,paid,fulfilled,Italy,Lombardia,Milano,cust_00916,Marble Bath Mat,Bath,Pure Bath,SKU-0052-01,,1,31.82,1.69,30.13,61.61,EUR,web
#3944,2026-07-22,paid,fulfilled,Italy,Lombardia,Milano,cust_00916,Brass Wall Art Print,Decor,Casa Bonita,SKU-0044-02,,1,23.35,2.56,20.79,61.61,EUR,web
#3630,2026-06-06,paid,fulfilled,Germany,Berlin,Berlin,cust_00041,Walnut Mixing Bowl,Kitchen,Aurora Kitchen,SKU-0008-01,,2,38.08,0,76.16,145.73,EUR,web
#3630,2026-06-06,paid,fulfilled,Germany,Berlin,Berlin,cust_00041,Linen Reading Light,Lighting,Lumen Co,SKU-0036-02,,1,30.35,0,30.35,145.73,EUR,web
#3630,2026-06-06,paid,fulfilled,Germany,Berlin,Berlin,cust_00041,Ceramic Tea Kettle,Kitchen,Aurora Kitchen,SKU-0009-03,,1,13.93,0,13.93,145.73,EUR,web
#3292,2026-04-22,paid,fulfilled,France,Occitanie,Toulouse,cust_00527,Bamboo Picture Frame,Decor,Casa Bonita,SKU-0042-01,,1,32.28,0,32.28,39.06,EUR,web
#3603,2026-06-02,paid,fulfilled,Italy,Lombardia,Bergamo,cust_00776,Walnut Mattress Topper,Bedding,Nordic Sleep,SKU-0022-01,,1,62.76,8.14,54.62,66.09,EUR,web
#1926,2025-11-16,paid,fulfilled,Spain,Valencia,Valencia,cust_00927,Linen Reading Light,Lighting,Lumen Co,SKU-0036-01,,1,30.35,0,30.35,53.54,EUR,web
#1926,2025-11-16,paid,fulfilled,Spain,Valencia,Valencia,cust_00927,Brass Ceramic Vase,Decor,Casa Bonita,SKU-0049-02,Small,1,16.22,2.32,13.9,53.54,EUR,web
#3573,2026-05-29,paid,fulfilled,Spain,País Vasco,Bilbao,cust_00801,Terracotta Wall Mirror,Decor,Casa Bonita,SKU-0048-01,Charcoal,1,24.68,0,24.68,71.45,EUR,web
#3573,2026-05-29,paid,fulfilled,Spain,País Vasco,Bilbao,cust_00801,Walnut Mixing Bowl,Kitchen,Aurora Kitchen,SKU-0008-02,,1,38.08,3.71,34.37,71.45,EUR,web
#1264,2025-09-08,partially_refunded,fulfilled,France,Île-de-France,Versailles,cust_00379,Walnut Linen Duvet,Bedding,Nordic Sleep,SKU-0017-01,,2,44.07,0,88.14,126.59,EUR,pos
#1264,2025-09-08,partially_refunded,fulfilled,France,Île-de-France,Versailles,cust_00379,Copper Scented Candle,Decor,Casa Bonita,SKU-0045-02,,2,8.24,0,16.48,126.59,EUR,pos
#1709,2025-10-29,paid,fulfilled,Netherlands,Zuid-Holland,Den Haag,cust_00460,Marble Bath Towel Set,Bath,Pure Bath,SKU-0057-01,,3,25.7,0,77.1,93.29,EUR,web
#1359,2025-09-20,paid,fulfilled,France,Provence,Marseille,cust_00637,Copper String Lights,Lighting,Lumen Co,SKU-0035-01,,2,40.63,0,81.26,108.29,EUR,web
#1359,2025-09-20,paid,fulfilled,France,Provence,Marseille,cust_00637,Copper Scented Candle,Decor,Casa Bonita,SKU-0045-02,,1,8.24,0,8.24,108.29,EUR,web
#2733,2026-01-29,paid,fulfilled,Germany,Hamburg,Hamburg,cust_00394,Linen Reading Light,Lighting,Lumen Co,SKU-0036-01,Charcoal,1,30.35,0,30.35,36.72,EUR,mobile
#1110,2025-08-16,paid,fulfilled,Spain,Andalucía,Málaga,cust_00187,Terracotta Outdoor Cushion,Outdoor,Terra Garden,SKU-0060-01,,1,23.39,4.18,19.21,105.91,EUR,web
#1110,2025-08-16,paid,fulfilled,Spain,Andalucía,Málaga,cust_00187,Brass Ceramic Vase,Decor,Casa Bonita,SKU-0049-02,Small,2,16.22,2.6,29.84,105.91,EUR,web
#1110,2025-08-16,paid,fulfilled,Spain,Andalucía,Málaga,cust_00187,Terracotta Pendant Light,Lighting,Lumen Co,SKU-0038-03,,1,38.48,0,38.48,105.91,EUR,web
#2942,2026-03-03,paid,fulfilled,Spain,Valencia,Alicante,cust_00513,Brass Wall Art Print,Decor,Casa Bonita,SKU-0044-01,,1,23.35,0,23.35,100.61,EUR,web
#2942,2026-03-03,paid,fulfilled,Spain,Valencia,Alicante,cust_00513,Brass Ceramic Vase,Decor,Casa Bonita,SKU-0049-02,,1,16.22,0,16.22,100.61,EUR,web
#2942,2026-03-03,paid,fulfilled,Spain,Valencia,Alicante,cust_00513,Ceramic Pillow Case Pair,Bedding,Nordic Sleep,SKU-0028-03,Medium,1,43.58,0,43.58,100.61,EUR,web
#1175,2025-08-27,paid,fulfilled,France,Provence,Marseille,cust_01039,Marble Bath Towel Set,Bath,Pure Bath,SKU-0057-01,,2,25.7,0,51.4,62.19,EUR,pos
#2799,2026-02-10,paid,fulfilled,Spain,Andalucía,Sevilla,cust_01114,Ceramic Cast Iron Pan,Kitchen,Aurora Kitchen,SKU-0014-01,,1,40.12,0,40.12,76.85,EUR,web
#2799,2026-02-10,paid,fulfilled,Spain,Andalucía,Sevilla,cust_01114,Terracotta Outdoor Cushion,Outdoor,Terra Garden,SKU-0060-02,,1,23.39,0,23.39,76.85,EUR,web
#3265,2026-04-19,paid,fulfilled,France,Île-de-France,Versailles,cust_00317,Ceramic Tea Kettle,Kitchen,Aurora Kitchen,SKU-0009-01,Medium,1,13.93,0,13.93,16.86,EUR,web
#3762,2026-06-24,paid,fulfilled,Spain,Galicia,A Coruña,cust_01070,Brass Candle Holder,Lighting,Lumen Co,SKU-0034-01,,2,43.61,0,87.22,105.54,EUR,web
#3316,2026-04-26,paid,fulfilled,Portugal,Porto,Braga,cust_01100,Stone Espresso Mug,Kitchen,Aurora Kitchen,SKU-0005-01,Small,1,17.01,1.88,15.13,100.56,EUR,web
#3316,2026-04-26,paid,fulfilled,Portugal,Porto,Braga,cust_01100,Stone Quilted Bedspread,Bedding,Nordic Sleep,SKU-0029-02,Large,2,33.99,0,67.98,100.56,EUR,web
#3998,2026-07-31,paid,fulfilled,Germany,Berlin,Berlin,cust_00850,Bamboo Picture Frame,Decor,Casa Bonita,SKU-0042-01,Small,2,32.28,0,64.56,78.12,EUR,web
#3626,2026-06-06,paid,fulfilled,Germany,Hamburg,Hamburg,cust_00479,Brass Ceramic Vase,Decor,Casa Bonita,SKU-0049-01,,1,16.22,0,16.22,72.95,EUR,mobile
#3626,2026-06-06,paid,fulfilled,Germany,Hamburg,Hamburg,cust_00479,Walnut Linen Duvet,Bedding,Nordic Sleep,SKU-0017-02,,1,44.07,0,44.07,72.95,EUR,mobile
#3438,2026-05-12,paid,fulfilled,Spain,Valencia,Alicante,cust_00633,Bamboo Picture Frame,Decor,Casa Bonita,SKU-0042-01,Charcoal,1,32.28,0,32.28,39.06,EUR,pos
#1480,2025-10-06,paid,fulfilled,Portugal,Porto,Braga,cust_00954,Walnut Wool Throw,Bedding,Nordic Sleep,SKU-0027-01,Medium,1,63.89,0,63.89,130.63,EUR,web
#1480,2025-10-06,paid,fulfilled,Portugal,Porto,Braga,cust_00954,Walnut Linen Duvet,Bedding,Nordic Sleep,SKU-0017-02,,1,44.07,0,44.07,130.63,EUR,web
#2305,2025-12-15,paid,fulfilled,Spain,Galicia,A Coruña,cust_00227,Oak Bath Towel Set,Bath,Pure Bath,SKU-0051-01,,1,25.27,0,25.27,67.87,EUR,web
#2305,2025-12-15,paid,fulfilled,Spain,Galicia,A Coruña,cust_00227,Ceramic Cast Iron Pan,Kitchen,Aurora Kitchen,SKU-0004-02,,1,22.58,0,22.58,67.87,EUR,web
#2305,2025-12-15,paid,fulfilled,Spain,Galicia,A Coruña,cust_00227,Copper Scented Candle,Decor,Casa Bonita,SKU-0045-03,Large,1,8.24,0,8.24,67.87,EUR,web
#3035,2026-03-16,paid,fulfilled,France,Île-de-France,Paris,cust_00108,Walnut Ceramic Bowl Set,Kitchen,Aurora Kitchen,SKU-0013-01,Large,1,41.03,6.49,34.54,41.79,EUR,web
#1647,2025-10-23,paid,fulfilled,Germany,Bayern,München,cust_01112,Copper Wall Mirror,Decor,Casa Bonita,SKU-0040-01,,1,15.19,0,15.19,18.38,EUR,web
#2696,2026-01-24,paid,fulfilled,Portugal,Lisboa,Lisboa,cust_00288,Marble Bath Mat,Bath,Pure Bath,SKU-0052-01,Large,1,31.82,0,31.82,114.26,EUR,web
#2696,2026-01-24,paid,fulfilled,Portugal,Lisboa,Lisboa,cust_00288,Oak Storage Jar,Kitchen,Aurora Kitchen,SKU-0016-02,,1,23.74,4.71,19.03,114.26,EUR,web
#2696,2026-01-24,paid,fulfilled,Portugal,Lisboa,Lisboa,cust_00288,Ceramic Pillow Case Pair,Bedding,Nordic Sleep,SKU-0028-03,Large,1,43.58,0,43.58,114.26,EUR,web
#3675,2026-06-13,paid,fulfilled,France,Provence,Nice,cust_00733,Marble Bath Mat,Bath,Pure Bath,SKU-0052-01,,2,31.82,7.74,55.9,67.64,EUR,web
#3595,2026-06-01,partially_refunded,fulfilled,Spain,Valencia,Alicante,cust_00127,Stone Robe,Bath,Pure Bath,SKU-0055-01,,1,27.66,0,27.66,118.37,EUR,web
#3595,2026-06-01,partially_refunded,fulfilled,Spain,Valencia,Alicante,cust_00127,Terracotta Outdoor Cushion,Outdoor,Terra Garden,SKU-0060-02,,3,23.39,0,70.17,118.37,EUR,web
#1996,2025-11-22,paid,fulfilled,Spain,Cataluña,Barcelona,cust_00068,Marble Bath Mat,Bath,Pure Bath,SKU-0052-01,,2,31.82,11.32,52.32,166.62,EUR,web
#1996,2025-11-22,paid,fulfilled,Spain,Cataluña,Barcelona,cust_00068,Brass Wall Art Print,Decor,Casa Bonita,SKU-0044-02,,4,23.35,8.02,85.38,166.62,EUR,web
#1211,2025-09-01,paid,fulfilled,Spain,Madrid,Alcalá de Henares,cust_00727,Bamboo Picture Frame,Decor,Casa Bonita,SKU-0042-01,Natural,1,32.28,0,32.28,39.06,EUR,web
#1510,2025-10-10,paid,fulfilled,Portugal,Porto,Braga,cust_00095,Marble Bath Mat,Bath,Pure Bath,SKU-0052-01,,1,31.82,0,31.82,69.6,EUR,pos
#1510,2025-10-10,paid,fulfilled,Portugal,Porto,Braga,cust_00095,Marble Bath Towel Set,Bath,Pure Bath,SKU-0057-02,Large,1,25.7,0,25.7,69.6,EUR,pos
#2842,2026-02-18,paid,fulfilled,Spain,Madrid,Madrid,cust_00963,Copper String Lights,Lighting,Lumen Co,SKU-0035-01,,1,40.63,0,40.63,49.16,EUR,web
#2854,2026-02-20,paid,fulfilled,Spain,Galicia,Vigo,cust_00503,Oak Chef Knife,Kitchen,Aurora Kitchen,SKU-0001-01,Medium,1,24.54,0,24.54,104.82,EUR,web
#2854,2026-02-20,paid,fulfilled,Spain,Galicia,Vigo,cust_00503,Stone Serving Platter,Kitchen,Aurora Kitchen,SKU-0010-02,Natural,1,28.1,0,28.1,104.82,EUR,web
#2854,2026-02-20,paid,fulfilled,Spain,Galicia,Vigo,cust_00503,Stone Quilted Bedspread,Bedding,Nordic Sleep,SKU-0029-03,,1,33.99,0,33.99,104.82,EUR,web
#3294,2026-04-23,paid,fulfilled,France,Provence,Nice,cust_00070,Walnut Mixing Bowl,Kitchen,Aurora Kitchen,SKU-0008-01,,1,38.08,0,38.08,73.4,EUR,web
#3294,2026-04-23,paid,fulfilled,France,Provence,Nice,cust_00070,Ceramic Cast Iron Pan,Kitchen,Aurora Kitchen,SKU-0004-02,,1,22.58,0,22.58,73.4,EUR,web
#3912,2026-07-16,paid,fulfilled,Spain,Andalucía,Málaga,cust_00106,Marble Bath Mat,Bath,Pure Bath,SKU-0052-01,Small,1,31.82,0,31.82,38.5,EUR,web
#1759,2025-11-03,paid,fulfilled,France,Île-de-France,Versailles,cust_00304,Terracotta Pendant Light,Lighting,Lumen Co,SKU-0038-01,,1,38.48,4.91,33.57,40.62,EUR,web
#2241,2025-12-11,paid,fulfilled,Germany,Berlin,Berlin,cust_00369,Bamboo Picture Frame,Decor,Casa Bonita,SKU-0042-01,Medium,1,32.28,3.73,28.55,125.57,EUR,web
#2241,2025-12-11,paid,fulfilled,Germany,Berlin,Berlin,cust_00369,Terracotta Outdoor Cushion,Outdoor,Terra Garden,SKU-0060-02,Large,1,23.39,0,23.39,125.57,EUR,web
#2241,2025-12-11,paid,fulfilled,Germany,Berlin,Berlin,cust_00369,Terracotta Woven Basket,Decor,Casa Bonita,SKU-0043-03,,1,17.85,0,17.85,125.57,EUR,web
#2241,2025-12-11,paid,fulfilled,Germany,Berlin,Berlin,cust_00369,Stone Quilted Bedspread,Bedding,Nordic Sleep,SKU-0029-04,,1,33.99,0,33.99,125.57,EUR,web
#2996,2026-03-11,paid,fulfilled,Spain,Galicia,A Coruña,cust_01124,Marble Bath Mat,Bath,Pure Bath,SKU-0052-01,Medium,1,31.82,3.8,28.02,49.84,EUR,web
#2996,2026-03-11,paid,fulfilled,Spain,Galicia,A Coruña,cust_01124,Marble Cutting Board,Kitchen,Aurora Kitchen,SKU-0002-02,,1,13.17,0,13.17,49.84,EUR,web
#2156,2025-12-04,paid,fulfilled,Spain,Andalucía,Sevilla,cust_00248,Linen Reading Light,Lighting,Lumen Co,SKU-0036-01,,1,30.35,0,30.35,78.72,EUR,web
#2156,2025-12-04,paid,fulfilled,Spain,Andalucía,Sevilla,cust_00248,Marble Cutting Board,Kitchen,Aurora Kitchen,SKU-0002-02,,1,13.17,1.04,12.13,78.72,EUR,web
#2156,2025-12-04,paid,fulfilled,Spain,Andalucía,Sevilla,cust_00248,Ceramic Cast Iron Pan,Kitchen,Aurora Kitchen,SKU-0004-03,Charcoal,1,22.58,0,22.58,78.72,EUR,web
#2047,2025-11-26,paid,fulfilled,Spain,Andalucía,Sevilla,cust_01114,Brass Wall Art Print,Decor,Casa Bonita,SKU-0044-01,,1,23.35,3.63,19.72,67.84,EUR,web
#2047,2025-11-26,paid,fulfilled,Spain,Andalucía,Sevilla,cust_01114,Terracotta Pendant Light,Lighting,Lumen Co,SKU-0038-02,,1,38.48,2.13,36.35,67.84,EUR,web
#1327,2025-09-16,paid,fulfilled,Spain,Cataluña,Girona,cust_01063,Walnut Linen Duvet,Bedding,Nordic Sleep,SKU-0017-01,,1,44.07,0,44.07,53.32,EUR,pos
#1693,2025-10-27,paid,fulfilled,Netherlands,Noord-Holland,Haarlem,cust_00656,Oak Bath Towel Set,Bath,Pure Bath,SKU-0051-01,,1,25.27,0,25.27,30.58,EUR,web
#3915,2026-07-17,paid,fulfilled,Portugal,Lisboa,Cascais,cust_00625,Brass Wall Art Print,Decor,Casa Bonita,SKU-0044-01,,1,23.35,0,23.35,28.25,EUR,web
#2084,2025-11-30,paid,fulfilled,Netherlands,Noord-Holland,Amsterdam,cust_00512,Ceramic Cast Iron Pan,Kitchen,Aurora Kitchen,SKU-0014-01,,1,40.12,0,40.12,48.55,EUR,web
#1664,2025-10-24,paid,fulfilled,France,Provence,Nice,cust_00218,Bamboo Bookend Pair,Decor,Casa Bonita,SKU-0047-01,Charcoal,1,14.92,0,14.92,18.05,EUR,web
#3190,2026-04-09,paid,fulfilled,Spain,Andalucía,Sevilla,cust_00728,Bamboo Picture Frame,Decor,Casa Bonita,SKU-0042-01,,1,32.28,0,32.28,68.46,EUR,web
#3190,2026-04-09,paid,fulfilled,Spain,Andalucía,Sevilla,cust_00728,Stone Serving Platter,Kitchen,Aurora Kitchen,SKU-0010-02,,1,28.1,3.8,24.3,68.46,EUR,web
#3780,2026-06-27,paid,fulfilled,Portugal,Lisboa,Cascais,cust_01043,Linen Reading Light,Lighting,Lumen Co,SKU-0036-01,Natural,2,30.35,0,60.7,73.45,EUR,web
#1107,2025-08-16,refunded,fulfilled,France,Provence,Marseille,cust_00952,Stone Espresso Mug,Kitchen,Aurora Kitchen,SKU-0005-01,,1,17.01,0.95,16.06,19.43,EUR,web
#3011,2026-03-14,paid,fulfilled,France,Occitanie,Toulouse,cust_00287,Marble Quilted Bedspread,Bedding,Nordic Sleep,SKU-0021-01,Small,1,63.83,0,63.83,77.23,EUR,web
#2132,2025-12-03,paid,fulfilled,Spain,Madrid,Madrid,cust_00054,Terracotta Pendant Light,Lighting,Lumen Co,SKU-0038-01,Large,1,38.48,0,38.48,76.25,EUR,web
#2132,2025-12-03,paid,fulfilled,Spain,Madrid,Madrid,cust_00054,Oak Chef Knife,Kitchen,Aurora Kitchen,SKU-0001-02,,1,24.54,0,24.54,76.25,EUR,web
#1584,2025-10-17,paid,fulfilled,Spain,Valencia,Alicante,cust_00513,Terracotta Outdoor Cushion,Outdoor,Terra Garden,SKU-0060-01,,1,23.39,0,23.39,28.3,EUR,web
#1602,2025-10-19,refunded,fulfilled,Netherlands,Zuid-Holland,Rotterdam,cust_00525,Walnut Wool Throw,Bedding,Nordic Sleep,SKU-0027-01,,1,63.89,0,63.89,199.82,EUR,web
#1602,2025-10-19,refunded,fulfilled,Netherlands,Zuid-Holland,Rotterdam,cust_00525,Marble Bath Mat,Bath,Pure Bath,SKU-0052-02,,1,31.82,0,31.82,199.82,EUR,web
#1602,2025-10-19,refunded,fulfilled,Netherlands,Zuid-Holland,Rotterdam,cust_00525,Stone Serving Platter,Kitchen,Aurora Kitchen,SKU-0010-03,,1,28.1,3.83,24.27,199.82,EUR,web
#1602,2025-10-19,refunded,fulfilled,Netherlands,Zuid-Holland,Rotterdam,cust_00525,Ceramic Cast Iron Pan,Kitchen,Aurora Kitchen,SKU-0004-04,,2,22.58,0,45.16,199.82,EUR,web
#1845,2025-11-10,paid,fulfilled,Portugal,Lisboa,Cascais,cust_00018,Linen Reading Light,Lighting,Lumen Co,SKU-0036-01,,2,30.35,0,60.7,73.45,EUR,web
#2549,2026-01-02,paid,fulfilled,Germany,Bayern,Nürnberg,cust_00019,Bamboo Picture Frame,Decor,Casa Bonita,SKU-0042-01,Charcoal,1,32.28,0,32.28,39.06,EUR,web
#3708,2026-06-18,paid,fulfilled,Spain,Galicia,A Coruña,cust_01105,Linen Table Runner,Decor,Casa Bonita,SKU-0046-01,,1,22.74,0,22.74,27.52,EUR,web
#3115,2026-03-29,paid,fulfilled,France,Provence,Nice,cust_00808,Marble Cutting Board,Kitchen,Aurora Kitchen,SKU-0002-01,,3,13.17,0,39.51,47.81,EUR,web
#3189,2026-04-09,paid,fulfilled,Spain,Madrid,Madrid,cust_00468,Brass Wall Art Print,Decor,Casa Bonita,SKU-0044-01,,2,23.35,0,46.7,56.51,EUR,pos
#1500,2025-10-08,refunded,fulfilled,Spain,Andalucía,Sevilla,cust_00889,Ceramic Tea Kettle,Kitchen,Aurora Kitchen,SKU-0009-01,,1,13.93,0,13.93,16.86,EUR,web
#2750,2026-02-02,paid,fulfilled,France,Provence,Marseille,cust_01176,Ceramic Cast Iron Pan,Kitchen,Aurora Kitchen,SKU-0004-01,,1,22.58,3.9,18.68,22.6,EUR,web
#2827,2026-02-14,paid,fulfilled,Germany,Hamburg,Hamburg,cust_00858,Marble Bath Mat,Bath,Pure Bath,SKU-0052-01,Charcoal,2,31.82,0,63.64,77,EUR,web
#3470,2026-05-16,paid,fulfilled,Spain,Valencia,Valencia,cust_00577,Linen Table Runner,Decor,Casa Bonita,SKU-0046-01,,2,22.74,0,45.48,55.03,EUR,web
#1873,2025-11-12,paid,fulfilled,Spain,Valencia,Alicante,cust_00433,Stone Quilted Bedspread,Bedding,Nordic Sleep,SKU-0029-01,,1,33.99,0,33.99,41.13,EUR,web
#1049,2025-08-08,paid,fulfilled,Spain,Madrid,Alcalá de Henares,cust_00497,Bamboo Table Lamp,Lighting,Lumen Co,SKU-0037-01,,2,39.74,0,79.48,96.17,EUR,web
#1174,2025-08-26,paid,fulfilled,Spain,Galicia,A Coruña,cust_00891,Brass Wall Art Print,Decor,Casa Bonita,SKU-0044-01,,1,23.35,0,23.35,28.25,EUR,web
#2536,2025-12-31,paid,fulfilled,Italy,Lombardia,Bergamo,cust_00087,Marble Cutting Board,Kitchen,Aurora Kitchen,SKU-0002-01,Natural,1,13.17,0,13.17,15.94,EUR,web
#2649,2026-01-17,paid,fulfilled,Germany,Bayern,München,cust_00673,Bamboo Picture Frame,Decor,Casa Bonita,SKU-0042-01,,1,32.28,0,32.28,60.66,EUR,web
#2649,2026-01-17,paid,fulfilled,Germany,Bayern,München,cust_00673,Terracotta Woven Basket,Decor,Casa Bonita,SKU-0043-02,,1,17.85,0,17.85,60.66,EUR,web
#2048,2025-11-26,paid,fulfilled,Spain,Galicia,Vigo,cust_00562,Marble Bath Mat,Bath,Pure Bath,SKU-0052-01,,1,31.82,0,31.82,38.5,EUR,web
#2788,2026-02-08,paid,fulfilled,Netherlands,Zuid-Holland,Rotterdam,cust_00281,Ceramic Cast Iron Pan,Kitchen,Aurora Kitchen,SKU-0004-01,Charcoal,1,22.58,0,22.58,27.32,EUR,web
#2865,2026-02-21,paid,fulfilled,France,Île-de-France,Paris,cust_00061,Walnut Ceramic Bowl Set,Kitchen,Aurora Kitchen,SKU-0003-01,Natural,3,44.02,10.19,121.87,147.46,EUR,web
#2599,2026-01-08,paid,fulfilled,Spain,País Vasco,San Sebastián,cust_00599,Linen Table Runner,Decor,Casa Bonita,SKU-0046-01,,1,22.74,3.59,19.15,23.17,EUR,web
#1317,2025-09-14,paid,fulfilled,France,Île-de-France,Paris,cust_00935,Bamboo Bookend Pair,Decor,Casa Bonita,SKU-0047-01,,1,14.92,2.43,12.49,145.21,EUR,web
#1317,2025-09-14,paid,fulfilled,France,Île-de-France,Paris,cust_00935,Ceramic Cast Iron Pan,Kitchen,Aurora Kitchen,SKU-0014-02,,1,40.12,0,40.12,145.21,EUR,web
#1317,2025-09-14,paid,fulfilled,France,Île-de-France,Paris,cust_00935,Stone Robe,Bath,Pure Bath,SKU-0055-03,,1,27.66,0,27.66,145.21,EUR,web
#1317,2025-09-14,paid,fulfilled,France,Île-de-France,Paris,cust_00935,Bamboo Table Lamp,Lighting,Lumen Co,SKU-0037-04,,1,39.74,0,39.74,145.21,EUR,web
#3199,2026-04-10,paid,fulfilled,Portugal,Porto,Braga,cust_00335,Oak Storage Jar,Kitchen,Aurora Kitchen,SKU-0016-01,,1,23.74,0,23.74,50.32,EUR,web
#3199,2026-04-10,paid,fulfilled,Portugal,Porto,Braga,cust_00335,Terracotta Woven Basket,Decor,Casa Bonita,SKU-0043-02,,1,17.85,0,17.85,50.32,EUR,web
#2568,2026-01-04,paid,fulfilled,Italy,Lombardia,Milano,cust_00690,Oak Chef Knife,Kitchen,Aurora Kitchen,SKU-0001-01,,1,24.54,0,24.54,29.69,EUR,web
#1237,2025-09-03,paid,fulfilled,Netherlands,Noord-Holland,Amsterdam,cust_01101,Bamboo Bookend Pair,Decor,Casa Bonita,SKU-0047-01,,1,14.92,0,14.92,18.05,EUR,web
#3639,2026-06-08,paid,fulfilled,Italy,Lombardia,Bergamo,cust_00883,Walnut Mixing Bowl,Kitchen,Aurora Kitchen,SKU-0008-01,,1,38.08,0,38.08,46.08,EUR,web
#1641,2025-10-22,paid,fulfilled,Italy,Lazio,Roma,cust_00088,Walnut Soap Dispenser,Bath,Pure Bath,SKU-0053-01,,1,31.22,0,31.22,37.78,EUR,web
#2209,2025-12-08,paid,fulfilled,Spain,Madrid,Alcalá de Henares,cust_00727,Marble Cutting Board,Kitchen,Aurora Kitchen,SKU-0002-01,,2,13.17,0,26.34,31.87,EUR,mobile
#2957,2026-03-05,paid,fulfilled,Spain,Valencia,Valencia,cust_00490,Linen Pendant Light,Lighting,Lumen Co,SKU-0031-01,,1,45.87,0,45.87,213.63,EUR,web
#2957,2026-03-05,paid,fulfilled,Spain,Valencia,Valencia,cust_00490,Oak Linen Duvet,Bedding,Nordic Sleep,SKU-0025-02,,1,28.38,0,28.38,213.63,EUR,web
#2957,2026-03-05,paid,fulfilled,Spain,Valencia,Valencia,cust_00490,Stone Wool Throw,Bedding,Nordic Sleep,SKU-0019-03,,2,39.48,8.94,70.02,213.63,EUR,web
#2957,2026-03-05,paid,fulfilled,Spain,Valencia,Valencia,cust_00490,Bamboo Picture Frame,Decor,Casa Bonita,SKU-0042-04,Medium,1,32.28,0,32.28,213.63,EUR,web
#2562,2026-01-03,paid,fulfilled,France,Provence,Nice,cust_00514,Marble Bath Mat,Bath,Pure Bath,SKU-0052-01,Small,1,31.82,0,31.82,38.5,EUR,web
#1985,2025-11-21,paid,fulfilled,Germany,Hamburg,Hamburg,cust_00998,Bamboo Garden Lantern,Outdoor,Terra Garden,SKU-0059-01,,1,40.04,0,40.04,48.45,EUR,web
#1585,2025-10-17,paid,fulfilled,Netherlands,Noord-Holland,Haarlem,cust_00232,Bamboo Bookend Pair,Decor,Casa Bonita,SKU-0047-01,Natural,1,14.92,0,14.92,18.05,EUR,mobile
#3328,2026-04-28,paid,fulfilled,Italy,Lombardia,Milano,cust_00933,Oak Chef Knife,Kitchen,Aurora Kitchen,SKU-0001-01,,1,24.54,0,24.54,29.69,EUR,web
#3141,2026-04-02,paid,fulfilled,France,Occitanie,Toulouse,cust_00734,Brass Ceramic Vase,Decor,Casa Bonita,SKU-0049-01,,1,16.22,0,16.22,19.63,EUR,web
#1173,2025-08-26,paid,fulfilled,Spain,Cataluña,Girona,cust_01025,Ceramic Tea Kettle,Kitchen,Aurora Kitchen,SKU-0009-01,Charcoal,1,13.93,0.84,13.09,68.61,EUR,web
#1173,2025-08-26,paid,fulfilled,Spain,Cataluña,Girona,cust_01025,Brass Candle Holder,Lighting,Lumen Co,SKU-0034-02,,1,43.61,0,43.61,68.61,EUR,web
#3694,2026-06-16,paid,fulfilled,Spain,Andalucía,Sevilla,cust_01137,Stone Quilted Bedspread,Bedding,Nordic Sleep,SKU-0029-01,Medium,1,33.99,0,33.99,41.13,EUR,web
#1726,2025-10-31,paid,fulfilled,France,Occitanie,Toulouse,cust_00711,Bamboo Bookend Pair,Decor,Casa Bonita,SKU-0047-01,Small,2,14.92,0,29.84,36.11,EUR,web
#1420,2025-09-28,paid,fulfilled,Netherlands,Zuid-Holland,Rotterdam,cust_00601,Bamboo Picture Frame,Decor,Casa Bonita,SKU-0042-01,,1,32.28,0,32.28,67.78,EUR,web
#1420,2025-09-28,paid,fulfilled,Netherlands,Zuid-Holland,Rotterdam,cust_00601,Oak Storage Jar,Kitchen,Aurora Kitchen,SKU-0016-02,,1,23.74,0,23.74,67.78,EUR,web
#1450,2025-10-02,paid,fulfilled,Italy,Lombardia,Milano,cust_00540,Terracotta Woven Basket,Decor,Casa Bonita,SKU-0043-01,,1,17.85,0,17.85,21.6,EUR,web
#2446,2025-12-25,paid,fulfilled,Spain,País Vasco,Bilbao,cust_01168,Marble Bath Mat,Bath,Pure Bath,SKU-0052-01,Large,2,31.82,11.69,51.95,72.83,EUR,web
#2446,2025-12-25,paid,fulfilled,Spain,País Vasco,Bilbao,cust_01168,Copper Scented Candle,Decor,Casa Bonita,SKU-0045-02,,1,8.24,0,8.24,72.83,EUR,web
#1518,2025-10-11,paid,fulfilled,Germany,Hamburg,Hamburg,cust_00554,Brass Ceramic Vase,Decor,Casa Bonita,SKU-0049-01,Medium,1,16.22,0,16.22,19.63,EUR,web
#2526,2025-12-30,paid,fulfilled,Spain,País Vasco,San Sebastián,cust_00697,Marble Bath Towel Set,Bath,Pure Bath,SKU-0057-01,,1,25.7,0,25.7,31.1,EUR,web
#1902,2025-11-14,paid,fulfilled,Spain,Valencia,Alicante,cust_00873,Oak Storage Jar,Kitchen,Aurora Kitchen,SKU-0006-01,,1,27.52,0,27.52,59.64,EUR,web
#1902,2025-11-14,paid,fulfilled,Spain,Valencia,Alicante,cust_00873,Oak Storage Jar,Kitchen,Aurora Kitchen,SKU-0016-02,,1,23.74,1.97,21.77,59.64,EUR,web
#2807,2026-02-12,paid,fulfilled,Portugal,Porto,Porto,cust_00649,Marble Bath Towel Set,Bath,Pure Bath,SKU-0057-01,Medium,1,25.7,0,25.7,112.83,EUR,web
#2807,2026-02-12,paid,fulfilled,Portugal,Porto,Porto,cust_00649,Copper String Lights,Lighting,Lumen Co,SKU-0035-02,,2,40.63,13.71,67.55,112.83,EUR,web
#1657,2025-10-24,paid,fulfilled,Spain,Madrid,Alcalá de Henares,cust_00240,Ceramic Shower Curtain,Bath,Pure Bath,SKU-0054-01,,1,32.3,0,32.3,73.79,EUR,web
#1657,2025-10-24,paid,fulfilled,Spain,Madrid,Alcalá de Henares,cust_00240,Brass Ceramic Vase,Decor,Casa Bonita,SKU-0049-02,Natural,2,16.22,3.76,28.68,73.79,EUR,web
#2170,2025-12-05,paid,fulfilled,Spain,Andalucía,Sevilla,cust_01137,Bamboo Table Lamp,Lighting,Lumen Co,SKU-0037-01,,1,39.74,7.76,31.98,84.63,EUR,web
#2170,2025-12-05,paid,fulfilled,Spain,Andalucía,Sevilla,cust_01137,Marble Cutting Board,Kitchen,Aurora Kitchen,SKU-0002-02,Medium,1,13.17,2.22,10.95,84.63,EUR,web
#2170,2025-12-05,paid,fulfilled,Spain,Andalucía,Sevilla,cust_01137,Linen Reading Light,Lighting,Lumen Co,SKU-0036-03,,1,30.35,3.34,27.01,84.63,EUR,web
#1421,2025-09-28,paid,fulfilled,Spain,Galicia,A Coruña,cust_00669,Terracotta Woven Basket,Decor,Casa Bonita,SKU-0043-01,,1,17.85,0,17.85,41.22,EUR,web
#1421,2025-09-28,paid,fulfilled,Spain,Galicia,A Coruña,cust_00669,Brass Ceramic Vase,Decor,Casa Bonita,SKU-0049-02,,1,16.22,0,16.22,41.22,EUR,web
#1799,2025-11-07,paid,fulfilled,Italy,Lombardia,Milano,cust_00198,Bamboo Picture Frame,Decor,Casa Bonita,SKU-0042-01,Small,1,32.28,5.27,27.01,32.68,EUR,web
#2147,2025-12-04,paid,fulfilled,Spain,Galicia,A Coruña,cust_01105,Brass Wall Art Print,Decor,Casa Bonita,SKU-0044-01,Natural,1,23.35,0,23.35,186.19,EUR,mobile
#2147,2025-12-04,paid,fulfilled,Spain,Galicia,A Coruña,cust_01105,Bamboo Picture Frame,Decor,Casa Bonita,SKU-0042-02,,1,32.28,0,32.28,186.19,EUR,mobile
#2147,2025-12-04,paid,fulfilled,Spain,Galicia,A Coruña,cust_01105,Marble Bath Mat,Bath,Pure Bath,SKU-0052-03,,1,31.82,0,31.82,186.19,EUR,mobile
#2147,2025-12-04,paid,fulfilled,Spain,Galicia,A Coruña,cust_01105,Terracotta Wall Mirror,Decor,Casa Bonita,SKU-0048-04,,3,24.68,7.61,66.43,186.19,EUR,mobile
#1443,2025-10-01,partially_refunded,fulfilled,Netherlands,Noord-Holland,Haarlem,cust_00869,Oak Storage Jar,Kitchen,Aurora Kitchen,SKU-0006-01,,3,27.52,8.47,74.09,89.65,EUR,web
#3114,2026-03-29,paid,fulfilled,Spain,Cataluña,Barcelona,cust_00068,Marble Bath Towel Set,Bath,Pure Bath,SKU-0057-01,,1,25.7,0,25.7,60.79,EUR,web
#3114,2026-03-29,paid,fulfilled,Spain,Cataluña,Barcelona,cust_00068,Oak Chef Knife,Kitchen,Aurora Kitchen,SKU-0001-02,,1,24.54,0,24.54,60.79,EUR,web
#3953,2026-07-23,paid,unfulfilled,Italy,Lazio,Roma,cust_00230,Bamboo Picture Frame,Decor,Casa Bonita,SKU-0042-01,,1,32.28,1.7,30.58,37,EUR,web
#3904,2026-07-15,paid,fulfilled,Germany,Bayern,München,cust_00329,Terracotta Outdoor Cushion,Outdoor,Terra Garden,SKU-0060-01,Medium,1,23.39,0,23.39,67.84,EUR,mobile
#3904,2026-07-15,paid,fulfilled,Germany,Bayern,München,cust_00329,Linen Planter Pot,Outdoor,Terra Garden,SKU-0058-02,,1,32.68,0,32.68,67.84,EUR,mobile
#1828,2025-11-08,paid,fulfilled,France,Provence,Marseille,cust_00752,Linen Table Runner,Decor,Casa Bonita,SKU-0046-01,,1,22.74,0,22.74,27.52,EUR,web
#2630,2026-01-13,paid,fulfilled,Portugal,Porto,Braga,cust_00261,Brass Ceramic Vase,Decor,Casa Bonita,SKU-0049-01,Large,1,16.22,2.15,14.07,77.68,EUR,web
#2630,2026-01-13,paid,fulfilled,Portugal,Porto,Braga,cust_00261,Terracotta Woven Basket,Decor,Casa Bonita,SKU-0043-02,Charcoal,1,17.85,0,17.85,77.68,EUR,web
#2630,2026-01-13,paid,fulfilled,Portugal,Porto,Braga,cust_00261,Bamboo Picture Frame,Decor,Casa Bonita,SKU-0042-03,,1,32.28,0,32.28,77.68,EUR,web
#2908,2026-02-27,paid,fulfilled,Spain,Andalucía,Sevilla,cust_00248,Terracotta Woven Basket,Decor,Casa Bonita,SKU-0043-01,Natural,1,17.85,0,17.85,49.85,EUR,web
#2908,2026-02-27,paid,fulfilled,Spain,Andalucía,Sevilla,cust_00248,Brass Wall Art Print,Decor,Casa Bonita,SKU-0044-02,,1,23.35,0,23.35,49.85,EUR,web
#2761,2026-02-04,partially_refunded,fulfilled,France,Île-de-France,Paris,cust_00307,Marble Bath Towel Set,Bath,Pure Bath,SKU-0057-01,,2,25.7,8.75,42.65,90.11,EUR,mobile
#2761,2026-02-04,partially_refunded,fulfilled,France,Île-de-France,Paris,cust_00307,Marble Bath Mat,Bath,Pure Bath,SKU-0052-02,,1,31.82,0,31.82,90.11,EUR,mobile
#1586,2025-10-18,paid,fulfilled,Spain,Galicia,Vigo,cust_00893,Brass Wall Art Print,Decor,Casa Bonita,SKU-0044-01,,1,23.35,0,23.35,28.25,EUR,web
#3551,2026-05-27,partially_refunded,fulfilled,Spain,Andalucía,Málaga,cust_00788,Bamboo Picture Frame,Decor,Casa Bonita,SKU-0042-01,Small,2,32.28,0,64.56,264.18,EUR,web
#3551,2026-05-27,partially_refunded,fulfilled,Spain,Andalucía,Málaga,cust_00788,Walnut Wool Throw,Bedding,Nordic Sleep,SKU-0027-02,,1,63.89,0,63.89,264.18,EUR,web
#3551,2026-05-27,partially_refunded,fulfilled,Spain,Andalucía,Málaga,cust_00788,Terracotta Pendant Light,Lighting,Lumen Co,SKU-0038-03,Charcoal,1,38.48,0,38.48,264.18,EUR,web
#3551,2026-05-27,partially_refunded,fulfilled,Spain,Andalucía,Málaga,cust_00788,Marble Bath Towel Set,Bath,Pure Bath,SKU-0057-04,,2,25.7,0,51.4,264.18,EUR,web
#2234,2025-12-10,paid,fulfilled,Spain,Cataluña,Girona,cust_00852,Marble Cutting Board,Kitchen,Aurora Kitchen,SKU-0002-01,,2,13.17,0,26.34,129.45,EUR,mobile
#2234,2025-12-10,paid,fulfilled,Spain,Cataluña,Girona,cust_00852,Brass Ceramic Vase,Decor,Casa Bonita,SKU-0049-02,,1,16.22,2.18,14.04,129.45,EUR,mobile
#2234,2025-12-10,paid,fulfilled,Spain,Cataluña,Girona,cust_00852,Ceramic Cast Iron Pan,Kitchen,Aurora Kitchen,SKU-0004-03,,1,22.58,0,22.58,129.45,EUR,mobile
#2234,2025-12-10,paid,fulfilled,Spain,Cataluña,Girona,cust_00852,Walnut Ceramic Bowl Set,Kitchen,Aurora Kitchen,SKU-0003-04,Large,1,44.02,0,44.02,129.45,EUR,mobile
#2728,2026-01-29,paid,fulfilled,Germany,Hamburg,Hamburg,cust_00822,Stone Robe,Bath,Pure Bath,SKU-0055-01,Natural,1,27.66,0,27.66,33.47,EUR,web
#1158,2025-08-24,paid,fulfilled,Spain,Madrid,Alcalá de Henares,cust_00238,Brass Ceramic Vase,Decor,Casa Bonita,SKU-0049-01,,3,16.22,0,48.66,107.33,EUR,web
#1158,2025-08-24,paid,fulfilled,Spain,Madrid,Alcalá de Henares,cust_00238,Bamboo Garden Lantern,Outdoor,Terra Garden,SKU-0059-02,,1,40.04,0,40.04,107.33,EUR,web
#2600,2026-01-08,paid,fulfilled,Spain,Cataluña,Barcelona,cust_00402,Bamboo Picture Frame,Decor,Casa Bonita,SKU-0042-01,,1,32.28,6.29,25.99,31.45,EUR,pos
#1907,2025-11-15,paid,fulfilled,France,Occitanie,Toulouse,cust_00022,Marble Bath Towel Set,Bath,Pure Bath,SKU-0057-01,Charcoal,1,25.7,0,25.7,226.69,EUR,mobile
#1907,2025-11-15,paid,fulfilled,France,Occitanie,Toulouse,cust_00022,Bamboo Garden Lantern,Outdoor,Terra Garden,SKU-0059-02,Natural,2,40.04,0,80.08,226.69,EUR,mobile
#1907,2025-11-15,paid,fulfilled,France,Occitanie,Toulouse,cust_00022,Brass Wall Art Print,Decor,Casa Bonita,SKU-0044-03,Charcoal,4,23.35,11.83,81.57,226.69,EUR,mobile
#1414,2025-09-27,paid,fulfilled,Spain,Galicia,A Coruña,cust_01070,Bamboo Picture Frame,Decor,Casa Bonita,SKU-0042-01,,1,32.28,0,32.28,39.06,EUR,mobile
#2015,2025-11-23,paid,fulfilled,Italy,Lombardia,Milano,cust_00853,Marble Bath Towel Set,Bath,Pure Bath,SKU-0057-01,,1,25.7,0,25.7,31.1,EUR,web
#3096,2026-03-25,paid,fulfilled,France,Provence,Marseille,cust_00637,Ceramic Tea Kettle,Kitchen,Aurora Kitchen,SKU-0009-01,Medium,3,13.93,0,41.79,78.87,EUR,web
#3096,2026-03-25,paid,fulfilled,France,Provence,Marseille,cust_00637,Terracotta Outdoor Cushion,Outdoor,Terra Garden,SKU-0060-02,Charcoal,1,23.39,0,23.39,78.87,EUR,web
#3888,2026-07-13,paid,fulfilled,Spain,Galicia,Vigo,cust_00893,Marble Quilted Bedspread,Bedding,Nordic Sleep,SKU-0021-01,,1,63.83,0,63.83,157.38,EUR,web
#3888,2026-07-13,paid,fulfilled,Spain,Galicia,Vigo,cust_00893,Copper Picture Frame,Decor,Casa Bonita,SKU-0050-02,Small,1,17.19,0,17.19,157.38,EUR,web
#3888,2026-07-13,paid,fulfilled,Spain,Galicia,Vigo,cust_00893,Brass Wall Art Print,Decor,Casa Bonita,SKU-0044-03,Natural,1,23.35,0,23.35,157.38,EUR,web
#3888,2026-07-13,paid,fulfilled,Spain,Galicia,Vigo,cust_00893,Marble Bath Towel Set,Bath,Pure Bath,SKU-0057-04,,1,25.7,0,25.7,157.38,EUR,web
#2104,2025-12-01,paid,fulfilled,Italy,Lazio,Roma,cust_00351,Terracotta Wall Sconce,Lighting,Lumen Co,SKU-0033-01,,1,24.53,4.63,19.9,24.08,EUR,web
#1145,2025-08-23,paid,fulfilled,France,Occitanie,Montpellier,cust_00065,Bamboo Picture Frame,Decor,Casa Bonita,SKU-0042-01,Medium,1,32.28,0,32.28,91.83,EUR,web
#1145,2025-08-23,paid,fulfilled,France,Occitanie,Montpellier,cust_00065,Brass Candle Holder,Lighting,Lumen Co,SKU-0034-02,Natural,1,43.61,0,43.61,91.83,EUR,web
#2757,2026-02-03,partially_refunded,fulfilled,Portugal,Porto,Braga,cust_00563,Brass Ceramic Vase,Decor,Casa Bonita,SKU-0049-01,Large,1,16.22,0,16.22,19.63,EUR,web
#2906,2026-02-27,paid,fulfilled,Germany,Hamburg,Hamburg,cust_01175,Marble Bath Towel Set,Bath,Pure Bath,SKU-0057-01,Natural,1,25.7,0,25.7,31.1,EUR,pos
#2372,2025-12-20,paid,fulfilled,Portugal,Lisboa,Lisboa,cust_00550,Linen Table Runner,Decor,Casa Bonita,SKU-0046-01,,1,22.74,0,22.74,106.02,EUR,web
#2372,2025-12-20,paid,fulfilled,Portugal,Lisboa,Lisboa,cust_00550,Brass Ceramic Vase,Decor,Casa Bonita,SKU-0049-02,,4,16.22,0,64.88,106.02,EUR,web
#1226,2025-09-02,paid,fulfilled,Spain,Madrid,Alcalá de Henares,cust_01082,Linen Ceramic Vase,Decor,Casa Bonita,SKU-0041-01,Medium,3,37.99,0,113.97,214.91,EUR,mobile
#1226,2025-09-02,paid,fulfilled,Spain,Madrid,Alcalá de Henares,cust_01082,Marble Bath Mat,Bath,Pure Bath,SKU-0052-02,,2,31.82,0,63.64,214.91,EUR,mobile
#2474,2025-12-27,paid,fulfilled,Germany,Hamburg,Hamburg,cust_00822,Terracotta Pendant Light,Lighting,Lumen Co,SKU-0038-01,Charcoal,1,38.48,0,38.48,46.56,EUR,mobile
#2864,2026-02-21,paid,fulfilled,Spain,Madrid,Alcalá de Henares,cust_00934,Marble Cutting Board,Kitchen,Aurora Kitchen,SKU-0002-01,,1,13.17,0,13.17,15.94,EUR,web
#3487,2026-05-18,paid,fulfilled,Netherlands,Noord-Holland,Amsterdam,cust_01041,Bamboo Picture Frame,Decor,Casa Bonita,SKU-0042-01,,1,32.28,0,32.28,39.06,EUR,pos
#1904,2025-11-15,paid,fulfilled,Spain,Andalucía,Sevilla,cust_00534,Walnut Ceramic Bowl Set,Kitchen,Aurora Kitchen,SKU-0013-01,,1,41.03,0,41.03,166.29,EUR,web
#1904,2025-11-15,paid,fulfilled,Spain,Andalucía,Sevilla,cust_00534,Linen Reading Light,Lighting,Lumen Co,SKU-0036-02,Medium,2,30.35,0,60.7,166.29,EUR,web
#1904,2025-11-15,paid,fulfilled,Spain,Andalucía,Sevilla,cust_00534,Terracotta Woven Basket,Decor,Casa Bonita,SKU-0043-03,,2,17.85,0,35.7,166.29,EUR,web
#1613,2025-10-20,paid,fulfilled,Germany,Berlin,Berlin,cust_00795,Ceramic Tea Kettle,Kitchen,Aurora Kitchen,SKU-0009-01,,2,13.93,0,27.86,33.71,EUR,web
#2624,2026-01-12,paid,fulfilled,Spain,Valencia,Alicante,cust_00156,Brass Ceramic Vase,Decor,Casa Bonita,SKU-0049-01,Charcoal,3,16.22,0,48.66,152,EUR,web
#2624,2026-01-12,paid,fulfilled,Spain,Valencia,Alicante,cust_00156,Terracotta Pendant Light,Lighting,Lumen Co,SKU-0038-02,,2,38.48,0,76.96,152,EUR,web
#2800,2026-02-10,paid,fulfilled,Spain,Cataluña,Barcelona,cust_00068,Oak Storage Jar,Kitchen,Aurora Kitchen,SKU-0016-01,,2,23.74,0,47.48,57.45,EUR,web
#1318,2025-09-14,paid,fulfilled,Portugal,Porto,Porto,cust_00403,Oak Chef Knife,Kitchen,Aurora Kitchen,SKU-0001-01,,1,24.54,2.18,22.36,27.06,EUR,web
#1051,2025-08-08,paid,fulfilled,France,Occitanie,Toulouse,cust_00732,Linen Table Runner,Decor,Casa Bonita,SKU-0046-01,,1,22.74,0,22.74,376.69,EUR,pos
#1051,2025-08-08,paid,fulfilled,France,Occitanie,Toulouse,cust_00732,Walnut Wool Throw,Bedding,Nordic Sleep,SKU-0027-02,,3,63.89,0,191.67,376.69,EUR,pos
#1051,2025-08-08,paid,fulfilled,France,Occitanie,Toulouse,cust_00732,Ceramic Shower Curtain,Bath,Pure Bath,SKU-0054-03,Medium,3,32.3,0,96.9,376.69,EUR,pos
#1941,2025-11-17,paid,fulfilled,Italy,Lazio,Roma,cust_00678,Terracotta Wall Mirror,Decor,Casa Bonita,SKU-0048-01,Natural,2,24.68,7.09,42.27,51.15,EUR,web
#2876,2026-02-23,paid,fulfilled,Germany,Bayern,München,cust_01047,Bamboo Garden Lantern,Outdoor,Terra Garden,SKU-0059-01,,1,40.04,0,40.04,48.45,EUR,web
#3171,2026-04-06,paid,fulfilled,Portugal,Porto,Porto,cust_00403,Stone Espresso Mug,Kitchen,Aurora Kitchen,SKU-0015-01,,1,20.8,0,20.8,25.17,EUR,web
#1282,2025-09-09,paid,fulfilled,Spain,Valencia,Alicante,cust_00726,Bamboo Picture Frame,Decor,Casa Bonita,SKU-0042-01,Medium,1,32.28,0,32.28,121.31,EUR,mobile
#1282,2025-09-09,paid,fulfilled,Spain,Valencia,Alicante,cust_00726,Stone Quilted Bedspread,Bedding,Nordic Sleep,SKU-0029-02,,2,33.99,0,67.98,121.31,EUR,mobile
#1139,2025-08-22,paid,fulfilled,Spain,Valencia,Alicante,cust_00731,Terracotta Outdoor Cushion,Outdoor,Terra Garden,SKU-0060-01,Small,1,23.39,0,23.39,28.3,EUR,web
#1272,2025-09-08,paid,fulfilled,Italy,Lazio,Roma,cust_00678,Bamboo Picture Frame,Decor,Casa Bonita,SKU-0042-01,,1,32.28,0,32.28,175.92,EUR,web
#1272,2025-09-08,paid,fulfilled,Italy,Lazio,Roma,cust_00678,Stone Quilted Bedspread,Bedding,Nordic Sleep,SKU-0029-02,,2,33.99,0,67.98,175.92,EUR,web
#1272,2025-09-08,paid,fulfilled,Italy,Lazio,Roma,cust_00678,Terracotta Woven Basket,Decor,Casa Bonita,SKU-0043-03,Large,1,17.85,0,17.85,175.92,EUR,web
#1272,2025-09-08,paid,fulfilled,Italy,Lazio,Roma,cust_00678,Linen Reading Light,Lighting,Lumen Co,SKU-0036-04,Natural,1,30.35,3.07,27.28,175.92,EUR,web
#1074,2025-08-11,paid,fulfilled,France,Île-de-France,Paris,cust_00528,Bamboo Picture Frame,Decor,Casa Bonita,SKU-0042-01,Small,3,32.28,0,96.84,117.18,EUR,mobile
#2900,2026-02-27,paid,fulfilled,Germany,Hamburg,Hamburg,cust_00039,Ceramic Pillow Case Pair,Bedding,Nordic Sleep,SKU-0028-01,Small,1,43.58,0,43.58,52.73,EUR,web
#2021,2025-11-24,paid,fulfilled,Portugal,Porto,Braga,cust_00164,Marble Cutting Board,Kitchen,Aurora Kitchen,SKU-0002-01,,1,13.17,1.81,11.36,13.75,EUR,web
#2504,2025-12-29,paid,fulfilled,France,Occitanie,Montpellier,cust_01086,Marble Bath Towel Set,Bath,Pure Bath,SKU-0057-01,,1,25.7,0,25.7,31.1,EUR,web
#1781,2025-11-05,paid,fulfilled,Portugal,Lisboa,Cascais,cust_00006,Oak Chef Knife,Kitchen,Aurora Kitchen,SKU-0001-01,,3,24.54,0,73.62,130.21,EUR,web
#1781,2025-11-05,paid,fulfilled,Portugal,Lisboa,Cascais,cust_00006,Stone Quilted Bedspread,Bedding,Nordic Sleep,SKU-0029-02,Large,1,33.99,0,33.99,130.21,EUR,web
#2345,2025-12-17,paid,fulfilled,Spain,Andalucía,Málaga,cust_00686,Terracotta Woven Basket,Decor,Casa Bonita,SKU-0043-01,,1,17.85,0,17.85,21.6,EUR,web
#1236,2025-09-03,paid,fulfilled,Portugal,Porto,Porto,cust_00403,Brass Wall Art Print,Decor,Casa Bonita,SKU-0044-01,,1,23.35,0,23.35,28.25,EUR,web
#3051,2026-03-18,paid,fulfilled,Germany,Hamburg,Hamburg,cust_00394,Ceramic Cast Iron Pan,Kitchen,Aurora Kitchen,SKU-0004-01,,2,22.58,0,45.16,54.64,EUR,web
#2404,2025-12-22,paid,fulfilled,Germany,Berlin,Berlin,cust_00659,Stone Quilted Bedspread,Bedding,Nordic Sleep,SKU-0029-01,Charcoal,1,33.99,3.08,30.91,103.77,EUR,web
#2404,2025-12-22,paid,fulfilled,Germany,Berlin,Berlin,cust_00659,Stone Serving Platter,Kitchen,Aurora Kitchen,SKU-0010-02,,1,28.1,5.07,23.03,103.77,EUR,web
#2404,2025-12-22,paid,fulfilled,Germany,Berlin,Berlin,cust_00659,Marble Bath Mat,Bath,Pure Bath,SKU-0052-03,,1,31.82,0,31.82,103.77,EUR,web
#1727,2025-10-31,paid,fulfilled,Portugal,Lisboa,Lisboa,cust_00288,Marble Utensil Holder,Kitchen,Aurora Kitchen,SKU-0007-01,,2,17.14,0,34.28,41.48,EUR,web
#2163,2025-12-05,paid,fulfilled,Netherlands,Zuid-Holland,Rotterdam,cust_00328,Linen Reading Light,Lighting,Lumen Co,SKU-0036-01,,1,30.35,5.14,25.21,30.5,EUR,web
#2563,2026-01-03,paid,fulfilled,Germany,Hamburg,Hamburg,cust_01175,Marble Cutting Board,Kitchen,Aurora Kitchen,SKU-0002-01,,1,13.17,0.88,12.29,71.72,EUR,web
#2563,2026-01-03,paid,fulfilled,Germany,Hamburg,Hamburg,cust_01175,Bamboo Bookend Pair,Decor,Casa Bonita,SKU-0047-02,Small,2,14.92,0,29.84,71.72,EUR,web
#2563,2026-01-03,paid,fulfilled,Germany,Hamburg,Hamburg,cust_01175,Marble Utensil Holder,Kitchen,Aurora Kitchen,SKU-0007-03,Medium,1,17.14,0,17.14,71.72,EUR,web
#1261,2025-09-07,paid,fulfilled,Spain,Galicia,A Coruña,cust_01070,Marble Utensil Holder,Kitchen,Aurora Kitchen,SKU-0007-01,Medium,1,17.14,0,17.14,73.47,EUR,pos
#1261,2025-09-07,paid,fulfilled,Spain,Galicia,A Coruña,cust_01070,Ceramic Pillow Case Pair,Bedding,Nordic Sleep,SKU-0028-02,,1,43.58,0,43.58,73.47,EUR,pos
#2012,2025-11-23,paid,fulfilled,Netherlands,Zuid-Holland,Den Haag,cust_01014,Marble Bath Towel Set,Bath,Pure Bath,SKU-0057-01,Medium,1,25.7,0,25.7,131.47,EUR,web
#2012,2025-11-23,paid,fulfilled,Netherlands,Zuid-Holland,Den Haag,cust_01014,Walnut Mixing Bowl,Kitchen,Aurora Kitchen,SKU-0008-02,,1,38.08,2.61,35.47,131.47,EUR,web
#2012,2025-11-23,paid,fulfilled,Netherlands,Zuid-Holland,Den Haag,cust_01014,Oak Storage Jar,Kitchen,Aurora Kitchen,SKU-0016-03,,2,23.74,0,47.48,131.47,EUR,web
#1233,2025-09-03,paid,fulfilled,Netherlands,Noord-Holland,Haarlem,cust_01110,Marble Cutting Board,Kitchen,Aurora Kitchen,SKU-0002-01,,1,13.17,0,13.17,15.94,EUR,web
#3132,2026-04-01,paid,fulfilled,Portugal,Porto,Braga,cust_01140,Bamboo Bookend Pair,Decor,Casa Bonita,SKU-0047-01,Charcoal,1,14.92,0,14.92,71.38,EUR,web
#3132,2026-04-01,paid,fulfilled,Portugal,Porto,Braga,cust_01140,Walnut Linen Duvet,Bedding,Nordic Sleep,SKU-0017-02,Medium,1,44.07,0,44.07,71.38,EUR,web
#2975,2026-03-08,paid,fulfilled,Germany,Hamburg,Hamburg,cust_00661,Brass Wall Art Print,Decor,Casa Bonita,SKU-0044-01,,1,23.35,2.75,20.6,24.93,EUR,mobile
#2257,2025-12-11,refunded,fulfilled,Germany,Hamburg,Hamburg,cust_00394,Brass Wall Art Print,Decor,Casa Bonita,SKU-0044-01,Charcoal,1,23.35,0,23.35,28.25,EUR,web
#1747,2025-11-02,paid,fulfilled,Germany,Hamburg,Hamburg,cust_00998,Marble Bath Mat,Bath,Pure Bath,SKU-0052-01,,1,31.82,0,31.82,38.5,EUR,web
#2057,2025-11-26,paid,fulfilled,Spain,Madrid,Alcalá de Henares,cust_00074,Stone Quilted Bedspread,Bedding,Nordic Sleep,SKU-0029-01,,1,33.99,0,33.99,41.13,EUR,web
#1622,2025-10-20,paid,fulfilled,France,Occitanie,Toulouse,cust_00711,Walnut Mixing Bowl,Kitchen,Aurora Kitchen,SKU-0008-01,Large,2,38.08,0,76.16,92.15,EUR,web
#2441,2025-12-24,paid,fulfilled,Spain,Andalucía,Sevilla,cust_00922,Stone Serving Platter,Kitchen,Aurora Kitchen,SKU-0010-01,,1,28.1,0,28.1,55.6,EUR,web
#2441,2025-12-24,paid,fulfilled,Spain,Andalucía,Sevilla,cust_00922,Terracotta Woven Basket,Decor,Casa Bonita,SKU-0043-02,,1,17.85,0,17.85,55.6,EUR,web
#3948,2026-07-22,paid,partial,Spain,Andalucía,Málaga,cust_00612,Marble Cutting Board,Kitchen,Aurora Kitchen,SKU-0002-01,,2,13.17,0,26.34,31.87,EUR,web
#3087,2026-03-23,paid,fulfilled,France,Île-de-France,Paris,cust_00521,Stone Quilted Bedspread,Bedding,Nordic Sleep,SKU-0029-01,,3,33.99,0,101.97,123.38,EUR,web
#2917,2026-03-01,paid,fulfilled,Spain,Madrid,Madrid,cust_00468,Ceramic Cast Iron Pan,Kitchen,Aurora Kitchen,SKU-0004-01,Medium,1,22.58,0,22.58,27.32,EUR,mobile
#1435,2025-09-30,paid,fulfilled,Spain,Andalucía,Málaga,cust_00293,Copper Table Lamp,Lighting,Lumen Co,SKU-0030-01,,1,31.58,0,31.58,58.79,EUR,web
#1435,2025-09-30,paid,fulfilled,Spain,Andalucía,Málaga,cust_00293,Stone Espresso Mug,Kitchen,Aurora Kitchen,SKU-0005-02,,1,17.01,0,17.01,58.79,EUR,web
#2364,2025-12-19,paid,fulfilled,France,Occitanie,Montpellier,cust_00002,Bamboo Table Lamp,Lighting,Lumen Co,SKU-0037-01,Charcoal,1,39.74,0,39.74,48.09,EUR,pos
#1258,2025-09-07,paid,fulfilled,Spain,Madrid,Madrid,cust_00963,Walnut Ceramic Bowl Set,Kitchen,Aurora Kitchen,SKU-0013-01,Medium,1,41.03,0,41.03,49.65,EUR,web
#2078,2025-11-29,paid,fulfilled,Germany,Bayern,Nürnberg,cust_00489,Marble Bath Towel Set,Bath,Pure Bath,SKU-0057-01,,1,25.7,0,25.7,31.1,EUR,mobile
#1084,2025-08-12,paid,fulfilled,Spain,Madrid,Alcalá de Henares,cust_00240,Brass Ceramic Vase,Decor,Casa Bonita,SKU-0049-01,,1,16.22,0,16.22,19.63,EUR,pos
#2376,2025-12-20,paid,fulfilled,Germany,Bayern,München,cust_01177,Marble Cutting Board,Kitchen,Aurora Kitchen,SKU-0002-01,,1,13.17,0,13.17,15.94,EUR,web
#1108,2025-08-16,paid,fulfilled,Portugal,Porto,Porto,cust_00855,Marble Bath Towel Set,Bath,Pure Bath,SKU-0057-01,,2,25.7,0,51.4,77.88,EUR,web
#1108,2025-08-16,paid,fulfilled,Portugal,Porto,Porto,cust_00855,Bamboo Bookend Pair,Decor,Casa Bonita,SKU-0047-02,,1,14.92,1.96,12.96,77.88,EUR,web
#2758,2026-02-03,paid,fulfilled,Spain,Andalucía,Málaga,cust_00455,Stone Robe,Bath,Pure Bath,SKU-0055-01,,1,27.66,0,27.66,33.47,EUR,pos
#1603,2025-10-19,paid,fulfilled,Germany,Hamburg,Hamburg,cust_01062,Walnut Wool Throw,Bedding,Nordic Sleep,SKU-0027-01,Charcoal,4,63.89,0,255.56,309.23,EUR,pos
#2730,2026-01-29,paid,fulfilled,Spain,Andalucía,Sevilla,cust_01114,Bamboo Picture Frame,Decor,Casa Bonita,SKU-0042-01,,1,32.28,2.8,29.48,35.67,EUR,web
#3599,2026-06-02,partially_refunded,fulfilled,Germany,Hamburg,Hamburg,cust_00661,Oak Bath Towel Set,Bath,Pure Bath,SKU-0051-01,,1,25.27,0,25.27,30.58,EUR,pos
#2144,2025-12-04,paid,fulfilled,Germany,Hamburg,Hamburg,cust_01175,Ceramic Cast Iron Pan,Kitchen,Aurora Kitchen,SKU-0004-01,Medium,1,22.58,0,22.58,103.09,EUR,web
#2144,2025-12-04,paid,fulfilled,Germany,Hamburg,Hamburg,cust_01175,Walnut Mixing Bowl,Kitchen,Aurora Kitchen,SKU-0008-02,,1,38.08,0,38.08,103.09,EUR,web
#2144,2025-12-04,paid,fulfilled,Germany,Hamburg,Hamburg,cust_01175,Oak Chef Knife,Kitchen,Aurora Kitchen,SKU-0001-03,,1,24.54,0,24.54,103.09,EUR,web
#2894,2026-02-26,paid,fulfilled,Spain,Madrid,Alcalá de Henares,cust_01149,Marble Bath Mat,Bath,Pure Bath,SKU-0052-01,Charcoal,1,31.82,0,31.82,228.73,EUR,pos
#2894,2026-02-26,paid,fulfilled,Spain,Madrid,Alcalá de Henares,cust_01149,Brass Ceramic Vase,Decor,Casa Bonita,SKU-0049-02,,1,16.22,0,16.22,228.73,EUR,pos
#2894,2026-02-26,paid,fulfilled,Spain,Madrid,Alcalá de Henares,cust_01149,Stone Robe,Bath,Pure Bath,SKU-0055-03,,4,27.66,0,110.64,228.73,EUR,pos
#2894,2026-02-26,paid,fulfilled,Spain,Madrid,Alcalá de Henares,cust_01149,Linen Reading Light,Lighting,Lumen Co,SKU-0036-04,,1,30.35,0,30.35,228.73,EUR,pos
#2271,2025-12-12,paid,fulfilled,Spain,País Vasco,San Sebastián,cust_00309,Marble Cutting Board,Kitchen,Aurora Kitchen,SKU-0002-01,,1,13.17,0,13.17,15.94,EUR,web
#1553,2025-10-14,paid,fulfilled,Germany,Berlin,Berlin,cust_00707,Stone Serving Platter,Kitchen,Aurora Kitchen,SKU-0010-01,Charcoal,1,28.1,0,28.1,208.22,EUR,web
#1553,2025-10-14,paid,fulfilled,Germany,Berlin,Berlin,cust_00707,Ceramic Cast Iron Pan,Kitchen,Aurora Kitchen,SKU-0004-02,Medium,1,22.58,0,22.58,208.22,EUR,web
#1553,2025-10-14,paid,fulfilled,Germany,Berlin,Berlin,cust_00707,Linen Reading Light,Lighting,Lumen Co,SKU-0036-03,Large,4,30.35,0,121.4,208.22,EUR,web
#3313,2026-04-26,paid,fulfilled,France,Île-de-France,Paris,cust_00046,Marble Bath Mat,Bath,Pure Bath,SKU-0052-01,,1,31.82,6.04,25.78,31.19,EUR,web
#3007,2026-03-13,paid,fulfilled,Spain,Madrid,Madrid,cust_00823,Stone Quilted Bedspread,Bedding,Nordic Sleep,SKU-0029-01,,1,33.99,0,33.99,70.82,EUR,web
#3007,2026-03-13,paid,fulfilled,Spain,Madrid,Madrid,cust_00823,Oak Chef Knife,Kitchen,Aurora Kitchen,SKU-0001-02,,1,24.54,0,24.54,70.82,EUR,web
#1193,2025-08-29,paid,fulfilled,Portugal,Porto,Braga,cust_01100,Linen Reading Light,Lighting,Lumen Co,SKU-0036-01,,1,30.35,0,30.35,156.33,EUR,web
#1193,2025-08-29,paid,fulfilled,Portugal,Porto,Braga,cust_01100,Stone Espresso Mug,Kitchen,Aurora Kitchen,SKU-0005-02,,2,17.01,0,34.02,156.33,EUR,web
#1193,2025-08-29,paid,fulfilled,Portugal,Porto,Braga,cust_01100,Brass Candle Holder,Lighting,Lumen Co,SKU-0034-03,Medium,1,43.61,0,43.61,156.33,EUR,web
#1193,2025-08-29,paid,fulfilled,Portugal,Porto,Braga,cust_01100,Brass Wall Art Print,Decor,Casa Bonita,SKU-0044-04,,1,23.35,2.13,21.22,156.33,EUR,web
#2922,2026-03-01,paid,fulfilled,Portugal,Porto,Porto,cust_00403,Linen Table Runner,Decor,Casa Bonita,SKU-0046-01,,1,22.74,0,22.74,27.52,EUR,web
#3729,2026-06-20,paid,fulfilled,Spain,País Vasco,San Sebastián,cust_00779,Terracotta Outdoor Cushion,Outdoor,Terra Garden,SKU-0060-01,Small,1,23.39,2.97,20.42,142.84,EUR,mobile
#3729,2026-06-20,paid,fulfilled,Spain,País Vasco,San Sebastián,cust_00779,Stone Quilted Bedspread,Bedding,Nordic Sleep,SKU-0029-02,Natural,1,33.99,0,33.99,142.84,EUR,mobile
#3729,2026-06-20,paid,fulfilled,Spain,País Vasco,San Sebastián,cust_00779,Marble Bath Mat,Bath,Pure Bath,SKU-0052-03,,2,31.82,0,63.64,142.84,EUR,mobile
#1286,2025-09-09,paid,fulfilled,Spain,Galicia,Vigo,cust_00271,Stone Espresso Mug,Kitchen,Aurora Kitchen,SKU-0015-01,Natural,1,20.8,0,20.8,25.17,EUR,web
#2936,2026-03-03,paid,fulfilled,Germany,Hamburg,Hamburg,cust_01075,Bamboo Picture Frame,Decor,Casa Bonita,SKU-0042-01,,2,32.28,0,64.56,78.12,EUR,web
#3847,2026-07-06,paid,fulfilled,Spain,Andalucía,Sevilla,cust_00693,Walnut Wool Throw,Bedding,Nordic Sleep,SKU-0027-01,,4,63.89,0,255.56,442.52,EUR,web
#3847,2026-07-06,paid,fulfilled,Spain,Andalucía,Sevilla,cust_00693,Marble Bath Mat,Bath,Pure Bath,SKU-0052-02,Natural,4,31.82,17.12,110.16,442.52,EUR,web
#2680,2026-01-21,paid,fulfilled,Spain,Andalucía,Málaga,cust_00757,Terracotta Woven Basket,Decor,Casa Bonita,SKU-0043-01,,1,17.85,0,17.85,70.05,EUR,mobile
#2680,2026-01-21,paid,fulfilled,Spain,Andalucía,Málaga,cust_00757,Bamboo Garden Lantern,Outdoor,Terra Garden,SKU-0059-02,,1,40.04,0,40.04,70.05,EUR,mobile
#1036,2025-08-06,paid,fulfilled,France,Île-de-France,Versailles,cust_00379,Marble Bath Mat,Bath,Pure Bath,SKU-0052-01,,2,31.82,0,63.64,108.1,EUR,web
#1036,2025-08-06,paid,fulfilled,France,Île-de-France,Versailles,cust_00379,Marble Bath Towel Set,Bath,Pure Bath,SKU-0057-02,,1,25.7,0,25.7,108.1,EUR,web
#1764,2025-11-04,paid,fulfilled,Spain,Valencia,Alicante,cust_00393,Ceramic Pillow Case Pair,Bedding,Nordic Sleep,SKU-0028-01,Small,1,43.58,0,43.58,156.33,EUR,mobile
#1764,2025-11-04,paid,fulfilled,Spain,Valencia,Alicante,cust_00393,Ceramic Cast Iron Pan,Kitchen,Aurora Kitchen,SKU-0004-02,,1,22.58,0,22.58,156.33,EUR,mobile
#1764,2025-11-04,paid,fulfilled,Spain,Valencia,Alicante,cust_00393,Walnut Soap Dispenser,Bath,Pure Bath,SKU-0053-03,,1,31.22,0,31.22,156.33,EUR,mobile
#1764,2025-11-04,paid,fulfilled,Spain,Valencia,Alicante,cust_00393,Marble Bath Mat,Bath,Pure Bath,SKU-0052-04,Charcoal,1,31.82,0,31.82,156.33,EUR,mobile
#3575,2026-05-29,paid,fulfilled,Spain,Valencia,Alicante,cust_00233,Oak Chef Knife,Kitchen,Aurora Kitchen,SKU-0001-01,Small,1,24.54,0,24.54,76.25,EUR,web
#3575,2026-05-29,paid,fulfilled,Spain,Valencia,Alicante,cust_00233,Terracotta Pendant Light,Lighting,Lumen Co,SKU-0038-02,Small,1,38.48,0,38.48,76.25,EUR,web
#1229,2025-09-02,partially_refunded,fulfilled,France,Occitanie,Montpellier,cust_01125,Bamboo Garden Lantern,Outdoor,Terra Garden,SKU-0059-01,,1,40.04,0,40.04,48.45,EUR,web
#1102,2025-08-15,refunded,fulfilled,Spain,Madrid,Madrid,cust_00216,Marble Bath Mat,Bath,Pure Bath,SKU-0052-01,Large,1,31.82,0,31.82,81.7,EUR,web
#1102,2025-08-15,refunded,fulfilled,Spain,Madrid,Madrid,cust_00216,Terracotta Woven Basket,Decor,Casa Bonita,SKU-0043-02,,2,17.85,0,35.7,81.7,EUR,web
#1294,2025-09-11,paid,fulfilled,France,Occitanie,Toulouse,cust_00734,Marble Cutting Board,Kitchen,Aurora Kitchen,SKU-0002-01,Natural,1,13.17,0,13.17,114.49,EUR,mobile
#1294,2025-09-11,paid,fulfilled,France,Occitanie,Toulouse,cust_00734,Bamboo Bookend Pair,Decor,Casa Bonita,SKU-0047-02,,1,14.92,0,14.92,114.49,EUR,mobile
#1294,2025-09-11,paid,fulfilled,France,Occitanie,Toulouse,cust_00734,Linen Table Runner,Decor,Casa Bonita,SKU-0046-03,Medium,2,22.74,0,45.48,114.49,EUR,mobile
#1294,2025-09-11,paid,fulfilled,France,Occitanie,Toulouse,cust_00734,Marble Bath Towel Set,Bath,Pure Bath,SKU-0057-04,,1,25.7,4.65,21.05,114.49,EUR,mobile
#2233,2025-12-10,paid,fulfilled,Germany,Hamburg,Hamburg,cust_00661,Walnut Soap Dispenser,Bath,Pure Bath,SKU-0053-01,Charcoal,1,31.22,0,31.22,69.37,EUR,web
#2233,2025-12-10,paid,fulfilled,Germany,Hamburg,Hamburg,cust_00661,Marble Bath Mat,Bath,Pure Bath,SKU-0052-02,Charcoal,1,31.82,5.71,26.11,69.37,EUR,web
#1513,2025-10-10,paid,fulfilled,Italy,Lombardia,Bergamo,cust_00767,Marble Cutting Board,Kitchen,Aurora Kitchen,SKU-0002-01,,1,13.17,0,13.17,15.94,EUR,web
#1883,2025-11-13,paid,fulfilled,France,Occitanie,Toulouse,cust_00666,Walnut Soap Dispenser,Bath,Pure Bath,SKU-0053-01,,4,31.22,0,124.88,151.1,EUR,web
#1616,2025-10-20,paid,fulfilled,Spain,Andalucía,Málaga,cust_00581,Oak Linen Duvet,Bedding,Nordic Sleep,SKU-0025-01,,2,28.38,0,56.76,68.68,EUR,web
#2590,2026-01-07,paid,fulfilled,Spain,Madrid,Madrid,cust_00496,Marble Bath Mat,Bath,Pure Bath,SKU-0052-01,Large,1,31.82,0,31.82,91.27,EUR,web
#2590,2026-01-07,paid,fulfilled,Spain,Madrid,Madrid,cust_00496,Brass Candle Holder,Lighting,Lumen Co,SKU-0034-02,,1,43.61,0,43.61,91.27,EUR,web
#1013,2025-08-02,paid,fulfilled,Netherlands,Zuid-Holland,Den Haag,cust_00029,Brass Ceramic Vase,Decor,Casa Bonita,SKU-0049-01,,1,16.22,0,16.22,19.63,EUR,web
#1085,2025-08-13,paid,fulfilled,France,Occitanie,Montpellier,cust_00367,Oak Chef Knife,Kitchen,Aurora Kitchen,SKU-0001-01,Large,1,24.54,0,24.54,29.69,EUR,mobile
#1463,2025-10-04,paid,fulfilled,France,Provence,Nice,cust_00224,Linen Reading Light,Lighting,Lumen Co,SKU-0036-01,Medium,1,30.35,0,30.35,36.72,EUR,web
#3911,2026-07-16,paid,fulfilled,Portugal,Porto,Braga,cust_00626,Stone Wool Throw,Bedding,Nordic Sleep,SKU-0019-01,,1,39.48,4.26,35.22,111.7,EUR,web
#3911,2026-07-16,paid,fulfilled,Portugal,Porto,Braga,cust_00626,Marble Bath Mat,Bath,Pure Bath,SKU-0052-02,,1,31.82,0,31.82,111.7,EUR,web
#3911,2026-07-16,paid,fulfilled,Portugal,Porto,Braga,cust_00626,Oak Bath Towel Set,Bath,Pure Bath,SKU-0051-03,,1,25.27,0,25.27,111.7,EUR,web
#3731,2026-06-21,paid,fulfilled,Spain,Madrid,Madrid,cust_00774,Marble Bath Mat,Bath,Pure Bath,SKU-0052-01,,1,31.82,0,31.82,54.44,EUR,web
#3731,2026-06-21,paid,fulfilled,Spain,Madrid,Madrid,cust_00774,Marble Cutting Board,Kitchen,Aurora Kitchen,SKU-0002-02,,1,13.17,0,13.17,54.44,EUR,web
#2344,2025-12-17,paid,fulfilled,Spain,País Vasco,San Sebastián,cust_00129,Marble Utensil Holder,Kitchen,Aurora Kitchen,SKU-0007-01,Medium,1,17.14,0,17.14,20.74,EUR,web
#3952,2026-07-23,paid,fulfilled,Portugal,Lisboa,Lisboa,cust_00740,Walnut Mattress Topper,Bedding,Nordic Sleep,SKU-0022-01,Natural,1,62.76,0,62.76,139.1,EUR,web
#3952,2026-07-23,paid,fulfilled,Portugal,Lisboa,Lisboa,cust_00740,Stone Robe,Bath,Pure Bath,SKU-0055-02,,1,27.66,0,27.66,139.1,EUR,web
#3952,2026-07-23,paid,fulfilled,Portugal,Lisboa,Lisboa,cust_00740,Oak Chef Knife,Kitchen,Aurora Kitchen,SKU-0001-03,,1,24.54,0,24.54,139.1,EUR,web
#2296,2025-12-14,paid,fulfilled,France,Provence,Marseille,cust_00718,Stone Quilted Bedspread,Bedding,Nordic Sleep,SKU-0029-01,,1,33.99,0,33.99,100.49,EUR,mobile
#2296,2025-12-14,paid,fulfilled,France,Provence,Marseille,cust_00718,Terracotta Wall Sconce,Lighting,Lumen Co,SKU-0033-02,Medium,2,24.53,0,49.06,100.49,EUR,mobile
#3145,2026-04-02,paid,fulfilled,Portugal,Lisboa,Cascais,cust_00625,Oak Chef Knife,Kitchen,Aurora Kitchen,SKU-0011-01,Charcoal,1,33.15,2.93,30.22,36.57,EUR,web
#1157,2025-08-24,paid,fulfilled,France,Occitanie,Montpellier,cust_00652,Oak Storage Jar,Kitchen,Aurora Kitchen,SKU-0016-01,,1,23.74,3.04,20.7,43.38,EUR,web
#1157,2025-08-24,paid,fulfilled,France,Occitanie,Montpellier,cust_00652,Terracotta Woven Basket,Decor,Casa Bonita,SKU-0043-02,,1,17.85,2.7,15.15,43.38,EUR,web
#1761,2025-11-03,paid,fulfilled,Germany,Hamburg,Hamburg,cust_00661,Ceramic Cast Iron Pan,Kitchen,Aurora Kitchen,SKU-0004-01,Charcoal,2,22.58,0,45.16,54.64,EUR,web
#2042,2025-11-26,paid,fulfilled,Spain,Madrid,Alcalá de Henares,cust_00240,Ceramic Cast Iron Pan,Kitchen,Aurora Kitchen,SKU-0014-01,Large,2,40.12,0,80.24,97.09,EUR,web
#1704,2025-10-28,paid,fulfilled,Portugal,Porto,Porto,cust_00266,Brass Wall Art Print,Decor,Casa Bonita,SKU-0044-01,Charcoal,1,23.35,0,23.35,28.25,EUR,web
#1868,2025-11-12,paid,fulfilled,Spain,Madrid,Alcalá de Henares,cust_00777,Terracotta Outdoor Cushion,Outdoor,Terra Garden,SKU-0060-01,,3,23.39,0,70.17,84.91,EUR,web
#2617,2026-01-12,paid,fulfilled,France,Provence,Marseille,cust_00249,Brass Wall Art Print,Decor,Casa Bonita,SKU-0044-01,,1,23.35,0,23.35,28.25,EUR,web
#2016,2025-11-23,paid,fulfilled,Spain,Madrid,Alcalá de Henares,cust_00243,Walnut Ceramic Bowl Set,Kitchen,Aurora Kitchen,SKU-0003-01,,1,44.02,0,44.02,53.26,EUR,pos
#1381,2025-09-23,paid,fulfilled,Spain,Andalucía,Sevilla,cust_00534,Linen Reading Light,Lighting,Lumen Co,SKU-0036-01,,1,30.35,2.23,28.12,49.96,EUR,web
#1381,2025-09-23,paid,fulfilled,Spain,Andalucía,Sevilla,cust_00534,Marble Cutting Board,Kitchen,Aurora Kitchen,SKU-0002-02,,1,13.17,0,13.17,49.96,EUR,web
#1579,2025-10-17,paid,fulfilled,Italy,Lazio,Roma,cust_00821,Marble Bath Towel Set,Bath,Pure Bath,SKU-0057-01,,1,25.7,0,25.7,31.1,EUR,web
#3665,2026-06-11,paid,fulfilled,Spain,Andalucía,Sevilla,cust_00663,Ceramic Weighted Blanket,Bedding,Nordic Sleep,SKU-0023-01,,1,19.09,0,19.09,23.1,EUR,web
#3927,2026-07-19,paid,fulfilled,Spain,Galicia,A Coruña,cust_00416,Brass Floor Lamp,Lighting,Lumen Co,SKU-0039-01,,2,57.5,0,115,139.15,EUR,web
#3480,2026-05-17,paid,fulfilled,Netherlands,Noord-Holland,Amsterdam,cust_00749,Copper Picture Frame,Decor,Casa Bonita,SKU-0050-01,Large,2,17.19,0,34.38,41.6,EUR,web
#3311,2026-04-26,paid,fulfilled,Germany,Hamburg,Hamburg,cust_00964,Marble Cutting Board,Kitchen,Aurora Kitchen,SKU-0002-01,Charcoal,3,13.17,0,39.51,106.23,EUR,web
#3311,2026-04-26,paid,fulfilled,Germany,Hamburg,Hamburg,cust_00964,Ceramic Cast Iron Pan,Kitchen,Aurora Kitchen,SKU-0004-02,,1,22.58,0,22.58,106.23,EUR,web
#3311,2026-04-26,paid,fulfilled,Germany,Hamburg,Hamburg,cust_00964,Marble Bath Towel Set,Bath,Pure Bath,SKU-0057-03,,1,25.7,0,25.7,106.23,EUR,web
#1253,2025-09-06,paid,fulfilled,Netherlands,Noord-Holland,Haarlem,cust_00232,Bamboo Picture Frame,Decor,Casa Bonita,SKU-0042-01,Medium,1,32.28,4.99,27.29,33.02,EUR,web
#3831,2026-07-04,paid,fulfilled,Italy,Lombardia,Bergamo,cust_00776,Ceramic Pillow Case Pair,Bedding,Nordic Sleep,SKU-0028-01,,1,43.58,2.92,40.66,87.7,EUR,web
#3831,2026-07-04,paid,fulfilled,Italy,Lombardia,Bergamo,cust_00776,Marble Bath Mat,Bath,Pure Bath,SKU-0052-02,Natural,1,31.82,0,31.82,87.7,EUR,web
#1416,2025-09-27,paid,fulfilled,Italy,Lombardia,Milano,cust_00198,Bamboo Picture Frame,Decor,Casa Bonita,SKU-0042-01,,1,32.28,0,32.28,39.06,EUR,web
#3821,2026-07-02,paid,fulfilled,Germany,Bayern,München,cust_00673,Linen Planter Pot,Outdoor,Terra Garden,SKU-0058-01,,1,32.68,6.46,26.22,31.73,EUR,mobile
#3406,2026-05-09,paid,fulfilled,France,Occitanie,Montpellier,cust_00330,Ceramic Shower Curtain,Bath,Pure Bath,SKU-0054-01,,1,32.3,3.13,29.17,61.33,EUR,web
#3406,2026-05-09,paid,fulfilled,France,Occitanie,Montpellier,cust_00330,Marble Cutting Board,Kitchen,Aurora Kitchen,SKU-0002-02,Medium,2,13.17,4.82,21.52,61.33,EUR,web
#1057,2025-08-08,paid,fulfilled,Spain,País Vasco,Bilbao,cust_01179,Walnut Ceramic Bowl Set,Kitchen,Aurora Kitchen,SKU-0003-01,,1,44.02,0,44.02,53.26,EUR,web
#1880,2025-11-13,refunded,fulfilled,Spain,Madrid,Madrid,cust_01026,Stone Wool Throw,Bedding,Nordic Sleep,SKU-0019-01,Charcoal,2,39.48,0,78.96,111.48,EUR,web
#1880,2025-11-13,refunded,fulfilled,Spain,Madrid,Madrid,cust_01026,Marble Cutting Board,Kitchen,Aurora Kitchen,SKU-0002-02,Medium,1,13.17,0,13.17,111.48,EUR,web
#3499,2026-05-20,paid,fulfilled,Spain,País Vasco,San Sebastián,cust_01197,Bamboo Picture Frame,Decor,Casa Bonita,SKU-0042-01,,1,32.28,0,32.28,142.1,EUR,web
#3499,2026-05-20,paid,fulfilled,Spain,País Vasco,San Sebastián,cust_01197,Walnut Ceramic Bowl Set,Kitchen,Aurora Kitchen,SKU-0003-02,,1,44.02,0,44.02,142.1,EUR,web
#3499,2026-05-20,paid,fulfilled,Spain,País Vasco,San Sebastián,cust_01197,Linen Reading Light,Lighting,Lumen Co,SKU-0036-03,,1,30.35,4.4,25.95,142.1,EUR,web
#3499,2026-05-20,paid,fulfilled,Spain,País Vasco,San Sebastián,cust_01197,Copper Wall Mirror,Decor,Casa Bonita,SKU-0040-04,,1,15.19,0,15.19,142.1,EUR,web
#2056,2025-11-26,paid,fulfilled,Netherlands,Noord-Holland,Haarlem,cust_00448,Marble Bath Mat,Bath,Pure Bath,SKU-0052-01,,1,31.82,0,31.82,38.5,EUR,web
#3617,2026-06-04,paid,fulfilled,Spain,Galicia,Vigo,cust_00064,Brass Ceramic Vase,Decor,Casa Bonita,SKU-0049-01,,1,16.22,1.29,14.93,18.07,EUR,web
#2293,2025-12-14,paid,fulfilled,Germany,Hamburg,Hamburg,cust_00660,Marble Cotton Sheet Set,Bedding,Nordic Sleep,SKU-0026-01,Medium,1,66.77,0,66.77,80.79,EUR,web
#2932,2026-03-02,paid,fulfilled,France,Occitanie,Montpellier,cust_00330,Bamboo Bookend Pair,Decor,Casa Bonita,SKU-0047-01,Charcoal,1,14.92,2.35,12.57,15.21,EUR,web
#3763,2026-06-24,paid,fulfilled,Italy,Lombardia,Bergamo,cust_00914,Oak Vanity Tray,Bath,Pure Bath,SKU-0056-01,Small,1,24.8,0,24.8,139.71,EUR,web
#3763,2026-06-24,paid,fulfilled,Italy,Lombardia,Bergamo,cust_00914,Marble Quilted Bedspread,Bedding,Nordic Sleep,SKU-0021-02,,1,63.83,11.16,52.67,139.71,EUR,web
#3763,2026-06-24,paid,fulfilled,Italy,Lombardia,Bergamo,cust_00914,Linen Ceramic Vase,Decor,Casa Bonita,SKU-0041-03,,1,37.99,0,37.99,139.71,EUR,web
#2513,2025-12-30,paid,fulfilled,Spain,Madrid,Madrid,cust_00172,Bamboo Bookend Pair,Decor,Casa Bonita,SKU-0047-01,,1,14.92,0,14.92,18.05,EUR,web
#1732,2025-11-01,paid,fulfilled,France,Occitanie,Toulouse,cust_00734,Ceramic Cast Iron Pan,Kitchen,Aurora Kitchen,SKU-0004-01,,1,22.58,0,22.58,27.32,EUR,web
#1682,2025-10-26,paid,fulfilled,Germany,Hamburg,Hamburg,cust_01062,Stone Espresso Mug,Kitchen,Aurora Kitchen,SKU-0005-01,,1,17.01,2.7,14.31,17.32,EUR,web
#3961,2026-07-24,paid,fulfilled,France,Occitanie,Toulouse,cust_00316,Stone Quilted Bedspread,Bedding,Nordic Sleep,SKU-0029-01,,1,33.99,0,33.99,41.13,EUR,pos
#1561,2025-10-15,paid,fulfilled,France,Provence,Nice,cust_00535,Brass Wall Art Print,Decor,Casa Bonita,SKU-0044-01,,1,23.35,0,23.35,28.25,EUR,web
#3746,2026-06-22,paid,fulfilled,France,Occitanie,Toulouse,cust_00866,Bamboo Picture Frame,Decor,Casa Bonita,SKU-0042-01,,1,32.28,2.45,29.83,36.09,EUR,web
#2940,2026-03-03,paid,fulfilled,Spain,Madrid,Madrid,cust_00026,Marble Cutting Board,Kitchen,Aurora Kitchen,SKU-0002-01,,1,13.17,0,13.17,15.94,EUR,web
#2194,2025-12-07,paid,fulfilled,Germany,Hamburg,Hamburg,cust_00302,Marble Cutting Board,Kitchen,Aurora Kitchen,SKU-0002-01,,1,13.17,2.44,10.73,113.39,EUR,web
#2194,2025-12-07,paid,fulfilled,Germany,Hamburg,Hamburg,cust_00302,Stone Robe,Bath,Pure Bath,SKU-0055-02,,3,27.66,0,82.98,113.39,EUR,web
#2736,2026-01-30,paid,fulfilled,France,Île-de-France,Versailles,cust_00358,Bamboo Table Lamp,Lighting,Lumen Co,SKU-0037-01,Small,2,39.74,0,79.48,96.17,EUR,web
#3384,2026-05-05,paid,fulfilled,Spain,Galicia,A Coruña,cust_00695,Oak Chef Knife,Kitchen,Aurora Kitchen,SKU-0001-01,,1,24.54,0,24.54,96.17,EUR,web
#3384,2026-05-05,paid,fulfilled,Spain,Galicia,A Coruña,cust_00695,Brass Wall Art Print,Decor,Casa Bonita,SKU-0044-02,,2,23.35,0,46.7,96.17,EUR,web
#3384,2026-05-05,paid,fulfilled,Spain,Galicia,A Coruña,cust_00695,Copper Scented Candle,Decor,Casa Bonita,SKU-0045-03,,1,8.24,0,8.24,96.17,EUR,web
#1860,2025-11-11,paid,fulfilled,Spain,Galicia,Vigo,cust_00297,Marble Cutting Board,Kitchen,Aurora Kitchen,SKU-0002-01,Charcoal,1,13.17,0,13.17,15.94,EUR,web
#3405,2026-05-09,paid,fulfilled,Spain,País Vasco,Bilbao,cust_00315,Stone Quilted Bedspread,Bedding,Nordic Sleep,SKU-0029-01,Charcoal,2,33.99,0,67.98,160.37,EUR,web
#3405,2026-05-09,paid,fulfilled,Spain,País Vasco,Bilbao,cust_00315,Bamboo Picture Frame,Decor,Casa Bonita,SKU-0042-02,Natural,2,32.28,0,64.56,160.37,EUR,web
#1593,2025-10-18,paid,fulfilled,Spain,Valencia,Alicante,cust_00513,Terracotta Pendant Light,Lighting,Lumen Co,SKU-0038-01,Small,2,38.48,0,76.96,184.85,EUR,web
#1593,2025-10-18,paid,fulfilled,Spain,Valencia,Alicante,cust_00513,Oak Bath Towel Set,Bath,Pure Bath,SKU-0051-02,,3,25.27,0,75.81,184.85,EUR,web
#1919,2025-11-15,paid,fulfilled,Spain,Andalucía,Sevilla,cust_01022,Marble Cutting Board,Kitchen,Aurora Kitchen,SKU-0002-01,Small,3,13.17,7.11,32.4,162.65,EUR,web
#1919,2025-11-15,paid,fulfilled,Spain,Andalucía,Sevilla,cust_01022,Ceramic Cast Iron Pan,Kitchen,Aurora Kitchen,SKU-0004-02,Small,4,22.58,16.16,74.16,162.65,EUR,web
#1919,2025-11-15,paid,fulfilled,Spain,Andalucía,Sevilla,cust_01022,Ceramic Tea Kettle,Kitchen,Aurora Kitchen,SKU-0009-03,,2,13.93,0,27.86,162.65,EUR,web
#3469,2026-05-16,paid,fulfilled,Spain,País Vasco,San Sebastián,cust_00697,Brass Candle Holder,Lighting,Lumen Co,SKU-0034-01,Large,1,43.61,0,43.61,77.95,EUR,web
#3469,2026-05-16,paid,fulfilled,Spain,País Vasco,San Sebastián,cust_00697,Marble Bath Towel Set,Bath,Pure Bath,SKU-0057-02,,1,25.7,4.89,20.81,77.95,EUR,web
#3409,2026-05-09,paid,fulfilled,Spain,Galicia,A Coruña,cust_01128,Ceramic Cast Iron Pan,Kitchen,Aurora Kitchen,SKU-0004-01,Small,1,22.58,4.04,18.54,72.08,EUR,web
#3409,2026-05-09,paid,fulfilled,Spain,Galicia,A Coruña,cust_01128,Ceramic Tea Kettle,Kitchen,Aurora Kitchen,SKU-0009-02,,2,13.93,0,27.86,72.08,EUR,web
#3409,2026-05-09,paid,fulfilled,Spain,Galicia,A Coruña,cust_01128,Marble Cutting Board,Kitchen,Aurora Kitchen,SKU-0002-03,,1,13.17,0,13.17,72.08,EUR,web
#3867,2026-07-09,paid,fulfilled,Italy,Lombardia,Milano,cust_00191,Bamboo Bookend Pair,Decor,Casa Bonita,SKU-0047-01,,1,14.92,0,14.92,170.69,EUR,web
#3867,2026-07-09,paid,fulfilled,Italy,Lombardia,Milano,cust_00191,Marble Bath Towel Set,Bath,Pure Bath,SKU-0057-02,Charcoal,4,25.7,0,102.8,170.69,EUR,web
#3867,2026-07-09,paid,fulfilled,Italy,Lombardia,Milano,cust_00191,Brass Wall Art Print,Decor,Casa Bonita,SKU-0044-03,,1,23.35,0,23.35,170.69,EUR,web
#3993,2026-07-31,paid,partial,Portugal,Porto,Porto,cust_01188,Marble Bath Mat,Bath,Pure Bath,SKU-0052-01,,3,31.82,9.11,86.35,104.48,EUR,web
#3700,2026-06-17,paid,fulfilled,Portugal,Lisboa,Lisboa,cust_00267,Bamboo Garden Lantern,Outdoor,Terra Garden,SKU-0059-01,,1,40.04,0,40.04,48.45,EUR,web
#2691,2026-01-23,paid,fulfilled,Spain,Cataluña,Girona,cust_00391,Ceramic Shower Curtain,Bath,Pure Bath,SKU-0054-01,,1,32.3,0,32.3,82.28,EUR,pos
#2691,2026-01-23,paid,fulfilled,Spain,Cataluña,Girona,cust_00391,Terracotta Woven Basket,Decor,Casa Bonita,SKU-0043-02,Natural,2,17.85,0,35.7,82.28,EUR,pos
#2281,2025-12-13,paid,fulfilled,Netherlands,Zuid-Holland,Rotterdam,cust_00739,Oak Chef Knife,Kitchen,Aurora Kitchen,SKU-0001-01,,1,24.54,2.66,21.88,107.27,EUR,mobile
#2281,2025-12-13,paid,fulfilled,Netherlands,Zuid-Holland,Rotterdam,cust_00739,Marble Cotton Sheet Set,Bedding,Nordic Sleep,SKU-0026-02,,1,66.77,0,66.77,107.27,EUR,mobile
#1289,2025-09-10,paid,fulfilled,Spain,Cataluña,Girona,cust_00454,Oak Chef Knife,Kitchen,Aurora Kitchen,SKU-0011-01,Natural,1,33.15,0,33.15,40.11,EUR,web
#2435,2025-12-24,paid,fulfilled,Spain,Valencia,Valencia,cust_00099,Marble Cutting Board,Kitchen,Aurora Kitchen,SKU-0002-01,,1,13.17,0,13.17,15.94,EUR,web
#2517,2025-12-30,paid,fulfilled,Portugal,Lisboa,Lisboa,cust_00849,Marble Cutting Board,Kitchen,Aurora Kitchen,SKU-0002-01,Charcoal,1,13.17,0,13.17,15.94,EUR,web
#1380,2025-09-23,paid,fulfilled,Spain,Madrid,Madrid,cust_00468,Marble Cutting Board,Kitchen,Aurora Kitchen,SKU-0002-01,,1,13.17,0,13.17,15.94,EUR,web
#2753,2026-02-02,paid,fulfilled,Spain,Andalucía,Sevilla,cust_00889,Walnut Wool Throw,Bedding,Nordic Sleep,SKU-0027-01,,1,63.89,0,63.89,104.82,EUR,web
#2753,2026-02-02,paid,fulfilled,Spain,Andalucía,Sevilla,cust_00889,Linen Table Runner,Decor,Casa Bonita,SKU-0046-02,,1,22.74,0,22.74,104.82,EUR,web
#2721,2026-01-28,paid,fulfilled,Spain,País Vasco,Bilbao,cust_00818,Walnut Wool Throw,Bedding,Nordic Sleep,SKU-0027-01,,2,63.89,0,127.78,154.61,EUR,web
#3137,2026-04-02,paid,fulfilled,Italy,Lombardia,Milano,cust_00480,Ceramic Pillow Case Pair,Bedding,Nordic Sleep,SKU-0028-01,,1,43.58,0,43.58,134.99,EUR,web
#3137,2026-04-02,paid,fulfilled,Italy,Lombardia,Milano,cust_00480,Stone Quilted Bedspread,Bedding,Nordic Sleep,SKU-0029-02,Large,2,33.99,0,67.98,134.99,EUR,web
#2729,2026-01-29,paid,fulfilled,Spain,Andalucía,Sevilla,cust_00534,Marble Bath Mat,Bath,Pure Bath,SKU-0052-01,,1,31.82,0,31.82,38.5,EUR,mobile
#3445,2026-05-13,paid,fulfilled,Spain,Madrid,Madrid,cust_00770,Marble Bath Towel Set,Bath,Pure Bath,SKU-0057-01,Large,1,25.7,0,25.7,242.17,EUR,web
#3445,2026-05-13,paid,fulfilled,Spain,Madrid,Madrid,cust_00770,Brass Candle Holder,Lighting,Lumen Co,SKU-0034-02,Large,4,43.61,0,174.44,242.17,EUR,web
#3043,2026-03-17,paid,fulfilled,Spain,Galicia,A Coruña,cust_00546,Ceramic Cast Iron Pan,Kitchen,Aurora Kitchen,SKU-0014-01,,1,40.12,7.49,32.63,39.48,EUR,web
#2849,2026-02-19,paid,fulfilled,Netherlands,Noord-Holland,Amsterdam,cust_01178,Marble Utensil Holder,Kitchen,Aurora Kitchen,SKU-0007-01,,1,17.14,0,17.14,232.13,EUR,mobile
#2849,2026-02-19,paid,fulfilled,Netherlands,Noord-Holland,Amsterdam,cust_01178,Oak Pillow Case Pair,Bedding,Nordic Sleep,SKU-0020-02,,4,54.3,42.5,174.7,232.13,EUR,mobile
#2499,2025-12-29,paid,fulfilled,Spain,Galicia,Vigo,cust_00319,Stone Quilted Bedspread,Bedding,Nordic Sleep,SKU-0029-01,,1,33.99,0,33.99,60.25,EUR,web
#2499,2025-12-29,paid,fulfilled,Spain,Galicia,Vigo,cust_00319,Terracotta Woven Basket,Decor,Casa Bonita,SKU-0043-02,,1,17.85,2.05,15.8,60.25,EUR,web
#3757,2026-06-23,paid,fulfilled,Germany,Berlin,Berlin,cust_00208,Oak Chef Knife,Kitchen,Aurora Kitchen,SKU-0001-01,Small,1,24.54,2.31,22.23,26.9,EUR,web
#2214,2025-12-08,paid,fulfilled,France,Occitanie,Toulouse,cust_00711,Walnut Mattress Topper,Bedding,Nordic Sleep,SKU-0022-01,,1,62.76,0,62.76,75.94,EUR,web
#2523,2025-12-30,refunded,fulfilled,Germany,Hamburg,Hamburg,cust_00263,Bamboo Garden Lantern,Outdoor,Terra Garden,SKU-0059-01,,1,40.04,0,40.04,139.95,EUR,web
#2523,2025-12-30,refunded,fulfilled,Germany,Hamburg,Hamburg,cust_00263,Bamboo Bookend Pair,Decor,Casa Bonita,SKU-0047-02,,1,14.92,0,14.92,139.95,EUR,web
#2523,2025-12-30,refunded,fulfilled,Germany,Hamburg,Hamburg,cust_00263,Linen Reading Light,Lighting,Lumen Co,SKU-0036-03,,2,30.35,0,60.7,139.95,EUR,web
#1077,2025-08-12,paid,fulfilled,Portugal,Lisboa,Lisboa,cust_00848,Linen Ceramic Vase,Decor,Casa Bonita,SKU-0041-01,,2,37.99,0,75.98,168.94,EUR,web
#1077,2025-08-12,paid,fulfilled,Portugal,Lisboa,Lisboa,cust_00848,Marble Bath Mat,Bath,Pure Bath,SKU-0052-02,,2,31.82,0,63.64,168.94,EUR,web
#3991,2026-07-30,paid,fulfilled,Spain,Valencia,Valencia,cust_00436,Linen Pendant Light,Lighting,Lumen Co,SKU-0031-01,,2,45.87,0,91.74,111.01,EUR,web
#2977,2026-03-08,paid,fulfilled,Spain,Madrid,Alcalá de Henares,cust_00240,Brass Wall Art Print,Decor,Casa Bonita,SKU-0044-01,,3,23.35,0,70.05,113.06,EUR,web
#2977,2026-03-08,paid,fulfilled,Spain,Madrid,Alcalá de Henares,cust_00240,Terracotta Outdoor Cushion,Outdoor,Terra Garden,SKU-0060-02,Charcoal,1,23.39,0,23.39,113.06,EUR,web
#1203,2025-08-31,paid,fulfilled,Spain,Andalucía,Málaga,cust_00242,Terracotta Woven Basket,Decor,Casa Bonita,SKU-0043-01,Charcoal,2,17.85,0,35.7,207.64,EUR,pos
#1203,2025-08-31,paid,fulfilled,Spain,Andalucía,Málaga,cust_00242,Copper Scented Candle,Decor,Casa Bonita,SKU-0045-02,Large,1,8.24,0,8.24,207.64,EUR,pos
#1203,2025-08-31,paid,fulfilled,Spain,Andalucía,Málaga,cust_00242,Marble Quilted Bedspread,Bedding,Nordic Sleep,SKU-0021-03,,2,63.83,0,127.66,207.64,EUR,pos
#3356,2026-05-03,paid,fulfilled,Portugal,Lisboa,Cascais,cust_00018,Ceramic Shower Curtain,Bath,Pure Bath,SKU-0054-01,Natural,1,32.3,4.05,28.25,34.18,EUR,web
#1066,2025-08-10,paid,fulfilled,Italy,Lombardia,Bergamo,cust_00226,Ceramic Shower Curtain,Bath,Pure Bath,SKU-0054-01,,3,32.3,0,96.9,117.25,EUR,web
#2203,2025-12-07,paid,fulfilled,Germany,Hamburg,Hamburg,cust_00778,Walnut Mixing Bowl,Kitchen,Aurora Kitchen,SKU-0008-01,,1,38.08,0,38.08,74.38,EUR,mobile
#2203,2025-12-07,paid,fulfilled,Germany,Hamburg,Hamburg,cust_00778,Terracotta Outdoor Cushion,Outdoor,Terra Garden,SKU-0060-02,Medium,1,23.39,0,23.39,74.38,EUR,mobile
#1241,2025-09-04,paid,fulfilled,France,Occitanie,Toulouse,cust_00132,Ceramic Cotton Sheet Set,Bedding,Nordic Sleep,SKU-0018-01,,1,49.14,0,49.14,59.46,EUR,web
#3958,2026-07-23,partially_refunded,fulfilled,Italy,Lombardia,Milano,cust_00231,Copper String Lights,Lighting,Lumen Co,SKU-0035-01,Large,1,40.63,5.13,35.5,42.96,EUR,web
#1598,2025-10-19,paid,fulfilled,Portugal,Lisboa,Cascais,cust_00018,Terracotta Outdoor Cushion,Outdoor,Terra Garden,SKU-0060-01,,1,23.39,0,23.39,28.3,EUR,web
#1468,2025-10-04,paid,fulfilled,Spain,Cataluña,Girona,cust_01153,Terracotta Woven Basket,Decor,Casa Bonita,SKU-0043-01,,1,17.85,0,17.85,52.7,EUR,web
#1468,2025-10-04,paid,fulfilled,Spain,Cataluña,Girona,cust_01153,Marble Bath Towel Set,Bath,Pure Bath,SKU-0057-02,,1,25.7,0,25.7,52.7,EUR,web
#2820,2026-02-14,paid,fulfilled,Spain,Galicia,A Coruña,cust_01105,Ceramic Cast Iron Pan,Kitchen,Aurora Kitchen,SKU-0014-01,,1,40.12,0,40.12,105.05,EUR,web
#2820,2026-02-14,paid,fulfilled,Spain,Galicia,A Coruña,cust_01105,Brass Wall Art Print,Decor,Casa Bonita,SKU-0044-02,Natural,2,23.35,0,46.7,105.05,EUR,web
#3840,2026-07-05,paid,fulfilled,Spain,Andalucía,Málaga,cust_00030,Terracotta Woven Basket,Decor,Casa Bonita,SKU-0043-01,Natural,2,17.85,0,35.7,43.2,EUR,web
#1879,2025-11-13,paid,fulfilled,Spain,Madrid,Alcalá de Henares,cust_00487,Brass Wall Art Print,Decor,Casa Bonita,SKU-0044-01,,2,23.35,0,46.7,222.05,EUR,web
#1879,2025-11-13,paid,fulfilled,Spain,Madrid,Alcalá de Henares,cust_00487,Walnut Mixing Bowl,Kitchen,Aurora Kitchen,SKU-0008-02,,3,38.08,18.69,95.55,222.05,EUR,web
#1879,2025-11-13,paid,fulfilled,Spain,Madrid,Alcalá de Henares,cust_00487,Bamboo Bookend Pair,Decor,Casa Bonita,SKU-0047-03,,1,14.92,0,14.92,222.05,EUR,web
#1879,2025-11-13,paid,fulfilled,Spain,Madrid,Alcalá de Henares,cust_00487,Marble Cutting Board,Kitchen,Aurora Kitchen,SKU-0002-04,,2,13.17,0,26.34,222.05,EUR,web
#1156,2025-08-24,paid,fulfilled,Spain,Madrid,Alcalá de Henares,cust_00803,Stone Espresso Mug,Kitchen,Aurora Kitchen,SKU-0005-01,Natural,2,17.01,0,34.02,288.36,EUR,web
#1156,2025-08-24,paid,fulfilled,Spain,Madrid,Alcalá de Henares,cust_00803,Brass Candle Holder,Lighting,Lumen Co,SKU-0034-02,,1,43.61,0,43.61,288.36,EUR,web
#1156,2025-08-24,paid,fulfilled,Spain,Madrid,Alcalá de Henares,cust_00803,Ceramic Cast Iron Pan,Kitchen,Aurora Kitchen,SKU-0004-03,,2,22.58,0,45.16,288.36,EUR,web
#1156,2025-08-24,paid,fulfilled,Spain,Madrid,Alcalá de Henares,cust_00803,Marble Cotton Sheet Set,Bedding,Nordic Sleep,SKU-0026-04,,2,66.77,18.02,115.52,288.36,EUR,web
#2871,2026-02-22,paid,fulfilled,France,Provence,Nice,cust_00125,Marble Cutting Board,Kitchen,Aurora Kitchen,SKU-0012-01,,1,15.09,0,15.09,35.11,EUR,web
#2871,2026-02-22,paid,fulfilled,France,Provence,Nice,cust_00125,Ceramic Tea Kettle,Kitchen,Aurora Kitchen,SKU-0009-02,,1,13.93,0,13.93,35.11,EUR,web
#3383,2026-05-05,paid,fulfilled,Spain,Andalucía,Sevilla,cust_00390,Terracotta Outdoor Cushion,Outdoor,Terra Garden,SKU-0060-01,,2,23.39,0,46.78,95.11,EUR,web
#3383,2026-05-05,paid,fulfilled,Spain,Andalucía,Sevilla,cust_00390,Marble Bath Mat,Bath,Pure Bath,SKU-0052-02,Large,1,31.82,0,31.82,95.11,EUR,web
#1375,2025-09-22,paid,fulfilled,Spain,Andalucía,Málaga,cust_00283,Brass Ceramic Vase,Decor,Casa Bonita,SKU-0049-01,Small,2,16.22,0,32.44,75.36,EUR,web
#1375,2025-09-22,paid,fulfilled,Spain,Andalucía,Málaga,cust_00283,Bamboo Bookend Pair,Decor,Casa Bonita,SKU-0047-02,Natural,2,14.92,0,29.84,75.36,EUR,web
#2621,2026-01-12,paid,fulfilled,Germany,Hamburg,Hamburg,cust_00661,Bamboo Bookend Pair,Decor,Casa Bonita,SKU-0047-01,,1,14.92,0,14.92,18.05,EUR,web
#3450,2026-05-14,paid,fulfilled,Italy,Lombardia,Bergamo,cust_00776,Oak Storage Jar,Kitchen,Aurora Kitchen,SKU-0006-01,,1,27.52,2.61,24.91,66.86,EUR,web
#3450,2026-05-14,paid,fulfilled,Italy,Lombardia,Bergamo,cust_00776,Linen Reading Light,Lighting,Lumen Co,SKU-0036-02,Charcoal,1,30.35,0,30.35,66.86,EUR,web
#1932,2025-11-16,paid,fulfilled,Netherlands,Noord-Holland,Haarlem,cust_00656,Marble Bath Mat,Bath,Pure Bath,SKU-0052-01,,1,31.82,0,31.82,75.23,EUR,web
#1932,2025-11-16,paid,fulfilled,Netherlands,Noord-Holland,Haarlem,cust_00656,Linen Reading Light,Lighting,Lumen Co,SKU-0036-02,Medium,1,30.35,0,30.35,75.23,EUR,web
#2813,2026-02-13,paid,fulfilled,Germany,Berlin,Berlin,cust_00277,Brass Wall Art Print,Decor,Casa Bonita,SKU-0044-01,,1,23.35,0,23.35,74.77,EUR,web
#2813,2026-02-13,paid,fulfilled,Germany,Berlin,Berlin,cust_00277,Oak Bath Towel Set,Bath,Pure Bath,SKU-0051-02,,1,25.27,0,25.27,74.77,EUR,web
#2813,2026-02-13,paid,fulfilled,Germany,Berlin,Berlin,cust_00277,Marble Cutting Board,Kitchen,Aurora Kitchen,SKU-0002-03,,1,13.17,0,13.17,74.77,EUR,web
#2373,2025-12-20,paid,fulfilled,Spain,Galicia,Vigo,cust_00617,Brass Wall Art Print,Decor,Casa Bonita,SKU-0044-01,Medium,1,23.35,0,23.35,137.47,EUR,web
#2373,2025-12-20,paid,fulfilled,Spain,Galicia,Vigo,cust_00617,Bamboo Picture Frame,Decor,Casa Bonita,SKU-0042-02,,2,32.28,0,64.56,137.47,EUR,web
#2373,2025-12-20,paid,fulfilled,Spain,Galicia,Vigo,cust_00617,Marble Bath Towel Set,Bath,Pure Bath,SKU-0057-03,,1,25.7,0,25.7,137.47,EUR,web
#1645,2025-10-22,paid,fulfilled,Netherlands,Noord-Holland,Haarlem,cust_00017,Oak Chef Knife,Kitchen,Aurora Kitchen,SKU-0011-01,,1,33.15,0,33.15,40.11,EUR,web
#1770,2025-11-04,paid,fulfilled,Spain,Madrid,Madrid,cust_00488,Stone Quilted Bedspread,Bedding,Nordic Sleep,SKU-0029-01,Small,1,33.99,6.35,27.64,33.44,EUR,web
#3432,2026-05-12,paid,fulfilled,Spain,Cataluña,Girona,cust_00100,Oak Vanity Tray,Bath,Pure Bath,SKU-0056-01,,1,24.8,0,24.8,30.01,EUR,web
#1786,2025-11-06,paid,fulfilled,France,Île-de-France,Versailles,cust_00317,Marble Bath Mat,Bath,Pure Bath,SKU-0052-01,Small,1,31.82,0,31.82,78.61,EUR,pos
#1786,2025-11-06,paid,fulfilled,France,Île-de-France,Versailles,cust_00317,Oak Chef Knife,Kitchen,Aurora Kitchen,SKU-0011-02,Small,1,33.15,0,33.15,78.61,EUR,pos
#1498,2025-10-08,paid,fulfilled,France,Provence,Marseille,cust_00504,Walnut Mixing Bowl,Kitchen,Aurora Kitchen,SKU-0008-01,Medium,1,38.08,0,38.08,46.08,EUR,web
#1950,2025-11-18,paid,fulfilled,Spain,Madrid,Madrid,cust_00468,Marble Bath Mat,Bath,Pure Bath,SKU-0052-01,,1,31.82,0,31.82,38.5,EUR,pos
#2668,2026-01-19,paid,fulfilled,France,Île-de-France,Versailles,cust_00420,Ceramic Cast Iron Pan,Kitchen,Aurora Kitchen,SKU-0004-01,Small,1,22.58,0,22.58,87.34,EUR,web
#2668,2026-01-19,paid,fulfilled,France,Île-de-France,Versailles,cust_00420,Oak Vanity Tray,Bath,Pure Bath,SKU-0056-02,,2,24.8,0,49.6,87.34,EUR,web
#2707,2026-01-26,paid,fulfilled,Germany,Hamburg,Hamburg,cust_00998,Walnut Soap Dispenser,Bath,Pure Bath,SKU-0053-01,Small,2,31.22,0,62.44,75.55,EUR,web
#3366,2026-05-03,paid,fulfilled,Netherlands,Noord-Holland,Amsterdam,cust_00464,Ceramic Cast Iron Pan,Kitchen,Aurora Kitchen,SKU-0014-01,Medium,1,40.12,0,40.12,48.55,EUR,web
#3428,2026-05-12,paid,fulfilled,Spain,Andalucía,Málaga,cust_00788,Ceramic Cast Iron Pan,Kitchen,Aurora Kitchen,SKU-0004-01,,3,22.58,8.26,59.48,128.05,EUR,pos
#3428,2026-05-12,paid,fulfilled,Spain,Andalucía,Málaga,cust_00788,Bamboo Floor Lamp,Lighting,Lumen Co,SKU-0032-02,Natural,1,46.35,0,46.35,128.05,EUR,pos
#2913,2026-02-28,paid,fulfilled,France,Provence,Marseille,cust_00444,Linen Reading Light,Lighting,Lumen Co,SKU-0036-01,,1,30.35,5.3,25.05,30.31,EUR,pos
#3459,2026-05-15,paid,fulfilled,Spain,Madrid,Alcalá de Henares,cust_00759,Brass Candle Holder,Lighting,Lumen Co,SKU-0034-01,Large,1,43.61,0,43.61,52.77,EUR,web
#3374,2026-05-04,paid,fulfilled,France,Occitanie,Toulouse,cust_00844,Walnut Wool Throw,Bedding,Nordic Sleep,SKU-0027-01,,1,63.89,0,63.89,77.31,EUR,pos
#2589,2026-01-07,refunded,fulfilled,Germany,Hamburg,Hamburg,cust_00394,Bamboo Bookend Pair,Decor,Casa Bonita,SKU-0047-01,Small,1,14.92,0,14.92,100.31,EUR,web
#2589,2026-01-07,refunded,fulfilled,Germany,Hamburg,Hamburg,cust_00394,Stone Quilted Bedspread,Bedding,Nordic Sleep,SKU-0029-02,Large,2,33.99,0,67.98,100.31,EUR,web
#3882,2026-07-12,paid,fulfilled,Germany,Hamburg,Hamburg,cust_00660,Oak Chef Knife,Kitchen,Aurora Kitchen,SKU-0001-01,Charcoal,3,24.54,12.84,60.78,73.54,EUR,mobile
#3656,2026-06-10,paid,fulfilled,France,Occitanie,Toulouse,cust_00666,Walnut Wool Throw,Bedding,Nordic Sleep,SKU-0027-01,,1,63.89,0,63.89,77.31,EUR,web
#3158,2026-04-04,paid,fulfilled,France,Provence,Nice,cust_01002,Marble Bath Mat,Bath,Pure Bath,SKU-0052-01,Medium,1,31.82,0,31.82,38.5,EUR,web
#1789,2025-11-06,paid,fulfilled,France,Provence,Marseille,cust_00073,Brass Wall Art Print,Decor,Casa Bonita,SKU-0044-01,,1,23.35,0,23.35,28.25,EUR,web
#3491,2026-05-19,paid,fulfilled,Spain,Galicia,Vigo,cust_00357,Ceramic Cast Iron Pan,Kitchen,Aurora Kitchen,SKU-0004-01,Charcoal,1,22.58,0,22.58,65.82,EUR,mobile
#3491,2026-05-19,paid,fulfilled,Spain,Galicia,Vigo,cust_00357,Marble Bath Mat,Bath,Pure Bath,SKU-0052-02,Charcoal,1,31.82,0,31.82,65.82,EUR,mobile
#1636,2025-10-21,paid,fulfilled,Spain,Madrid,Madrid,cust_00468,Brass Wall Art Print,Decor,Casa Bonita,SKU-0044-01,,1,23.35,0,23.35,28.25,EUR,web
#3234,2026-04-15,paid,fulfilled,Spain,Andalucía,Málaga,cust_00148,Copper Scented Candle,Decor,Casa Bonita,SKU-0045-01,,1,8.24,0,8.24,90.76,EUR,web
#3234,2026-04-15,paid,fulfilled,Spain,Andalucía,Málaga,cust_00148,Marble Cotton Sheet Set,Bedding,Nordic Sleep,SKU-0026-02,,1,66.77,0,66.77,90.76,EUR,web
#3830,2026-07-04,paid,fulfilled,Germany,Bayern,München,cust_00636,Marble Cutting Board,Kitchen,Aurora Kitchen,SKU-0012-01,,1,15.09,0,15.09,56.76,EUR,web
#3830,2026-07-04,paid,fulfilled,Germany,Bayern,München,cust_00636,Marble Bath Mat,Bath,Pure Bath,SKU-0052-02,,1,31.82,0,31.82,56.76,EUR,web
#2321,2025-12-16,paid,fulfilled,Spain,Madrid,Alcalá de Henares,cust_00777,Marble Cutting Board,Kitchen,Aurora Kitchen,SKU-0012-01,,2,15.09,0,30.18,57.32,EUR,web
#2321,2025-12-16,paid,fulfilled,Spain,Madrid,Alcalá de Henares,cust_00777,Copper Picture Frame,Decor,Casa Bonita,SKU-0050-02,,1,17.19,0,17.19,57.32,EUR,web
#3959,2026-07-23,paid,fulfilled,France,Provence,Marseille,cust_00530,Bamboo Picture Frame,Decor,Casa Bonita,SKU-0042-01,,2,32.28,0,64.56,108.38,EUR,pos
#3959,2026-07-23,paid,fulfilled,France,Provence,Marseille,cust_00530,Stone Robe,Bath,Pure Bath,SKU-0055-02,Medium,1,27.66,2.65,25.01,108.38,EUR,pos
#1273,2025-09-08,paid,fulfilled,Netherlands,Zuid-Holland,Rotterdam,cust_00937,Copper String Lights,Lighting,Lumen Co,SKU-0035-01,,1,40.63,0,40.63,237.33,EUR,web
#1273,2025-09-08,paid,fulfilled,Netherlands,Zuid-Holland,Rotterdam,cust_00937,Walnut Ceramic Bowl Set,Kitchen,Aurora Kitchen,SKU-0003-02,,1,44.02,8.1,35.92,237.33,EUR,web
#1273,2025-09-08,paid,fulfilled,Netherlands,Zuid-Holland,Rotterdam,cust_00937,Linen Ceramic Vase,Decor,Casa Bonita,SKU-0041-03,,2,37.99,0,75.98,237.33,EUR,web
#1273,2025-09-08,paid,fulfilled,Netherlands,Zuid-Holland,Rotterdam,cust_00937,Brass Candle Holder,Lighting,Lumen Co,SKU-0034-04,Natural,1,43.61,0,43.61,237.33,EUR,web
#1059,2025-08-09,paid,fulfilled,Spain,País Vasco,Bilbao,cust_01168,Stone Robe,Bath,Pure Bath,SKU-0055-01,,3,27.66,0,82.98,100.41,EUR,web
#1387,2025-09-23,paid,fulfilled,Spain,Andalucía,Sevilla,cust_01114,Oak Chef Knife,Kitchen,Aurora Kitchen,SKU-0001-01,,1,24.54,0,24.54,29.69,EUR,mobile
#3775,2026-06-26,paid,fulfilled,Germany,Berlin,Berlin,cust_00277,Stone Quilted Bedspread,Bedding,Nordic Sleep,SKU-0029-01,,2,33.99,0,67.98,82.26,EUR,web
#1525,2025-10-11,paid,fulfilled,Germany,Berlin,Berlin,cust_00478,Linen Reading Light,Lighting,Lumen Co,SKU-0036-01,,1,30.35,0,30.35,36.72,EUR,web
#3468,2026-05-16,paid,fulfilled,Spain,Andalucía,Sevilla,cust_01071,Terracotta Woven Basket,Decor,Casa Bonita,SKU-0043-01,,1,17.85,0.97,16.88,20.42,EUR,web
#2814,2026-02-13,paid,fulfilled,Spain,Valencia,Alicante,cust_00870,Ceramic Cast Iron Pan,Kitchen,Aurora Kitchen,SKU-0004-01,,1,22.58,0,22.58,27.32,EUR,web
#2938,2026-03-03,paid,fulfilled,France,Provence,Nice,cust_00070,Linen Table Runner,Decor,Casa Bonita,SKU-0046-01,,1,22.74,0,22.74,27.52,EUR,web
#2873,2026-02-23,paid,fulfilled,Spain,Madrid,Alcalá de Henares,cust_00871,Oak Chef Knife,Kitchen,Aurora Kitchen,SKU-0001-01,,1,24.54,0,24.54,29.69,EUR,web
#1570,2025-10-16,paid,fulfilled,Netherlands,Noord-Holland,Haarlem,cust_01170,Stone Bed Runner,Bedding,Nordic Sleep,SKU-0024-01,,1,47.82,0,47.82,57.86,EUR,web
#1577,2025-10-16,paid,fulfilled,Spain,Andalucía,Málaga,cust_00824,Ceramic Cast Iron Pan,Kitchen,Aurora Kitchen,SKU-0004-01,,2,22.58,0,45.16,54.64,EUR,web
#2038,2025-11-25,paid,fulfilled,Netherlands,Zuid-Holland,Rotterdam,cust_00368,Terracotta Pendant Light,Lighting,Lumen Co,SKU-0038-01,,2,38.48,14.7,62.26,75.33,EUR,pos
#3572,2026-05-29,paid,fulfilled,France,Île-de-France,Paris,cust_00580,Walnut Wool Throw,Bedding,Nordic Sleep,SKU-0027-01,Large,1,63.89,9.18,54.71,100.54,EUR,web
#3572,2026-05-29,paid,fulfilled,France,Île-de-France,Paris,cust_00580,Oak Linen Duvet,Bedding,Nordic Sleep,SKU-0025-02,Charcoal,1,28.38,0,28.38,100.54,EUR,web
#1601,2025-10-19,paid,fulfilled,Spain,Galicia,A Coruña,cust_00607,Stone Quilted Bedspread,Bedding,Nordic Sleep,SKU-0029-01,,1,33.99,0,33.99,88.93,EUR,web
#1601,2025-10-19,paid,fulfilled,Spain,Galicia,A Coruña,cust_00607,Marble Cutting Board,Kitchen,Aurora Kitchen,SKU-0002-02,,3,13.17,0,39.51,88.93,EUR,web
#1706,2025-10-29,paid,fulfilled,Spain,Cataluña,Barcelona,cust_00924,Brass Wall Art Print,Decor,Casa Bonita,SKU-0044-01,Medium,1,23.35,0,23.35,36.32,EUR,pos
#1706,2025-10-29,paid,fulfilled,Spain,Cataluña,Barcelona,cust_00924,Copper Scented Candle,Decor,Casa Bonita,SKU-0045-02,,1,8.24,1.57,6.67,36.32,EUR,pos
#3642,2026-06-09,paid,fulfilled,Italy,Lazio,Roma,cust_00806,Linen Reading Light,Lighting,Lumen Co,SKU-0036-01,,2,30.35,0,60.7,95.05,EUR,web
#3642,2026-06-09,paid,fulfilled,Italy,Lazio,Roma,cust_00806,Terracotta Woven Basket,Decor,Casa Bonita,SKU-0043-02,Large,1,17.85,0,17.85,95.05,EUR,web
#3305,2026-04-25,paid,fulfilled,Germany,Hamburg,Hamburg,cust_00039,Ceramic Tea Kettle,Kitchen,Aurora Kitchen,SKU-0009-01,Charcoal,1,13.93,0,13.93,47.95,EUR,web
#3305,2026-04-25,paid,fulfilled,Germany,Hamburg,Hamburg,cust_00039,Linen Reading Light,Lighting,Lumen Co,SKU-0036-02,,1,30.35,4.65,25.7,47.95,EUR,web
#1355,2025-09-19,paid,fulfilled,Spain,Cataluña,Barcelona,cust_00068,Walnut Ceramic Bowl Set,Kitchen,Aurora Kitchen,SKU-0003-01,Charcoal,1,44.02,0,44.02,53.26,EUR,web
#2829,2026-02-15,paid,fulfilled,Spain,Madrid,Alcalá de Henares,cust_00056,Bamboo Table Lamp,Lighting,Lumen Co,SKU-0037-01,,1,39.74,0,39.74,64.02,EUR,pos
#2829,2026-02-15,paid,fulfilled,Spain,Madrid,Alcalá de Henares,cust_00056,Marble Cutting Board,Kitchen,Aurora Kitchen,SKU-0002-02,,1,13.17,0,13.17,64.02,EUR,pos
#2815,2026-02-13,paid,fulfilled,Spain,Madrid,Alcalá de Henares,cust_00240,Bamboo Picture Frame,Decor,Casa Bonita,SKU-0042-01,,1,32.28,0,32.28,39.06,EUR,mobile
#3378,2026-05-04,paid,fulfilled,Spain,Madrid,Madrid,cust_00566,Bamboo Bookend Pair,Decor,Casa Bonita,SKU-0047-01,,1,14.92,0,14.92,59.18,EUR,web
#3378,2026-05-04,paid,fulfilled,Spain,Madrid,Madrid,cust_00566,Stone Quilted Bedspread,Bedding,Nordic Sleep,SKU-0029-02,,1,33.99,0,33.99,59.18,EUR,web
#3580,2026-05-29,paid,fulfilled,Portugal,Porto,Braga,cust_00971,Brass Wall Art Print,Decor,Casa Bonita,SKU-0044-01,,2,23.35,0,46.7,86.2,EUR,pos
#3580,2026-05-29,paid,fulfilled,Portugal,Porto,Braga,cust_00971,Oak Chef Knife,Kitchen,Aurora Kitchen,SKU-0001-02,Small,1,24.54,0,24.54,86.2,EUR,pos
#2580,2026-01-05,paid,fulfilled,France,Occitanie,Toulouse,cust_00703,Terracotta Outdoor Cushion,Outdoor,Terra Garden,SKU-0060-01,,2,23.39,0,46.78,74.66,EUR,web
#2580,2026-01-05,paid,fulfilled,France,Occitanie,Toulouse,cust_00703,Terracotta Woven Basket,Decor,Casa Bonita,SKU-0043-02,Large,1,17.85,2.93,14.92,74.66,EUR,web
#2167,2025-12-05,paid,fulfilled,France,Occitanie,Montpellier,cust_00861,Brass Wall Art Print,Decor,Casa Bonita,SKU-0044-01,Charcoal,2,23.35,0,46.7,134.62,EUR,web
#2167,2025-12-05,paid,fulfilled,France,Occitanie,Montpellier,cust_00861,Bamboo Picture Frame,Decor,Casa Bonita,SKU-0042-02,,2,32.28,0,64.56,134.62,EUR,web
#3778,2026-06-27,paid,fulfilled,Spain,País Vasco,Bilbao,cust_00482,Brass Ceramic Vase,Decor,Casa Bonita,SKU-0049-01,Charcoal,1,16.22,0,16.22,19.63,EUR,web
#1496,2025-10-07,paid,fulfilled,Spain,Madrid,Madrid,cust_01015,Brass Wall Art Print,Decor,Casa Bonita,SKU-0044-01,Large,1,23.35,3.56,19.79,73.11,EUR,web
#1496,2025-10-07,paid,fulfilled,Spain,Madrid,Madrid,cust_01015,Copper String Lights,Lighting,Lumen Co,SKU-0035-02,,1,40.63,0,40.63,73.11,EUR,web
#2950,2026-03-05,paid,fulfilled,France,Occitanie,Montpellier,cust_01086,Walnut Mixing Bowl,Kitchen,Aurora Kitchen,SKU-0008-01,,3,38.08,0,114.24,179.36,EUR,web
#2950,2026-03-05,paid,fulfilled,France,Occitanie,Montpellier,cust_01086,Stone Quilted Bedspread,Bedding,Nordic Sleep,SKU-0029-02,,1,33.99,0,33.99,179.36,EUR,web
#3456,2026-05-15,paid,fulfilled,Italy,Lombardia,Bergamo,cust_00109,Bamboo Picture Frame,Decor,Casa Bonita,SKU-0042-01,,1,32.28,0,32.28,92.38,EUR,web
#3456,2026-05-15,paid,fulfilled,Italy,Lombardia,Bergamo,cust_00109,Walnut Linen Duvet,Bedding,Nordic Sleep,SKU-0017-02,,1,44.07,0,44.07,92.38,EUR,web
#3481,2026-05-17,paid,fulfilled,Spain,Madrid,Alcalá de Henares,cust_00269,Marble Cutting Board,Kitchen,Aurora Kitchen,SKU-0002-01,,1,13.17,0,13.17,15.94,EUR,web
#1772,2025-11-04,paid,fulfilled,Spain,Galicia,A Coruña,cust_00227,Marble Cutting Board,Kitchen,Aurora Kitchen,SKU-0002-01,Medium,1,13.17,1.2,11.97,14.48,EUR,web
#3076,2026-03-21,paid,fulfilled,Spain,Andalucía,Málaga,cust_00030,Copper Wall Mirror,Decor,Casa Bonita,SKU-0040-01,,1,15.19,0,15.19,18.38,EUR,web
#3055,2026-03-19,paid,fulfilled,Portugal,Lisboa,Cascais,cust_00360,Stone Robe,Bath,Pure Bath,SKU-0055-01,,2,27.66,0,55.32,66.94,EUR,web
#3787,2026-06-28,paid,fulfilled,Spain,Madrid,Madrid,cust_01095,Oak Storage Jar,Kitchen,Aurora Kitchen,SKU-0016-01,Medium,1,23.74,0,23.74,28.73,EUR,web
#2046,2025-11-26,paid,fulfilled,Spain,Andalucía,Málaga,cust_00882,Ceramic Shower Curtain,Bath,Pure Bath,SKU-0054-01,,1,32.3,3.68,28.62,50.57,EUR,web
#2046,2025-11-26,paid,fulfilled,Spain,Andalucía,Málaga,cust_00882,Marble Cutting Board,Kitchen,Aurora Kitchen,SKU-0002-02,Large,1,13.17,0,13.17,50.57,EUR,web
#2824,2026-02-14,paid,fulfilled,Germany,Bayern,Nürnberg,cust_00724,Brass Floor Lamp,Lighting,Lumen Co,SKU-0039-01,Charcoal,1,57.5,0,57.5,69.58,EUR,web
#1611,2025-10-19,paid,fulfilled,Italy,Lombardia,Milano,cust_00936,Bamboo Picture Frame,Decor,Casa Bonita,SKU-0042-01,,1,32.28,3.56,28.72,90.27,EUR,web
#1611,2025-10-19,paid,fulfilled,Italy,Lombardia,Milano,cust_00936,Oak Bath Towel Set,Bath,Pure Bath,SKU-0051-02,Small,2,25.27,4.66,45.88,90.27,EUR,web
#2749,2026-02-01,paid,fulfilled,Portugal,Porto,Porto,cust_00515,Bamboo Table Lamp,Lighting,Lumen Co,SKU-0037-01,,1,39.74,0,39.74,48.09,EUR,web
#2868,2026-02-21,refunded,fulfilled,Italy,Lombardia,Bergamo,cust_00655,Bamboo Picture Frame,Decor,Casa Bonita,SKU-0042-01,,1,32.28,5.76,26.52,32.09,EUR,web
#2192,2025-12-07,paid,fulfilled,Germany,Bayern,München,cust_00334,Walnut Mattress Topper,Bedding,Nordic Sleep,SKU-0022-01,,2,62.76,0,125.52,151.88,EUR,web
#2613,2026-01-11,paid,fulfilled,Spain,Madrid,Madrid,cust_00400,Bamboo Floor Lamp,Lighting,Lumen Co,SKU-0032-01,,3,46.35,0,139.05,168.25,EUR,web
#3339,2026-04-29,paid,fulfilled,Germany,Hamburg,Hamburg,cust_00665,Brass Wall Art Print,Decor,Casa Bonita,SKU-0044-01,,1,23.35,3.87,19.48,81.89,EUR,web
#3339,2026-04-29,paid,fulfilled,Germany,Hamburg,Hamburg,cust_00665,Linen Reading Light,Lighting,Lumen Co,SKU-0036-02,,1,30.35,0,30.35,81.89,EUR,web
#3339,2026-04-29,paid,fulfilled,Germany,Hamburg,Hamburg,cust_00665,Terracotta Woven Basket,Decor,Casa Bonita,SKU-0043-03,Medium,1,17.85,0,17.85,81.89,EUR,web
#2041,2025-11-25,paid,fulfilled,Germany,Berlin,Berlin,cust_00375,Ceramic Cast Iron Pan,Kitchen,Aurora Kitchen,SKU-0014-01,Large,1,40.12,0,40.12,48.55,EUR,web
#3074,2026-03-21,paid,fulfilled,France,Île-de-France,Versailles,cust_00027,Stone Quilted Bedspread,Bedding,Nordic Sleep,SKU-0029-01,,1,33.99,0,33.99,60.75,EUR,web
#3074,2026-03-21,paid,fulfilled,France,Île-de-France,Versailles,cust_00027,Brass Ceramic Vase,Decor,Casa Bonita,SKU-0049-02,,1,16.22,0,16.22,60.75,EUR,web
#2595,2026-01-08,paid,fulfilled,France,Occitanie,Montpellier,cust_00576,Bamboo Bookend Pair,Decor,Casa Bonita,SKU-0047-01,,1,14.92,0,14.92,59.88,EUR,mobile
#2595,2026-01-08,paid,fulfilled,France,Occitanie,Montpellier,cust_00576,Marble Cutting Board,Kitchen,Aurora Kitchen,SKU-0002-02,Charcoal,1,13.17,0,13.17,59.88,EUR,mobile
#2595,2026-01-08,paid,fulfilled,France,Occitanie,Montpellier,cust_00576,Oak Chef Knife,Kitchen,Aurora Kitchen,SKU-0001-03,,1,24.54,3.14,21.4,59.88,EUR,mobile
#1332,2025-09-17,paid,fulfilled,France,Île-de-France,Paris,cust_00307,Ceramic Cast Iron Pan,Kitchen,Aurora Kitchen,SKU-0004-01,Medium,1,22.58,2.77,19.81,23.97,EUR,web
#2640,2026-01-16,paid,fulfilled,Netherlands,Noord-Holland,Amsterdam,cust_01041,Walnut Mixing Bowl,Kitchen,Aurora Kitchen,SKU-0008-01,Charcoal,1,38.08,5.37,32.71,39.58,EUR,web
#3201,2026-04-10,paid,fulfilled,Portugal,Lisboa,Cascais,cust_00738,Terracotta Pendant Light,Lighting,Lumen Co,SKU-0038-01,Natural,2,38.48,0,76.96,161.99,EUR,web
#3201,2026-04-10,paid,fulfilled,Portugal,Lisboa,Cascais,cust_00738,Marble Bath Towel Set,Bath,Pure Bath,SKU-0057-02,,1,25.7,0,25.7,161.99,EUR,web
#3201,2026-04-10,paid,fulfilled,Portugal,Lisboa,Cascais,cust_00738,Walnut Soap Dispenser,Bath,Pure Bath,SKU-0053-03,,1,31.22,0,31.22,161.99,EUR,web
#2322,2025-12-16,paid,fulfilled,Netherlands,Noord-Holland,Haarlem,cust_00232,Bamboo Picture Frame,Decor,Casa Bonita,SKU-0042-01,,2,32.28,0,64.56,78.12,EUR,pos
#1162,2025-08-24,paid,fulfilled,Portugal,Lisboa,Lisboa,cust_00570,Linen Planter Pot,Outdoor,Terra Garden,SKU-0058-01,,1,32.68,0,32.68,39.54,EUR,mobile
#3194,2026-04-09,paid,fulfilled,Spain,Valencia,Alicante,cust_00857,Oak Storage Jar,Kitchen,Aurora Kitchen,SKU-0006-01,,1,27.52,0,27.52,54.9,EUR,web
#3194,2026-04-09,paid,fulfilled,Spain,Valencia,Alicante,cust_00857,Terracotta Woven Basket,Decor,Casa Bonita,SKU-0043-02,,1,17.85,0,17.85,54.9,EUR,web
#2616,2026-01-12,paid,fulfilled,Spain,Andalucía,Málaga,cust_00961,Walnut Ceramic Bowl Set,Kitchen,Aurora Kitchen,SKU-0003-01,Medium,4,44.02,0,176.08,251.46,EUR,web
#2616,2026-01-12,paid,fulfilled,Spain,Andalucía,Málaga,cust_00961,Stone Quilted Bedspread,Bedding,Nordic Sleep,SKU-0029-02,,1,33.99,2.25,31.74,251.46,EUR,web
#3165,2026-04-05,paid,fulfilled,France,Île-de-France,Paris,cust_01033,Marble Bath Towel Set,Bath,Pure Bath,SKU-0057-01,,1,25.7,0,25.7,79.55,EUR,web
#3165,2026-04-05,paid,fulfilled,France,Île-de-France,Paris,cust_01033,Bamboo Garden Lantern,Outdoor,Terra Garden,SKU-0059-02,Natural,1,40.04,0,40.04,79.55,EUR,web
#3466,2026-05-16,paid,fulfilled,Italy,Lazio,Roma,cust_00189,Stone Quilted Bedspread,Bedding,Nordic Sleep,SKU-0029-01,,1,33.99,0,33.99,41.13,EUR,web
#2236,2025-12-10,paid,fulfilled,Portugal,Porto,Braga,cust_00261,Brass Candle Holder,Lighting,Lumen Co,SKU-0034-01,,1,43.61,0,43.61,93.9,EUR,web
#2236,2025-12-10,paid,fulfilled,Portugal,Porto,Braga,cust_00261,Stone Quilted Bedspread,Bedding,Nordic Sleep,SKU-0029-02,Medium,1,33.99,0,33.99,93.9,EUR,web
#2819,2026-02-13,paid,fulfilled,Spain,Andalucía,Sevilla,cust_01137,Terracotta Woven Basket,Decor,Casa Bonita,SKU-0043-01,,1,17.85,1.18,16.67,20.17,EUR,web
#3367,2026-05-03,paid,fulfilled,Spain,Madrid,Alcalá de Henares,cust_00735,Terracotta Outdoor Cushion,Outdoor,Terra Garden,SKU-0060-01,,1,23.39,2.25,21.14,25.58,EUR,web
#3064,2026-03-20,paid,fulfilled,Italy,Lazio,Roma,cust_00423,Walnut Ceramic Bowl Set,Kitchen,Aurora Kitchen,SKU-0013-01,,1,41.03,0,41.03,49.65,EUR,web
#3568,2026-05-28,paid,fulfilled,France,Provence,Nice,cust_00070,Terracotta Woven Basket,Decor,Casa Bonita,SKU-0043-01,,1,17.85,0,17.85,70.76,EUR,web
#3568,2026-05-28,paid,fulfilled,France,Provence,Nice,cust_00070,Copper String Lights,Lighting,Lumen Co,SKU-0035-02,,1,40.63,0,40.63,70.76,EUR,web
#3612,2026-06-03,paid,fulfilled,Netherlands,Noord-Holland,Amsterdam,cust_00464,Stone Quilted Bedspread,Bedding,Nordic Sleep,SKU-0029-01,,1,33.99,0,33.99,62.73,EUR,mobile
#3612,2026-06-03,paid,fulfilled,Netherlands,Noord-Holland,Amsterdam,cust_00464,Terracotta Woven Basket,Decor,Casa Bonita,SKU-0043-02,Medium,1,17.85,0,17.85,62.73,EUR,mobile
#1710,2025-10-29,paid,fulfilled,Spain,Madrid,Madrid,cust_01015,Marble Cutting Board,Kitchen,Aurora Kitchen,SKU-0002-01,,1,13.17,1.59,11.58,143.28,EUR,web
#1710,2025-10-29,paid,fulfilled,Spain,Madrid,Madrid,cust_01015,Linen Pendant Light,Lighting,Lumen Co,SKU-0031-02,Small,2,45.87,0,91.74,143.28,EUR,web
#1710,2025-10-29,paid,fulfilled,Spain,Madrid,Madrid,cust_01015,Marble Cutting Board,Kitchen,Aurora Kitchen,SKU-0012-03,Charcoal,1,15.09,0,15.09,143.28,EUR,web
#2498,2025-12-29,paid,fulfilled,Germany,Hamburg,Hamburg,cust_00799,Marble Bath Towel Set,Bath,Pure Bath,SKU-0057-01,,1,25.7,0,25.7,67.2,EUR,web
#2498,2025-12-29,paid,fulfilled,Germany,Hamburg,Hamburg,cust_00799,Bamboo Bookend Pair,Decor,Casa Bonita,SKU-0047-02,,2,14.92,0,29.84,67.2,EUR,web
#3281,2026-04-20,refunded,fulfilled,Spain,País Vasco,San Sebastián,cust_00159,Brass Wall Art Print,Decor,Casa Bonita,SKU-0044-01,Natural,1,23.35,2.69,20.66,25,EUR,web
#3868,2026-07-09,paid,fulfilled,Spain,Galicia,Vigo,cust_00319,Bamboo Picture Frame,Decor,Casa Bonita,SKU-0042-01,,1,32.28,1.78,30.5,36.9,EUR,mobile
#1572,2025-10-16,paid,fulfilled,France,Provence,Marseille,cust_00443,Oak Chef Knife,Kitchen,Aurora Kitchen,SKU-0001-01,Medium,2,24.54,0,49.08,100.51,EUR,web
#1572,2025-10-16,paid,fulfilled,France,Provence,Marseille,cust_00443,Stone Quilted Bedspread,Bedding,Nordic Sleep,SKU-0029-02,Natural,1,33.99,0,33.99,100.51,EUR,web
#3658,2026-06-10,paid,fulfilled,Netherlands,Noord-Holland,Haarlem,cust_00232,Brass Ceramic Vase,Decor,Casa Bonita,SKU-0049-01,,1,16.22,0,16.22,19.63,EUR,web
#1160,2025-08-24,paid,fulfilled,Spain,Andalucía,Sevilla,cust_00750,Stone Serving Platter,Kitchen,Aurora Kitchen,SKU-0010-01,Medium,1,28.1,0,28.1,72.5,EUR,web
#1160,2025-08-24,paid,fulfilled,Spain,Andalucía,Sevilla,cust_00750,Marble Bath Mat,Bath,Pure Bath,SKU-0052-02,,1,31.82,0,31.82,72.5,EUR,web
#2440,2025-12-24,paid,fulfilled,France,Île-de-France,Paris,cust_00046,Linen Reading Light,Lighting,Lumen Co,SKU-0036-01,,1,30.35,0,30.35,36.72,EUR,web
#2013,2025-11-23,paid,fulfilled,Netherlands,Noord-Holland,Haarlem,cust_00128,Ceramic Cast Iron Pan,Kitchen,Aurora Kitchen,SKU-0004-01,,1,22.58,4.31,18.27,22.11,EUR,web
#2567,2026-01-04,paid,fulfilled,Italy,Lombardia,Bergamo,cust_00776,Walnut Linen Duvet,Bedding,Nordic Sleep,SKU-0017-01,,1,44.07,0,44.07,91.83,EUR,web
#2567,2026-01-04,paid,fulfilled,Italy,Lombardia,Bergamo,cust_00776,Marble Bath Mat,Bath,Pure Bath,SKU-0052-02,Large,1,31.82,0,31.82,91.83,EUR,web
#3368,2026-05-03,paid,fulfilled,Spain,Madrid,Alcalá de Henares,cust_00473,Brass Ceramic Vase,Decor,Casa Bonita,SKU-0049-01,,1,16.22,0.82,15.4,90.91,EUR,web
#3368,2026-05-03,paid,fulfilled,Spain,Madrid,Alcalá de Henares,cust_00473,Brass Wall Art Print,Decor,Casa Bonita,SKU-0044-02,,1,23.35,0,23.35,90.91,EUR,web
#3368,2026-05-03,paid,fulfilled,Spain,Madrid,Alcalá de Henares,cust_00473,Marble Bath Towel Set,Bath,Pure Bath,SKU-0057-03,,1,25.7,4.24,21.46,90.91,EUR,web
#3368,2026-05-03,paid,fulfilled,Spain,Madrid,Alcalá de Henares,cust_00473,Bamboo Bookend Pair,Decor,Casa Bonita,SKU-0047-04,Small,1,14.92,0,14.92,90.91,EUR,web
#2060,2025-11-27,paid,fulfilled,France,Île-de-France,Paris,cust_00307,Stone Quilted Bedspread,Bedding,Nordic Sleep,SKU-0029-01,,1,33.99,5.41,28.58,34.58,EUR,web
#2918,2026-03-01,paid,fulfilled,Germany,Hamburg,Hamburg,cust_01062,Terracotta Woven Basket,Decor,Casa Bonita,SKU-0043-01,Charcoal,2,17.85,0,35.7,115.59,EUR,web
#2918,2026-03-01,paid,fulfilled,Germany,Hamburg,Hamburg,cust_01062,Copper Table Lamp,Lighting,Lumen Co,SKU-0030-02,Small,1,31.58,5.74,25.84,115.59,EUR,web
#2918,2026-03-01,paid,fulfilled,Germany,Hamburg,Hamburg,cust_01062,Stone Quilted Bedspread,Bedding,Nordic Sleep,SKU-0029-03,,1,33.99,0,33.99,115.59,EUR,web
#2623,2026-01-12,paid,fulfilled,Spain,País Vasco,San Sebastián,cust_01156,Terracotta Woven Basket,Decor,Casa Bonita,SKU-0043-01,,2,17.85,0,35.7,43.2,EUR,pos
#2963,2026-03-06,refunded,fulfilled,Spain,Valencia,Alicante,cust_00873,Walnut Mattress Topper,Bedding,Nordic Sleep,SKU-0022-01,Small,2,62.76,0,125.52,151.88,EUR,web
#2789,2026-02-08,paid,fulfilled,France,Île-de-France,Paris,cust_00580,Brass Wall Art Print,Decor,Casa Bonita,SKU-0044-01,Charcoal,3,23.35,4.38,65.67,105.86,EUR,web
#2789,2026-02-08,paid,fulfilled,France,Île-de-France,Paris,cust_00580,Marble Bath Towel Set,Bath,Pure Bath,SKU-0057-02,,1,25.7,3.88,21.82,105.86,EUR,web
#1575,2025-10-16,paid,fulfilled,Germany,Hamburg,Hamburg,cust_00800,Oak Chef Knife,Kitchen,Aurora Kitchen,SKU-0011-01,,2,33.15,0,66.3,80.22,EUR,web
#2686,2026-01-22,refunded,fulfilled,Spain,Andalucía,Sevilla,cust_01022,Stone Bed Runner,Bedding,Nordic Sleep,SKU-0024-01,,2,47.82,16.02,79.62,96.34,EUR,web
#1065,2025-08-10,paid,fulfilled,Spain,País Vasco,Bilbao,cust_00482,Terracotta Pendant Light,Lighting,Lumen Co,SKU-0038-01,,2,38.48,0,76.96,93.12,EUR,pos
#3388,2026-05-06,paid,fulfilled,Portugal,Lisboa,Cascais,cust_00738,Marble Cotton Sheet Set,Bedding,Nordic Sleep,SKU-0026-01,,2,66.77,0,133.54,161.58,EUR,pos
#3326,2026-04-27,refunded,fulfilled,France,Occitanie,Montpellier,cust_00043,Walnut Ceramic Bowl Set,Kitchen,Aurora Kitchen,SKU-0003-01,,1,44.02,0,44.02,212.14,EUR,web
#3326,2026-04-27,refunded,fulfilled,France,Occitanie,Montpellier,cust_00043,Brass Floor Lamp,Lighting,Lumen Co,SKU-0039-02,,2,57.5,7.05,107.95,212.14,EUR,web
#3326,2026-04-27,refunded,fulfilled,France,Occitanie,Montpellier,cust_00043,Brass Wall Art Print,Decor,Casa Bonita,SKU-0044-03,Natural,1,23.35,0,23.35,212.14,EUR,web
#1749,2025-11-02,paid,fulfilled,Spain,Galicia,A Coruña,cust_01058,Terracotta Woven Basket,Decor,Casa Bonita,SKU-0043-01,Charcoal,1,17.85,0,17.85,21.6,EUR,mobile
#1851,2025-11-10,paid,fulfilled,France,Provence,Marseille,cust_00443,Stone Quilted Bedspread,Bedding,Nordic Sleep,SKU-0029-01,Large,1,33.99,0,33.99,103.42,EUR,pos
#1851,2025-11-10,paid,fulfilled,France,Provence,Marseille,cust_00443,Marble Cutting Board,Kitchen,Aurora Kitchen,SKU-0002-02,,1,13.17,0,13.17,103.42,EUR,pos
#1851,2025-11-10,paid,fulfilled,France,Provence,Marseille,cust_00443,Terracotta Outdoor Cushion,Outdoor,Terra Garden,SKU-0060-03,,1,23.39,0,23.39,103.42,EUR,pos
#1851,2025-11-10,paid,fulfilled,France,Provence,Marseille,cust_00443,Bamboo Bookend Pair,Decor,Casa Bonita,SKU-0047-04,Large,1,14.92,0,14.92,103.42,EUR,pos
#1964,2025-11-19,paid,fulfilled,Germany,Hamburg,Hamburg,cust_00661,Linen Planter Pot,Outdoor,Terra Garden,SKU-0058-01,,1,32.68,0,32.68,87.31,EUR,web
#1964,2025-11-19,paid,fulfilled,Germany,Hamburg,Hamburg,cust_00661,Stone Wool Throw,Bedding,Nordic Sleep,SKU-0019-02,,1,39.48,0,39.48,87.31,EUR,web
#1447,2025-10-01,paid,fulfilled,France,Occitanie,Montpellier,cust_01035,Terracotta Woven Basket,Decor,Casa Bonita,SKU-0043-01,,2,17.85,0,35.7,43.2,EUR,web
#2828,2026-02-14,paid,fulfilled,Netherlands,Zuid-Holland,Rotterdam,cust_00281,Brass Wall Art Print,Decor,Casa Bonita,SKU-0044-01,,1,23.35,4.24,19.11,153.42,EUR,web
#2828,2026-02-14,paid,fulfilled,Netherlands,Zuid-Holland,Rotterdam,cust_00281,Bamboo Picture Frame,Decor,Casa Bonita,SKU-0042-02,,1,32.28,0,32.28,153.42,EUR,web
#2828,2026-02-14,paid,fulfilled,Netherlands,Zuid-Holland,Rotterdam,cust_00281,Marble Bath Mat,Bath,Pure Bath,SKU-0052-03,,1,31.82,0,31.82,153.42,EUR,web
#2828,2026-02-14,paid,fulfilled,Netherlands,Zuid-Holland,Rotterdam,cust_00281,Ceramic Pillow Case Pair,Bedding,Nordic Sleep,SKU-0028-04,,1,43.58,0,43.58,153.42,EUR,web
#1536,2025-10-12,paid,fulfilled,France,Occitanie,Toulouse,cust_01122,Bamboo Picture Frame,Decor,Casa Bonita,SKU-0042-01,,3,32.28,0,96.84,117.18,EUR,web
#3777,2026-06-27,paid,fulfilled,France,Provence,Marseille,cust_00401,Ceramic Cast Iron Pan,Kitchen,Aurora Kitchen,SKU-0014-01,,1,40.12,0,40.12,126.11,EUR,web
#3777,2026-06-27,paid,fulfilled,France,Provence,Marseille,cust_00401,Bamboo Picture Frame,Decor,Casa Bonita,SKU-0042-03,,1,32.28,0,32.28,126.11,EUR,web
#3777,2026-06-27,paid,fulfilled,France,Provence,Marseille,cust_00401,Marble Bath Mat,Bath,Pure Bath,SKU-0052-04,,1,31.82,0,31.82,126.11,EUR,web
#3270,2026-04-19,paid,fulfilled,Spain,Valencia,Alicante,cust_00731,Bamboo Bookend Pair,Decor,Casa Bonita,SKU-0047-01,Medium,1,14.92,0,14.92,240.41,EUR,web
#3270,2026-04-19,paid,fulfilled,Spain,Valencia,Alicante,cust_00731,Oak Bath Towel Set,Bath,Pure Bath,SKU-0051-02,,1,25.27,0,25.27,240.41,EUR,web
#3270,2026-04-19,paid,fulfilled,Spain,Valencia,Alicante,cust_00731,Walnut Soap Dispenser,Bath,Pure Bath,SKU-0053-03,Charcoal,1,31.22,0,31.22,240.41,EUR,web
#3270,2026-04-19,paid,fulfilled,Spain,Valencia,Alicante,cust_00731,Marble Bath Mat,Bath,Pure Bath,SKU-0052-04,,4,31.82,0,127.28,240.41,EUR,web
#1756,2025-11-03,paid,fulfilled,Italy,Lazio,Roma,cust_00341,Oak Chef Knife,Kitchen,Aurora Kitchen,SKU-0001-01,Natural,3,24.54,0,73.62,89.08,EUR,web
#2700,2026-01-24,paid,fulfilled,Spain,Madrid,Alcalá de Henares,cust_00871,Brass Wall Art Print,Decor,Casa Bonita,SKU-0044-01,Small,1,23.35,1.74,21.61,26.15,EUR,web
#2556,2026-01-03,paid,fulfilled,Portugal,Porto,Porto,cust_00403,Marble Bath Mat,Bath,Pure Bath,SKU-0052-01,,1,31.82,0,31.82,270.21,EUR,web
#2556,2026-01-03,paid,fulfilled,Portugal,Porto,Porto,cust_00403,Marble Quilted Bedspread,Bedding,Nordic Sleep,SKU-0021-02,Charcoal,3,63.83,0,191.49,270.21,EUR,web
#2588,2026-01-06,paid,fulfilled,Germany,Hamburg,Hamburg,cust_00763,Marble Bath Mat,Bath,Pure Bath,SKU-0052-01,,1,31.82,4.64,27.18,61.14,EUR,mobile
#2588,2026-01-06,paid,fulfilled,Germany,Hamburg,Hamburg,cust_00763,Brass Wall Art Print,Decor,Casa Bonita,SKU-0044-02,,1,23.35,0,23.35,61.14,EUR,mobile
#2273,2025-12-12,partially_refunded,fulfilled,Netherlands,Noord-Holland,Amsterdam,cust_01041,Stone Espresso Mug,Kitchen,Aurora Kitchen,SKU-0015-01,,1,20.8,0,20.8,25.17,EUR,web
#1633,2025-10-21,paid,fulfilled,Germany,Hamburg,Hamburg,cust_00587,Bamboo Floor Lamp,Lighting,Lumen Co,SKU-0032-01,Medium,1,46.35,0,46.35,56.08,EUR,web
#3153,2026-04-04,paid,fulfilled,Spain,Valencia,Alicante,cust_00395,Stone Quilted Bedspread,Bedding,Nordic Sleep,SKU-0029-01,,1,33.99,0,33.99,41.13,EUR,web
#2740,2026-01-30,paid,fulfilled,Spain,Cataluña,Girona,cust_00435,Brass Ceramic Vase,Decor,Casa Bonita,SKU-0049-01,,1,16.22,0,16.22,202.01,EUR,pos
#2740,2026-01-30,paid,fulfilled,Spain,Cataluña,Girona,cust_00435,Oak Linen Duvet,Bedding,Nordic Sleep,SKU-0025-02,Small,2,28.38,0,56.76,202.01,EUR,pos
#2740,2026-01-30,paid,fulfilled,Spain,Cataluña,Girona,cust_00435,Stone Espresso Mug,Kitchen,Aurora Kitchen,SKU-0005-03,Small,1,17.01,0,17.01,202.01,EUR,pos
#2740,2026-01-30,paid,fulfilled,Spain,Cataluña,Girona,cust_00435,Terracotta Pendant Light,Lighting,Lumen Co,SKU-0038-04,,2,38.48,0,76.96,202.01,EUR,pos
#2548,2026-01-02,paid,fulfilled,Italy,Lombardia,Milano,cust_00690,Stone Quilted Bedspread,Bedding,Nordic Sleep,SKU-0029-01,Medium,1,33.99,2.84,31.15,52.16,EUR,web
#2548,2026-01-02,paid,fulfilled,Italy,Lombardia,Milano,cust_00690,Bamboo Bookend Pair,Decor,Casa Bonita,SKU-0047-02,Medium,1,14.92,2.96,11.96,52.16,EUR,web
#2782,2026-02-07,paid,fulfilled,Spain,Andalucía,Málaga,cust_00702,Oak Linen Duvet,Bedding,Nordic Sleep,SKU-0025-01,,2,28.38,0,56.76,68.68,EUR,web
#1529,2025-10-12,paid,fulfilled,Germany,Hamburg,Hamburg,cust_00822,Copper Wall Mirror,Decor,Casa Bonita,SKU-0040-01,Natural,1,15.19,0,15.19,54.9,EUR,web
#1529,2025-10-12,paid,fulfilled,Germany,Hamburg,Hamburg,cust_00822,Marble Cutting Board,Kitchen,Aurora Kitchen,SKU-0012-02,,2,15.09,0,30.18,54.9,EUR,web
#3211,2026-04-12,paid,fulfilled,Italy,Lazio,Roma,cust_00613,Oak Storage Jar,Kitchen,Aurora Kitchen,SKU-0016-01,Medium,1,23.74,0,23.74,28.73,EUR,web
#1882,2025-11-13,paid,fulfilled,Spain,Andalucía,Málaga,cust_01148,Marble Cutting Board,Kitchen,Aurora Kitchen,SKU-0002-01,,2,13.17,0,26.34,31.87,EUR,web
#1353,2025-09-19,paid,fulfilled,Germany,Berlin,Berlin,cust_00828,Linen Pendant Light,Lighting,Lumen Co,SKU-0031-01,,1,45.87,0,45.87,55.5,EUR,mobile
#2572,2026-01-04,paid,fulfilled,Portugal,Porto,Braga,cust_01052,Ceramic Shower Curtain,Bath,Pure Bath,SKU-0054-01,Natural,1,32.3,0,32.3,56.24,EUR,web
#2572,2026-01-04,paid,fulfilled,Portugal,Porto,Braga,cust_01052,Stone Espresso Mug,Kitchen,Aurora Kitchen,SKU-0005-02,,1,17.01,2.83,14.18,56.24,EUR,web
#1401,2025-09-24,paid,fulfilled,Germany,Bayern,München,cust_00544,Brass Ceramic Vase,Decor,Casa Bonita,SKU-0049-01,Charcoal,1,16.22,2.27,13.95,16.88,EUR,web
#2764,2026-02-04,paid,fulfilled,Spain,Valencia,Valencia,cust_00611,Stone Quilted Bedspread,Bedding,Nordic Sleep,SKU-0029-01,Natural,1,33.99,0,33.99,100.01,EUR,web
#2764,2026-02-04,paid,fulfilled,Spain,Valencia,Valencia,cust_00611,Brass Ceramic Vase,Decor,Casa Bonita,SKU-0049-02,,3,16.22,0,48.66,100.01,EUR,web
#2999,2026-03-12,paid,fulfilled,Germany,Hamburg,Hamburg,cust_00941,Brass Ceramic Vase,Decor,Casa Bonita,SKU-0049-01,,1,16.22,2.96,13.26,16.04,EUR,web
#2546,2026-01-01,paid,fulfilled,Spain,Galicia,A Coruña,cust_00227,Walnut Mixing Bowl,Kitchen,Aurora Kitchen,SKU-0008-01,Charcoal,1,38.08,2.81,35.27,42.68,EUR,mobile
#3705,2026-06-18,paid,fulfilled,Netherlands,Zuid-Holland,Rotterdam,cust_00328,Terracotta Wall Sconce,Lighting,Lumen Co,SKU-0033-01,,1,24.53,0,24.53,60.02,EUR,web
#3705,2026-06-18,paid,fulfilled,Netherlands,Zuid-Holland,Rotterdam,cust_00328,Linen Reading Light,Lighting,Lumen Co,SKU-0036-02,,1,30.35,5.28,25.07,60.02,EUR,web
#3404,2026-05-08,paid,fulfilled,Italy,Lombardia,Milano,cust_00815,Oak Vanity Tray,Bath,Pure Bath,SKU-0056-01,,1,24.8,0,24.8,30.01,EUR,web
#2463,2025-12-26,paid,fulfilled,Spain,Madrid,Alcalá de Henares,cust_00777,Brass Wall Art Print,Decor,Casa Bonita,SKU-0044-01,Small,1,23.35,0,23.35,28.25,EUR,web
#1043,2025-08-06,paid,fulfilled,Spain,Galicia,A Coruña,cust_01105,Terracotta Outdoor Cushion,Outdoor,Terra Garden,SKU-0060-01,Large,1,23.39,0,23.39,28.3,EUR,web
#3908,2026-07-15,paid,partial,Spain,Valencia,Valencia,cust_01097,Bamboo Bookend Pair,Decor,Casa Bonita,SKU-0047-01,,1,14.92,0,14.92,18.05,EUR,web
#1347,2025-09-18,paid,fulfilled,France,Occitanie,Toulouse,cust_00104,Bamboo Bookend Pair,Decor,Casa Bonita,SKU-0047-01,,1,14.92,0,14.92,18.05,EUR,web
#1378,2025-09-22,paid,fulfilled,Germany,Bayern,München,cust_00544,Bamboo Picture Frame,Decor,Casa Bonita,SKU-0042-01,,2,32.28,0,64.56,114.22,EUR,web
#1378,2025-09-22,paid,fulfilled,Germany,Bayern,München,cust_00544,Bamboo Bookend Pair,Decor,Casa Bonita,SKU-0047-02,,2,14.92,0,29.84,114.22,EUR,web
#1363,2025-09-20,paid,fulfilled,Germany,Berlin,Berlin,cust_00928,Bamboo Bookend Pair,Decor,Casa Bonita,SKU-0047-01,,1,14.92,0,14.92,18.05,EUR,web
#1185,2025-08-28,paid,fulfilled,Spain,País Vasco,Bilbao,cust_01106,Brass Floor Lamp,Lighting,Lumen Co,SKU-0039-01,,2,57.5,0,115,167.88,EUR,web
#1185,2025-08-28,paid,fulfilled,Spain,País Vasco,Bilbao,cust_01106,Oak Storage Jar,Kitchen,Aurora Kitchen,SKU-0016-02,Charcoal,1,23.74,0,23.74,167.88,EUR,web
#2075,2025-11-29,paid,fulfilled,Portugal,Lisboa,Lisboa,cust_00596,Brass Wall Art Print,Decor,Casa Bonita,SKU-0044-01,Charcoal,1,23.35,0,23.35,28.25,EUR,web
#2001,2025-11-22,paid,fulfilled,Italy,Lombardia,Bergamo,cust_00776,Stone Espresso Mug,Kitchen,Aurora Kitchen,SKU-0015-01,,2,20.8,0,41.6,50.34,EUR,web
#3910,2026-07-15,paid,fulfilled,Portugal,Lisboa,Cascais,cust_00625,Marble Cutting Board,Kitchen,Aurora Kitchen,SKU-0002-01,,1,13.17,0,13.17,15.94,EUR,web
#1535,2025-10-12,paid,fulfilled,Spain,Madrid,Madrid,cust_01026,Oak Storage Jar,Kitchen,Aurora Kitchen,SKU-0006-01,Natural,1,27.52,0,27.52,33.3,EUR,mobile
#2646,2026-01-17,paid,fulfilled,Germany,Hamburg,Hamburg,cust_00394,Walnut Mattress Topper,Bedding,Nordic Sleep,SKU-0022-01,,3,62.76,0,188.28,227.82,EUR,web
#3614,2026-06-03,paid,fulfilled,Spain,Cataluña,Barcelona,cust_01181,Terracotta Outdoor Cushion,Outdoor,Terra Garden,SKU-0060-01,,2,23.39,3.91,42.87,71.5,EUR,web
#3614,2026-06-03,paid,fulfilled,Spain,Cataluña,Barcelona,cust_01181,Brass Ceramic Vase,Decor,Casa Bonita,SKU-0049-02,,1,16.22,0,16.22,71.5,EUR,web
#1686,2025-10-27,paid,fulfilled,Germany,Hamburg,Hamburg,cust_00941,Marble Bath Towel Set,Bath,Pure Bath,SKU-0057-01,,1,25.7,0,25.7,31.1,EUR,web
#1863,2025-11-11,paid,fulfilled,Portugal,Lisboa,Lisboa,cust_00539,Bamboo Bookend Pair,Decor,Casa Bonita,SKU-0047-01,Charcoal,1,14.92,1.68,13.24,64.47,EUR,web
#1863,2025-11-11,paid,fulfilled,Portugal,Lisboa,Lisboa,cust_00539,Bamboo Garden Lantern,Outdoor,Terra Garden,SKU-0059-02,Natural,1,40.04,0,40.04,64.47,EUR,web
#2512,2025-12-30,paid,fulfilled,France,Île-de-France,Versailles,cust_00517,Copper Scented Candle,Decor,Casa Bonita,SKU-0045-01,Charcoal,1,8.24,1.51,6.73,81.59,EUR,web
#2512,2025-12-30,paid,fulfilled,France,Île-de-France,Versailles,cust_00517,Linen Reading Light,Lighting,Lumen Co,SKU-0036-02,Charcoal,2,30.35,0,60.7,81.59,EUR,web
#1846,2025-11-10,refunded,fulfilled,Netherlands,Noord-Holland,Amsterdam,cust_01101,Stone Robe,Bath,Pure Bath,SKU-0055-01,,1,27.66,0,27.66,72.53,EUR,web
#1846,2025-11-10,refunded,fulfilled,Netherlands,Noord-Holland,Amsterdam,cust_01101,Bamboo Picture Frame,Decor,Casa Bonita,SKU-0042-02,,1,32.28,0,32.28,72.53,EUR,web
#1949,2025-11-18,paid,fulfilled,Spain,Valencia,Alicante,cust_00510,Bamboo Picture Frame,Decor,Casa Bonita,SKU-0042-01,,2,32.28,7.61,56.95,68.91,EUR,web
#1703,2025-10-28,paid,fulfilled,Spain,Cataluña,Girona,cust_00305,Bamboo Picture Frame,Decor,Casa Bonita,SKU-0042-01,Medium,3,32.28,0,96.84,117.18,EUR,web
#1338,2025-09-17,paid,fulfilled,Germany,Hamburg,Hamburg,cust_01175,Brass Candle Holder,Lighting,Lumen Co,SKU-0034-01,,1,43.61,4.51,39.1,213.82,EUR,web
#1338,2025-09-17,paid,fulfilled,Germany,Hamburg,Hamburg,cust_01175,Linen Pendant Light,Lighting,Lumen Co,SKU-0031-02,,3,45.87,0,137.61,213.82,EUR,web
#2923,2026-03-01,partially_refunded,fulfilled,Portugal,Lisboa,Lisboa,cust_00848,Ceramic Tea Kettle,Kitchen,Aurora Kitchen,SKU-0009-01,,1,13.93,2.56,11.37,13.76,EUR,web
#1966,2025-11-20,paid,fulfilled,Spain,Andalucía,Málaga,cust_00033,Bamboo Bookend Pair,Decor,Casa Bonita,SKU-0047-01,,2,14.92,0,29.84,63.43,EUR,mobile
#1966,2025-11-20,paid,fulfilled,Spain,Andalucía,Málaga,cust_00033,Ceramic Cast Iron Pan,Kitchen,Aurora Kitchen,SKU-0004-02,,1,22.58,0,22.58,63.43,EUR,mobile
#3373,2026-05-04,paid,fulfilled,Spain,Cataluña,Girona,cust_01020,Linen Table Runner,Decor,Casa Bonita,SKU-0046-01,Natural,1,22.74,0,22.74,27.52,EUR,web
#3127,2026-03-31,paid,fulfilled,Germany,Hamburg,Hamburg,cust_00394,Terracotta Woven Basket,Decor,Casa Bonita,SKU-0043-01,Small,1,17.85,0,17.85,21.6,EUR,mobile
#2216,2025-12-08,paid,fulfilled,Spain,Andalucía,Sevilla,cust_00889,Bamboo Picture Frame,Decor,Casa Bonita,SKU-0042-01,,1,32.28,0,32.28,67.31,EUR,web
#2216,2025-12-08,paid,fulfilled,Spain,Andalucía,Sevilla,cust_00889,Brass Wall Art Print,Decor,Casa Bonita,SKU-0044-02,,1,23.35,0,23.35,67.31,EUR,web
#1250,2025-09-06,paid,fulfilled,Netherlands,Zuid-Holland,Den Haag,cust_01199,Marble Cutting Board,Kitchen,Aurora Kitchen,SKU-0012-01,Large,1,15.09,0,15.09,74.77,EUR,web
#1250,2025-09-06,paid,fulfilled,Netherlands,Zuid-Holland,Den Haag,cust_01199,Brass Wall Art Print,Decor,Casa Bonita,SKU-0044-02,,2,23.35,0,46.7,74.77,EUR,web
#2450,2025-12-25,paid,fulfilled,Germany,Berlin,Berlin,cust_00177,Bamboo Picture Frame,Decor,Casa Bonita,SKU-0042-01,,2,32.28,0,64.56,78.12,EUR,mobile
#3514,2026-05-21,refunded,fulfilled,Spain,Cataluña,Girona,cust_01159,Bamboo Bookend Pair,Decor,Casa Bonita,SKU-0047-01,,1,14.92,0,14.92,100.31,EUR,web
#3514,2026-05-21,refunded,fulfilled,Spain,Cataluña,Girona,cust_01159,Stone Quilted Bedspread,Bedding,Nordic Sleep,SKU-0029-02,Small,2,33.99,0,67.98,100.31,EUR,web
#3982,2026-07-28,paid,partial,France,Provence,Marseille,cust_00373,Oak Chef Knife,Kitchen,Aurora Kitchen,SKU-0001-01,,1,24.54,0,24.54,29.69,EUR,web
#1280,2025-09-09,paid,fulfilled,Spain,País Vasco,Bilbao,cust_00881,Stone Quilted Bedspread,Bedding,Nordic Sleep,SKU-0029-01,,1,33.99,0,33.99,130.5,EUR,web
#1280,2025-09-09,paid,fulfilled,Spain,País Vasco,Bilbao,cust_00881,Bamboo Bookend Pair,Decor,Casa Bonita,SKU-0047-02,,2,14.92,0,29.84,130.5,EUR,web
#1280,2025-09-09,paid,fulfilled,Spain,País Vasco,Bilbao,cust_00881,Walnut Ceramic Bowl Set,Kitchen,Aurora Kitchen,SKU-0003-03,,1,44.02,0,44.02,130.5,EUR,web
#3518,2026-05-22,paid,fulfilled,Germany,Hamburg,Hamburg,cust_01175,Walnut Linen Duvet,Bedding,Nordic Sleep,SKU-0017-01,,1,44.07,6.22,37.85,45.8,EUR,web
#2314,2025-12-15,paid,fulfilled,France,Provence,Marseille,cust_00197,Bamboo Bookend Pair,Decor,Casa Bonita,SKU-0047-01,,1,14.92,0,14.92,18.05,EUR,web
#1481,2025-10-06,paid,fulfilled,Spain,Galicia,A Coruña,cust_00839,Copper Wall Mirror,Decor,Casa Bonita,SKU-0040-01,,2,15.19,0,30.38,36.76,EUR,web
#1484,2025-10-06,paid,fulfilled,Spain,Cataluña,Barcelona,cust_00825,Ceramic Cast Iron Pan,Kitchen,Aurora Kitchen,SKU-0004-01,,2,22.58,0,45.16,131.97,EUR,web
#1484,2025-10-06,paid,fulfilled,Spain,Cataluña,Barcelona,cust_00825,Brass Wall Art Print,Decor,Casa Bonita,SKU-0044-02,,1,23.35,4.23,19.12,131.97,EUR,web
#1484,2025-10-06,paid,fulfilled,Spain,Cataluña,Barcelona,cust_00825,Marble Bath Towel Set,Bath,Pure Bath,SKU-0057-03,,1,25.7,0,25.7,131.97,EUR,web
#1484,2025-10-06,paid,fulfilled,Spain,Cataluña,Barcelona,cust_00825,Ceramic Weighted Blanket,Bedding,Nordic Sleep,SKU-0023-04,Natural,1,19.09,0,19.09,131.97,EUR,web
#3544,2026-05-26,paid,fulfilled,Spain,País Vasco,Bilbao,cust_00280,Brass Wall Art Print,Decor,Casa Bonita,SKU-0044-01,Natural,2,23.35,0,46.7,56.51,EUR,web
#3324,2026-04-27,paid,fulfilled,Spain,Valencia,Alicante,cust_00956,Linen Reading Light,Lighting,Lumen Co,SKU-0036-01,Charcoal,1,30.35,3.91,26.44,129.63,EUR,web
#3324,2026-04-27,paid,fulfilled,Spain,Valencia,Alicante,cust_00956,Brass Wall Art Print,Decor,Casa Bonita,SKU-0044-02,Medium,2,23.35,0,46.7,129.63,EUR,web
#3324,2026-04-27,paid,fulfilled,Spain,Valencia,Alicante,cust_00956,Stone Quilted Bedspread,Bedding,Nordic Sleep,SKU-0029-03,,1,33.99,0,33.99,129.63,EUR,web
#1596,2025-10-18,paid,fulfilled,Germany,Berlin,Berlin,cust_01005,Marble Cutting Board,Kitchen,Aurora Kitchen,SKU-0002-01,,1,13.17,0,13.17,15.94,EUR,web
#2336,2025-12-17,paid,fulfilled,France,Île-de-France,Paris,cust_00935,Oak Storage Jar,Kitchen,Aurora Kitchen,SKU-0016-01,Charcoal,2,23.74,0,47.48,139.71,EUR,web
#2336,2025-12-17,paid,fulfilled,France,Île-de-France,Paris,cust_00935,Stone Quilted Bedspread,Bedding,Nordic Sleep,SKU-0029-02,Large,2,33.99,0,67.98,139.71,EUR,web
#2107,2025-12-01,paid,fulfilled,Spain,Valencia,Alicante,cust_00731,Marble Cotton Sheet Set,Bedding,Nordic Sleep,SKU-0026-01,,3,66.77,25.68,174.63,211.3,EUR,web
#3071,2026-03-21,paid,fulfilled,Spain,Andalucía,Málaga,cust_00030,Ceramic Cast Iron Pan,Kitchen,Aurora Kitchen,SKU-0004-01,Natural,1,22.58,0,22.58,27.32,EUR,web
#3264,2026-04-19,paid,fulfilled,Spain,Madrid,Madrid,cust_00685,Terracotta Woven Basket,Decor,Casa Bonita,SKU-0043-01,,2,17.85,0,35.7,59.13,EUR,web
#3264,2026-04-19,paid,fulfilled,Spain,Madrid,Madrid,cust_00685,Marble Cutting Board,Kitchen,Aurora Kitchen,SKU-0002-02,,1,13.17,0,13.17,59.13,EUR,web
#2622,2026-01-12,paid,fulfilled,Spain,Valencia,Alicante,cust_00147,Brass Ceramic Vase,Decor,Casa Bonita,SKU-0049-01,,1,16.22,0,16.22,19.63,EUR,web
#1040,2025-08-06,paid,fulfilled,Spain,Valencia,Valencia,cust_00353,Brass Wall Art Print,Decor,Casa Bonita,SKU-0044-01,Medium,1,23.35,0,23.35,28.25,EUR,web
#1699,2025-10-28,paid,fulfilled,Spain,Cataluña,Girona,cust_00326,Ceramic Cast Iron Pan,Kitchen,Aurora Kitchen,SKU-0004-01,Medium,1,22.58,0,22.58,141.17,EUR,web
#1699,2025-10-28,paid,fulfilled,Spain,Cataluña,Girona,cust_00326,Terracotta Woven Basket,Decor,Casa Bonita,SKU-0043-02,,2,17.85,0,35.7,141.17,EUR,web
#1699,2025-10-28,paid,fulfilled,Spain,Cataluña,Girona,cust_00326,Walnut Wool Throw,Bedding,Nordic Sleep,SKU-0027-03,,1,63.89,5.5,58.39,141.17,EUR,web
#1825,2025-11-08,paid,fulfilled,France,Île-de-France,Versailles,cust_00304,Oak Chef Knife,Kitchen,Aurora Kitchen,SKU-0011-01,Medium,1,33.15,0,33.15,40.11,EUR,web
#1886,2025-11-13,paid,fulfilled,Italy,Lombardia,Milano,cust_00710,Ceramic Shower Curtain,Bath,Pure Bath,SKU-0054-01,Natural,2,32.3,0,64.6,124.24,EUR,web
#1886,2025-11-13,paid,fulfilled,Italy,Lombardia,Milano,cust_00710,Walnut Mixing Bowl,Kitchen,Aurora Kitchen,SKU-0008-02,,1,38.08,0,38.08,124.24,EUR,web
#2897,2026-02-26,paid,fulfilled,Netherlands,Zuid-Holland,Rotterdam,cust_00368,Marble Cutting Board,Kitchen,Aurora Kitchen,SKU-0002-01,Small,1,13.17,0,13.17,49.94,EUR,web
#2897,2026-02-26,paid,fulfilled,Netherlands,Zuid-Holland,Rotterdam,cust_00368,Stone Serving Platter,Kitchen,Aurora Kitchen,SKU-0010-02,Natural,1,28.1,0,28.1,49.94,EUR,web
#1544,2025-10-13,paid,fulfilled,Spain,Cataluña,Girona,cust_00787,Terracotta Outdoor Cushion,Outdoor,Terra Garden,SKU-0060-01,,1,23.39,0,23.39,28.3,EUR,pos
#2348,2025-12-17,paid,fulfilled,Spain,Galicia,A Coruña,cust_01128,Marble Cutting Board,Kitchen,Aurora Kitchen,SKU-0002-01,,1,13.17,0,13.17,15.94,EUR,web
#1517,2025-10-10,paid,fulfilled,Germany,Hamburg,Hamburg,cust_00263,Oak Storage Jar,Kitchen,Aurora Kitchen,SKU-0016-01,,1,23.74,4.52,19.22,23.26,EUR,web
#1179,2025-08-27,paid,fulfilled,France,Occitanie,Toulouse,cust_01094,Ceramic Weighted Blanket,Bedding,Nordic Sleep,SKU-0023-01,,1,19.09,0,19.09,98.42,EUR,web
#1179,2025-08-27,paid,fulfilled,France,Occitanie,Toulouse,cust_01094,Marble Cutting Board,Kitchen,Aurora Kitchen,SKU-0002-02,,1,13.17,0,13.17,98.42,EUR,web
#1179,2025-08-27,paid,fulfilled,France,Occitanie,Toulouse,cust_01094,Oak Chef Knife,Kitchen,Aurora Kitchen,SKU-0001-03,,2,24.54,0,49.08,98.42,EUR,web
#3451,2026-05-14,paid,fulfilled,Spain,Valencia,Alicante,cust_00105,Marble Cutting Board,Kitchen,Aurora Kitchen,SKU-0002-01,,1,13.17,0,13.17,37.53,EUR,web
#3451,2026-05-14,paid,fulfilled,Spain,Valencia,Alicante,cust_00105,Terracotta Woven Basket,Decor,Casa Bonita,SKU-0043-02,,1,17.85,0,17.85,37.53,EUR,web
#3083,2026-03-22,paid,fulfilled,France,Provence,Nice,cust_00343,Bamboo Picture Frame,Decor,Casa Bonita,SKU-0042-01,,1,32.28,0,32.28,72.36,EUR,web
#3083,2026-03-22,paid,fulfilled,France,Provence,Nice,cust_00343,Oak Storage Jar,Kitchen,Aurora Kitchen,SKU-0006-02,,1,27.52,0,27.52,72.36,EUR,web
#1106,2025-08-16,paid,fulfilled,Portugal,Porto,Porto,cust_00910,Stone Quilted Bedspread,Bedding,Nordic Sleep,SKU-0029-01,,1,33.99,0,33.99,41.13,EUR,web
#2245,2025-12-11,paid,fulfilled,Germany,Hamburg,Hamburg,cust_00263,Ceramic Tea Kettle,Kitchen,Aurora Kitchen,SKU-0009-01,,1,13.93,0,13.93,16.86,EUR,web
#3397,2026-05-08,paid,fulfilled,Germany,Hamburg,Hamburg,cust_00998,Stone Robe,Bath,Pure Bath,SKU-0055-01,,1,27.66,4.63,23.03,64.59,EUR,web
#3397,2026-05-08,paid,fulfilled,Germany,Hamburg,Hamburg,cust_00998,Linen Reading Light,Lighting,Lumen Co,SKU-0036-02,,1,30.35,0,30.35,64.59,EUR,web
#1326,2025-09-16,paid,fulfilled,Portugal,Lisboa,Lisboa,cust_00596,Terracotta Outdoor Cushion,Outdoor,Terra Garden,SKU-0060-01,,1,23.39,0,23.39,95.7,EUR,web
#1326,2025-09-16,paid,fulfilled,Portugal,Lisboa,Lisboa,cust_00596,Linen Table Runner,Decor,Casa Bonita,SKU-0046-02,Charcoal,1,22.74,0,22.74,95.7,EUR,web
#1326,2025-09-16,paid,fulfilled,Portugal,Lisboa,Lisboa,cust_00596,Copper Scented Candle,Decor,Casa Bonita,SKU-0045-03,,4,8.24,0,32.96,95.7,EUR,web
#1901,2025-11-14,paid,fulfilled,Germany,Hamburg,Hamburg,cust_00263,Marble Cutting Board,Kitchen,Aurora Kitchen,SKU-0012-01,Medium,3,15.09,4.34,40.93,49.53,EUR,web
#1195,2025-08-30,paid,fulfilled,Spain,Madrid,Madrid,cust_00314,Terracotta Pendant Light,Lighting,Lumen Co,SKU-0038-01,,1,38.48,7,31.48,38.09,EUR,web
#1038,2025-08-06,paid,fulfilled,Spain,Galicia,Vigo,cust_00503,Oak Chef Knife,Kitchen,Aurora Kitchen,SKU-0001-01,Natural,1,24.54,0,24.54,167.29,EUR,web
#1038,2025-08-06,paid,fulfilled,Spain,Galicia,Vigo,cust_00503,Ceramic Cast Iron Pan,Kitchen,Aurora Kitchen,SKU-0004-02,Charcoal,1,22.58,0,22.58,167.29,EUR,web
#1038,2025-08-06,paid,fulfilled,Spain,Galicia,Vigo,cust_00503,Bamboo Table Lamp,Lighting,Lumen Co,SKU-0037-03,Medium,1,39.74,0,39.74,167.29,EUR,web
#1038,2025-08-06,paid,fulfilled,Spain,Galicia,Vigo,cust_00503,Marble Bath Towel Set,Bath,Pure Bath,SKU-0057-04,,2,25.7,0,51.4,167.29,EUR,web
#1667,2025-10-25,paid,fulfilled,Italy,Lombardia,Bergamo,cust_00914,Terracotta Woven Basket,Decor,Casa Bonita,SKU-0043-01,,1,17.85,1.78,16.07,65.52,EUR,web
#1667,2025-10-25,paid,fulfilled,Italy,Lombardia,Bergamo,cust_00914,Walnut Mixing Bowl,Kitchen,Aurora Kitchen,SKU-0008-02,,1,38.08,0,38.08,65.52,EUR,web
#1135,2025-08-22,paid,fulfilled,Spain,País Vasco,Bilbao,cust_00483,Marble Bath Mat,Bath,Pure Bath,SKU-0052-01,,2,31.82,0,63.64,77,EUR,web
#1476,2025-10-05,paid,fulfilled,Germany,Berlin,Berlin,cust_01031,Ceramic Cast Iron Pan,Kitchen,Aurora Kitchen,SKU-0014-01,,1,40.12,0,40.12,48.55,EUR,web
#1462,2025-10-04,paid,fulfilled,Spain,Galicia,Vigo,cust_00222,Linen Ceramic Vase,Decor,Casa Bonita,SKU-0041-01,,1,37.99,0,37.99,45.97,EUR,web
#2301,2025-12-15,paid,fulfilled,Portugal,Porto,Braga,cust_01140,Ceramic Cast Iron Pan,Kitchen,Aurora Kitchen,SKU-0014-01,,1,40.12,0,40.12,48.55,EUR,web
#1010,2025-08-02,paid,fulfilled,Spain,País Vasco,Bilbao,cust_00315,Linen Ceramic Vase,Decor,Casa Bonita,SKU-0041-01,,1,37.99,5.19,32.8,70.79,EUR,web
#1010,2025-08-02,paid,fulfilled,Spain,País Vasco,Bilbao,cust_00315,Marble Bath Towel Set,Bath,Pure Bath,SKU-0057-02,Large,1,25.7,0,25.7,70.79,EUR,web
#3985,2026-07-29,paid,fulfilled,Germany,Bayern,Nürnberg,cust_00220,Ceramic Cast Iron Pan,Kitchen,Aurora Kitchen,SKU-0014-01,,3,40.12,0,120.36,182.36,EUR,web
#3985,2026-07-29,paid,fulfilled,Germany,Bayern,Nürnberg,cust_00220,Linen Reading Light,Lighting,Lumen Co,SKU-0036-02,,1,30.35,0,30.35,182.36,EUR,web
#3363,2026-05-03,paid,fulfilled,France,Provence,Marseille,cust_01176,Oak Chef Knife,Kitchen,Aurora Kitchen,SKU-0011-01,,1,33.15,0,33.15,68.37,EUR,web
#3363,2026-05-03,paid,fulfilled,France,Provence,Marseille,cust_01176,Brass Wall Art Print,Decor,Casa Bonita,SKU-0044-02,Natural,1,23.35,0,23.35,68.37,EUR,web
#3241,2026-04-16,paid,fulfilled,Spain,Valencia,Valencia,cust_00492,Bamboo Bookend Pair,Decor,Casa Bonita,SKU-0047-01,,1,14.92,0,14.92,18.05,EUR,pos
#2226,2025-12-09,paid,fulfilled,France,Occitanie,Montpellier,cust_01035,Bamboo Bookend Pair,Decor,Casa Bonita,SKU-0047-01,,1,14.92,0,14.92,79.12,EUR,pos
#2226,2025-12-09,paid,fulfilled,France,Occitanie,Montpellier,cust_01035,Copper Scented Candle,Decor,Casa Bonita,SKU-0045-02,,2,8.24,0,16.48,79.12,EUR,pos
#2226,2025-12-09,paid,fulfilled,France,Occitanie,Montpellier,cust_01035,Stone Quilted Bedspread,Bedding,Nordic Sleep,SKU-0029-03,Charcoal,1,33.99,0,33.99,79.12,EUR,pos
#1441,2025-10-01,paid,fulfilled,France,Provence,Marseille,cust_01176,Terracotta Woven Basket,Decor,Casa Bonita,SKU-0043-01,,1,17.85,0,17.85,21.6,EUR,mobile
#3738,2026-06-22,paid,fulfilled,Germany,Hamburg,Hamburg,cust_00661,Terracotta Woven Basket,Decor,Casa Bonita,SKU-0043-01,,1,17.85,0,17.85,21.6,EUR,pos
#1956,2025-11-19,paid,fulfilled,Spain,Madrid,Alcalá de Henares,cust_00654,Oak Bath Towel Set,Bath,Pure Bath,SKU-0051-01,Small,4,25.27,0,101.08,122.31,EUR,web
#3080,2026-03-22,paid,fulfilled,Spain,Valencia,Alicante,cust_00294,Bamboo Picture Frame,Decor,Casa Bonita,SKU-0042-01,,2,32.28,9.35,55.21,79.98,EUR,web
#3080,2026-03-22,paid,fulfilled,Spain,Valencia,Alicante,cust_00294,Marble Cutting Board,Kitchen,Aurora Kitchen,SKU-0002-02,,1,13.17,2.28,10.89,79.98,EUR,web
#1060,2025-08-09,paid,fulfilled,Germany,Hamburg,Hamburg,cust_00768,Linen Reading Light,Lighting,Lumen Co,SKU-0036-01,Charcoal,1,30.35,0,30.35,36.72,EUR,web
#1530,2025-10-12,paid,fulfilled,Germany,Hamburg,Hamburg,cust_00302,Oak Bath Towel Set,Bath,Pure Bath,SKU-0051-01,,2,25.27,7.62,42.92,51.93,EUR,web
#2489,2025-12-28,paid,fulfilled,Germany,Hamburg,Hamburg,cust_00039,Oak Pillow Case Pair,Bedding,Nordic Sleep,SKU-0020-01,,1,54.3,0,54.3,65.7,EUR,web
#1937,2025-11-17,paid,fulfilled,Germany,Hamburg,Hamburg,cust_00471,Ceramic Shower Curtain,Bath,Pure Bath,SKU-0054-01,,1,32.3,0,32.3,94.88,EUR,mobile
#1937,2025-11-17,paid,fulfilled,Germany,Hamburg,Hamburg,cust_00471,Ceramic Cast Iron Pan,Kitchen,Aurora Kitchen,SKU-0004-02,,1,22.58,0,22.58,94.88,EUR,mobile
#1937,2025-11-17,paid,fulfilled,Germany,Hamburg,Hamburg,cust_00471,Oak Linen Duvet,Bedding,Nordic Sleep,SKU-0025-03,,1,28.38,4.85,23.53,94.88,EUR,mobile
#3950,2026-07-22,paid,fulfilled,Spain,Galicia,A Coruña,cust_00279,Marble Bath Towel Set,Bath,Pure Bath,SKU-0057-01,,1,25.7,0,25.7,31.1,EUR,web
#2267,2025-12-12,paid,fulfilled,Netherlands,Noord-Holland,Haarlem,cust_00448,Marble Bath Mat,Bath,Pure Bath,SKU-0052-01,,1,31.82,0,31.82,107.3,EUR,mobile
#2267,2025-12-12,paid,fulfilled,Netherlands,Noord-Holland,Haarlem,cust_00448,Bamboo Bookend Pair,Decor,Casa Bonita,SKU-0047-02,,1,14.92,0,14.92,107.3,EUR,mobile
#2267,2025-12-12,paid,fulfilled,Netherlands,Noord-Holland,Haarlem,cust_00448,Brass Wall Art Print,Decor,Casa Bonita,SKU-0044-03,Natural,1,23.35,1.78,21.57,107.3,EUR,mobile
#2267,2025-12-12,paid,fulfilled,Netherlands,Noord-Holland,Haarlem,cust_00448,Terracotta Outdoor Cushion,Outdoor,Terra Garden,SKU-0060-04,,1,23.39,3.02,20.37,107.3,EUR,mobile
#1071,2025-08-10,paid,fulfilled,France,Occitanie,Toulouse,cust_00844,Stone Serving Platter,Kitchen,Aurora Kitchen,SKU-0010-01,,1,28.1,2.02,26.08,31.56,EUR,mobile
#2190,2025-12-07,paid,fulfilled,Spain,Madrid,Alcalá de Henares,cust_00240,Brass Ceramic Vase,Decor,Casa Bonita,SKU-0049-01,,1,16.22,2.35,13.87,50.25,EUR,web
#2190,2025-12-07,paid,fulfilled,Spain,Madrid,Alcalá de Henares,cust_00240,Stone Robe,Bath,Pure Bath,SKU-0055-02,,1,27.66,0,27.66,50.25,EUR,web
#1131,2025-08-21,paid,fulfilled,France,Occitanie,Montpellier,cust_00450,Oak Bath Towel Set,Bath,Pure Bath,SKU-0051-01,,1,25.27,0,25.27,30.58,EUR,web
#2874,2026-02-23,paid,fulfilled,Germany,Hamburg,Hamburg,cust_00519,Stone Quilted Bedspread,Bedding,Nordic Sleep,SKU-0029-01,,1,33.99,0,33.99,41.13,EUR,web
#1757,2025-11-03,paid,fulfilled,Netherlands,Noord-Holland,Amsterdam,cust_00765,Brass Wall Art Print,Decor,Casa Bonita,SKU-0044-01,Small,1,23.35,0,23.35,137.35,EUR,web
#1757,2025-11-03,paid,fulfilled,Netherlands,Noord-Holland,Amsterdam,cust_00765,Marble Cotton Sheet Set,Bedding,Nordic Sleep,SKU-0026-02,,1,66.77,0,66.77,137.35,EUR,web
#1757,2025-11-03,paid,fulfilled,Netherlands,Noord-Holland,Amsterdam,cust_00765,Terracotta Outdoor Cushion,Outdoor,Terra Garden,SKU-0060-03,Natural,1,23.39,0,23.39,137.35,EUR,web
#1120,2025-08-19,paid,fulfilled,Spain,Madrid,Madrid,cust_00359,Ceramic Shower Curtain,Bath,Pure Bath,SKU-0054-01,,1,32.3,0,32.3,54.14,EUR,mobile
#1120,2025-08-19,paid,fulfilled,Spain,Madrid,Madrid,cust_00359,Bamboo Bookend Pair,Decor,Casa Bonita,SKU-0047-02,,1,14.92,2.48,12.44,54.14,EUR,mobile
#2205,2025-12-08,paid,fulfilled,Portugal,Porto,Porto,cust_01133,Copper Wall Mirror,Decor,Casa Bonita,SKU-0040-01,,4,15.19,0,60.76,88.27,EUR,web
#2205,2025-12-08,paid,fulfilled,Portugal,Porto,Porto,cust_01133,Marble Cutting Board,Kitchen,Aurora Kitchen,SKU-0002-02,,1,13.17,0.98,12.19,88.27,EUR,web
#2715,2026-01-27,paid,fulfilled,Spain,Galicia,Vigo,cust_00893,Marble Bath Mat,Bath,Pure Bath,SKU-0052-01,Charcoal,1,31.82,0,31.82,38.5,EUR,pos
#2785,2026-02-08,partially_refunded,fulfilled,Germany,Hamburg,Hamburg,cust_00263,Terracotta Wall Mirror,Decor,Casa Bonita,SKU-0048-01,,1,24.68,0,24.68,29.86,EUR,mobile
#1934,2025-11-16,paid,fulfilled,Spain,Andalucía,Málaga,cust_00062,Stone Espresso Mug,Kitchen,Aurora Kitchen,SKU-0005-01,,1,17.01,3.25,13.76,16.65,EUR,web
#1806,2025-11-07,paid,fulfilled,France,Occitanie,Toulouse,cust_00844,Brass Wall Art Print,Decor,Casa Bonita,SKU-0044-01,Charcoal,1,23.35,0,23.35,103.2,EUR,web
#1806,2025-11-07,paid,fulfilled,France,Occitanie,Toulouse,cust_00844,Stone Robe,Bath,Pure Bath,SKU-0055-02,,1,27.66,0,27.66,103.2,EUR,web
#1806,2025-11-07,paid,fulfilled,France,Occitanie,Toulouse,cust_00844,Marble Utensil Holder,Kitchen,Aurora Kitchen,SKU-0007-03,Small,2,17.14,0,34.28,103.2,EUR,web
#1035,2025-08-06,paid,fulfilled,Portugal,Lisboa,Lisboa,cust_00268,Marble Bath Mat,Bath,Pure Bath,SKU-0052-01,,1,31.82,4.84,26.98,32.65,EUR,web
#3789,2026-06-28,paid,fulfilled,Germany,Hamburg,Hamburg,cust_00302,Marble Cotton Sheet Set,Bedding,Nordic Sleep,SKU-0026-01,,3,66.77,0,200.31,242.38,EUR,web
#2608,2026-01-10,paid,fulfilled,Spain,Galicia,A Coruña,cust_00669,Linen Reading Light,Lighting,Lumen Co,SKU-0036-01,,2,30.35,0,60.7,149.39,EUR,web
#2608,2026-01-10,paid,fulfilled,Spain,Galicia,A Coruña,cust_00669,Walnut Mattress Topper,Bedding,Nordic Sleep,SKU-0022-02,Charcoal,1,62.76,0,62.76,149.39,EUR,web
#3921,2026-07-18,paid,fulfilled,Netherlands,Zuid-Holland,Rotterdam,cust_00368,Brass Wall Art Print,Decor,Casa Bonita,SKU-0044-01,Small,1,23.35,1.72,21.63,26.17,EUR,web
#1022,2025-08-04,paid,fulfilled,Netherlands,Noord-Holland,Haarlem,cust_00448,Bamboo Picture Frame,Decor,Casa Bonita,SKU-0042-01,,2,32.28,3.39,61.17,101.34,EUR,web
#1022,2025-08-04,paid,fulfilled,Netherlands,Noord-Holland,Haarlem,cust_00448,Ceramic Cast Iron Pan,Kitchen,Aurora Kitchen,SKU-0004-02,,1,22.58,0,22.58,101.34,EUR,web
#1360,2025-09-20,paid,fulfilled,Portugal,Lisboa,Cascais,cust_00175,Brass Wall Art Print,Decor,Casa Bonita,SKU-0044-01,,1,23.35,0,23.35,28.25,EUR,pos
#1587,2025-10-18,paid,fulfilled,Spain,Cataluña,Girona,cust_01063,Marble Bath Towel Set,Bath,Pure Bath,SKU-0057-01,,1,25.7,0,25.7,31.1,EUR,web
#2089,2025-11-30,refunded,fulfilled,Spain,País Vasco,San Sebastián,cust_00925,Bamboo Picture Frame,Decor,Casa Bonita,SKU-0042-01,,1,32.28,0,32.28,39.06,EUR,mobile
#3977,2026-07-28,paid,fulfilled,Spain,Valencia,Valencia,cust_00997,Stone Espresso Mug,Kitchen,Aurora Kitchen,SKU-0005-01,,1,17.01,0.95,16.06,19.43,EUR,web
#3150,2026-04-03,paid,fulfilled,France,Occitanie,Montpellier,cust_00043,Ceramic Cast Iron Pan,Kitchen,Aurora Kitchen,SKU-0014-01,,1,40.12,0,40.12,78.24,EUR,web
#3150,2026-04-03,paid,fulfilled,France,Occitanie,Montpellier,cust_00043,Oak Chef Knife,Kitchen,Aurora Kitchen,SKU-0001-02,,1,24.54,0,24.54,78.24,EUR,web
#3906,2026-07-15,paid,fulfilled,France,Provence,Marseille,cust_00151,Oak Chef Knife,Kitchen,Aurora Kitchen,SKU-0001-01,,1,24.54,0,24.54,29.69,EUR,web
#2653,2026-01-17,paid,fulfilled,Spain,Andalucía,Málaga,cust_00114,Brass Ceramic Vase,Decor,Casa Bonita,SKU-0049-01,,1,16.22,0,16.22,79.27,EUR,web
#2653,2026-01-17,paid,fulfilled,Spain,Andalucía,Málaga,cust_00114,Bamboo Picture Frame,Decor,Casa Bonita,SKU-0042-02,,1,32.28,0,32.28,79.27,EUR,web
#2653,2026-01-17,paid,fulfilled,Spain,Andalucía,Málaga,cust_00114,Stone Espresso Mug,Kitchen,Aurora Kitchen,SKU-0005-03,,1,17.01,0,17.01,79.27,EUR,web
#3198,2026-04-10,paid,fulfilled,Spain,Cataluña,Barcelona,cust_00136,Marble Cutting Board,Kitchen,Aurora Kitchen,SKU-0002-01,,1,13.17,0,13.17,15.94,EUR,web
#1234,2025-09-03,paid,fulfilled,Spain,Valencia,Alicante,cust_00513,Copper Wall Mirror,Decor,Casa Bonita,SKU-0040-01,,1,15.19,2.94,12.25,14.82,EUR,web
#2772,2026-02-06,paid,fulfilled,Italy,Lombardia,Bergamo,cust_00058,Copper Wall Mirror,Decor,Casa Bonita,SKU-0040-01,,2,15.19,0,30.38,36.76,EUR,web
#1623,2025-10-20,paid,fulfilled,France,Occitanie,Toulouse,cust_00844,Marble Cutting Board,Kitchen,Aurora Kitchen,SKU-0002-01,Natural,1,13.17,0,13.17,15.94,EUR,web
#1134,2025-08-22,paid,fulfilled,Netherlands,Zuid-Holland,Rotterdam,cust_00368,Marble Cutting Board,Kitchen,Aurora Kitchen,SKU-0002-01,Natural,4,13.17,0,52.68,63.74,EUR,web
#3393,2026-05-07,paid,fulfilled,Germany,Bayern,München,cust_00673,Stone Quilted Bedspread,Bedding,Nordic Sleep,SKU-0029-01,Small,1,33.99,0,33.99,41.13,EUR,web
#1368,2025-09-21,paid,fulfilled,Spain,Valencia,Valencia,cust_01053,Bamboo Bookend Pair,Decor,Casa Bonita,SKU-0047-01,,1,14.92,0,14.92,18.05,EUR,web
#2511,2025-12-30,paid,fulfilled,Spain,Madrid,Alcalá de Henares,cust_00727,Stone Quilted Bedspread,Bedding,Nordic Sleep,SKU-0029-01,Natural,1,33.99,0,33.99,78.81,EUR,web
#2511,2025-12-30,paid,fulfilled,Spain,Madrid,Alcalá de Henares,cust_00727,Bamboo Bookend Pair,Decor,Casa Bonita,SKU-0047-02,,1,14.92,0,14.92,78.81,EUR,web
#2511,2025-12-30,paid,fulfilled,Spain,Madrid,Alcalá de Henares,cust_00727,Brass Ceramic Vase,Decor,Casa Bonita,SKU-0049-03,,1,16.22,0,16.22,78.81,EUR,web
#3723,2026-06-20,paid,fulfilled,Spain,Madrid,Alcalá de Henares,cust_00153,Brass Wall Art Print,Decor,Casa Bonita,SKU-0044-01,,1,23.35,0,23.35,191.47,EUR,web
#3723,2026-06-20,paid,fulfilled,Spain,Madrid,Alcalá de Henares,cust_00153,Ceramic Pillow Case Pair,Bedding,Nordic Sleep,SKU-0028-02,,1,43.58,0,43.58,191.47,EUR,web
#3723,2026-06-20,paid,fulfilled,Spain,Madrid,Alcalá de Henares,cust_00153,Walnut Wool Throw,Bedding,Nordic Sleep,SKU-0027-03,,1,63.89,4.86,59.03,191.47,EUR,web
#3723,2026-06-20,paid,fulfilled,Spain,Madrid,Alcalá de Henares,cust_00153,Bamboo Picture Frame,Decor,Casa Bonita,SKU-0042-04,,1,32.28,0,32.28,191.47,EUR,web
#2915,2026-02-28,paid,fulfilled,Spain,Valencia,Alicante,cust_00513,Marble Cutting Board,Kitchen,Aurora Kitchen,SKU-0002-01,Charcoal,1,13.17,2,11.17,13.52,EUR,mobile
#3581,2026-05-29,paid,fulfilled,Netherlands,Zuid-Holland,Rotterdam,cust_00131,Ceramic Tea Kettle,Kitchen,Aurora Kitchen,SKU-0009-01,Medium,1,13.93,0,13.93,48.71,EUR,web
#3581,2026-05-29,paid,fulfilled,Netherlands,Zuid-Holland,Rotterdam,cust_00131,Stone Serving Platter,Kitchen,Aurora Kitchen,SKU-0010-02,Large,1,28.1,1.77,26.33,48.71,EUR,web
#1306,2025-09-13,paid,fulfilled,Netherlands,Noord-Holland,Amsterdam,cust_01041,Bamboo Bookend Pair,Decor,Casa Bonita,SKU-0047-01,,1,14.92,1.91,13.01,15.74,EUR,web
#3130,2026-04-01,paid,fulfilled,Portugal,Porto,Porto,cust_00158,Marble Bath Mat,Bath,Pure Bath,SKU-0052-01,Natural,1,31.82,0,31.82,38.5,EUR,web
#2331,2025-12-17,paid,fulfilled,Spain,Cataluña,Girona,cust_00067,Marble Cutting Board,Kitchen,Aurora Kitchen,SKU-0002-01,Large,1,13.17,0,13.17,15.94,EUR,web
#2240,2025-12-11,paid,fulfilled,Portugal,Porto,Braga,cust_00977,Walnut Wool Throw,Bedding,Nordic Sleep,SKU-0027-01,,1,63.89,12.05,51.84,197.98,EUR,web
#2240,2025-12-11,paid,fulfilled,Portugal,Porto,Braga,cust_00977,Walnut Ceramic Bowl Set,Kitchen,Aurora Kitchen,SKU-0003-02,Medium,2,44.02,0,88.04,197.98,EUR,web
#2240,2025-12-11,paid,fulfilled,Portugal,Porto,Braga,cust_00977,Oak Storage Jar,Kitchen,Aurora Kitchen,SKU-0016-03,,1,23.74,0,23.74,197.98,EUR,web
#2944,2026-03-03,paid,fulfilled,France,Provence,Marseille,cust_01176,Oak Bath Towel Set,Bath,Pure Bath,SKU-0051-01,,1,25.27,0,25.27,257.17,EUR,web
#2944,2026-03-03,paid,fulfilled,France,Provence,Marseille,cust_01176,Bamboo Picture Frame,Decor,Casa Bonita,SKU-0042-02,Large,1,32.28,0,32.28,257.17,EUR,web
#2944,2026-03-03,paid,fulfilled,France,Provence,Marseille,cust_01176,Walnut Linen Duvet,Bedding,Nordic Sleep,SKU-0017-03,,4,44.07,21.29,154.99,257.17,EUR,web
#2791,2026-02-09,paid,fulfilled,Netherlands,Noord-Holland,Amsterdam,cust_00602,Stone Bed Runner,Bedding,Nordic Sleep,SKU-0024-01,,1,47.82,0,47.82,57.86,EUR,mobile
#3937,2026-07-21,paid,unfulfilled,Germany,Berlin,Berlin,cust_01123,Brass Ceramic Vase,Decor,Casa Bonita,SKU-0049-01,,1,16.22,0,16.22,50.36,EUR,web
#3937,2026-07-21,paid,unfulfilled,Germany,Berlin,Berlin,cust_01123,Bamboo Bookend Pair,Decor,Casa Bonita,SKU-0047-02,Medium,2,14.92,4.44,25.4,50.36,EUR,web
#3766,2026-06-25,paid,fulfilled,Germany,Hamburg,Hamburg,cust_01175,Walnut Ceramic Bowl Set,Kitchen,Aurora Kitchen,SKU-0003-01,,1,44.02,0,44.02,53.26,EUR,web
#1872,2025-11-12,paid,fulfilled,Germany,Berlin,Berlin,cust_00523,Brass Ceramic Vase,Decor,Casa Bonita,SKU-0049-01,,2,16.22,0,32.44,56.11,EUR,web
#1872,2025-11-12,paid,fulfilled,Germany,Berlin,Berlin,cust_00523,Ceramic Tea Kettle,Kitchen,Aurora Kitchen,SKU-0009-02,Small,1,13.93,0,13.93,56.11,EUR,web
#3131,2026-04-01,paid,fulfilled,Spain,Andalucía,Málaga,cust_00033,Bamboo Bookend Pair,Decor,Casa Bonita,SKU-0047-01,,1,14.92,1.67,13.25,16.03,EUR,web
#1672,2025-10-25,paid,fulfilled,Portugal,Porto,Braga,cust_00977,Bamboo Picture Frame,Decor,Casa Bonita,SKU-0042-01,Medium,1,32.28,0,32.28,39.06,EUR,mobile
#2251,2025-12-11,paid,fulfilled,Spain,Cataluña,Girona,cust_00163,Marble Cutting Board,Kitchen,Aurora Kitchen,SKU-0012-01,Natural,1,15.09,0,15.09,115.11,EUR,pos
#2251,2025-12-11,paid,fulfilled,Spain,Cataluña,Girona,cust_00163,Brass Wall Art Print,Decor,Casa Bonita,SKU-0044-02,,1,23.35,0,23.35,115.11,EUR,pos
#2251,2025-12-11,paid,fulfilled,Spain,Cataluña,Girona,cust_00163,Linen Reading Light,Lighting,Lumen Co,SKU-0036-03,,1,30.35,0,30.35,115.11,EUR,pos
#2251,2025-12-11,paid,fulfilled,Spain,Cataluña,Girona,cust_00163,Marble Cutting Board,Kitchen,Aurora Kitchen,SKU-0002-04,,2,13.17,0,26.34,115.11,EUR,pos
#3477,2026-05-17,paid,fulfilled,France,Île-de-France,Versailles,cust_00304,Walnut Wool Throw,Bedding,Nordic Sleep,SKU-0027-01,Natural,2,63.89,0,127.78,154.61,EUR,web
#2335,2025-12-17,paid,fulfilled,Spain,Galicia,Vigo,cust_00503,Bamboo Bookend Pair,Decor,Casa Bonita,SKU-0047-01,,2,14.92,0,29.84,137.3,EUR,web
#2335,2025-12-17,paid,fulfilled,Spain,Galicia,Vigo,cust_00503,Ceramic Cast Iron Pan,Kitchen,Aurora Kitchen,SKU-0004-02,Small,1,22.58,0,22.58,137.3,EUR,web
#2335,2025-12-17,paid,fulfilled,Spain,Galicia,Vigo,cust_00503,Bamboo Picture Frame,Decor,Casa Bonita,SKU-0042-03,,1,32.28,0,32.28,137.3,EUR,web
#2335,2025-12-17,paid,fulfilled,Spain,Galicia,Vigo,cust_00503,Stone Quilted Bedspread,Bedding,Nordic Sleep,SKU-0029-04,,1,33.99,5.22,28.77,137.3,EUR,web
#1933,2025-11-16,paid,fulfilled,Spain,Galicia,Vigo,cust_00063,Copper Wall Mirror,Decor,Casa Bonita,SKU-0040-01,Small,1,15.19,2.01,13.18,123.2,EUR,web
#1933,2025-11-16,paid,fulfilled,Spain,Galicia,Vigo,cust_00063,Terracotta Woven Basket,Decor,Casa Bonita,SKU-0043-02,Medium,1,17.85,0,17.85,123.2,EUR,web
#1933,2025-11-16,paid,fulfilled,Spain,Galicia,Vigo,cust_00063,Stone Espresso Mug,Kitchen,Aurora Kitchen,SKU-0005-03,Natural,1,17.01,0,17.01,123.2,EUR,web
#1933,2025-11-16,paid,fulfilled,Spain,Galicia,Vigo,cust_00063,Linen Reading Light,Lighting,Lumen Co,SKU-0036-04,,2,30.35,6.92,53.78,123.2,EUR,web
#1809,2025-11-08,paid,fulfilled,Portugal,Porto,Porto,cust_00408,Bamboo Picture Frame,Decor,Casa Bonita,SKU-0042-01,,1,32.28,1.88,30.4,36.78,EUR,web
#2445,2025-12-25,paid,fulfilled,Spain,Cataluña,Girona,cust_00670,Marble Cutting Board,Kitchen,Aurora Kitchen,SKU-0012-01,Large,1,15.09,0,15.09,18.26,EUR,web
#1092,2025-08-13,paid,fulfilled,Spain,Valencia,Valencia,cust_00526,Stone Quilted Bedspread,Bedding,Nordic Sleep,SKU-0029-01,,1,33.99,0,33.99,62.73,EUR,web
#1092,2025-08-13,paid,fulfilled,Spain,Valencia,Valencia,cust_00526,Terracotta Woven Basket,Decor,Casa Bonita,SKU-0043-02,Large,1,17.85,0,17.85,62.73,EUR,web
#2302,2025-12-15,partially_refunded,fulfilled,Spain,Andalucía,Sevilla,cust_00889,Bamboo Picture Frame,Decor,Casa Bonita,SKU-0042-01,Natural,1,32.28,0,32.28,95.11,EUR,web
#2302,2025-12-15,partially_refunded,fulfilled,Spain,Andalucía,Sevilla,cust_00889,Oak Chef Knife,Kitchen,Aurora Kitchen,SKU-0011-02,Small,1,33.15,0,33.15,95.11,EUR,web
#2302,2025-12-15,partially_refunded,fulfilled,Spain,Andalucía,Sevilla,cust_00889,Marble Cutting Board,Kitchen,Aurora Kitchen,SKU-0002-03,,1,13.17,0,13.17,95.11,EUR,web
#1093,2025-08-13,paid,fulfilled,Italy,Lazio,Roma,cust_01034,Ceramic Tea Kettle,Kitchen,Aurora Kitchen,SKU-0009-01,Medium,1,13.93,0,13.93,127.86,EUR,mobile
#1093,2025-08-13,paid,fulfilled,Italy,Lazio,Roma,cust_01034,Linen Pendant Light,Lighting,Lumen Co,SKU-0031-02,,2,45.87,0,91.74,127.86,EUR,mobile
#1992,2025-11-21,paid,fulfilled,Spain,País Vasco,Bilbao,cust_01168,Ceramic Cast Iron Pan,Kitchen,Aurora Kitchen,SKU-0014-01,,1,40.12,0,40.12,48.55,EUR,web
#3392,2026-05-07,paid,fulfilled,France,Occitanie,Montpellier,cust_01190,Terracotta Pendant Light,Lighting,Lumen Co,SKU-0038-01,Medium,1,38.48,0,38.48,99.33,EUR,mobile
#3392,2026-05-07,paid,fulfilled,France,Occitanie,Montpellier,cust_01190,Brass Candle Holder,Lighting,Lumen Co,SKU-0034-02,Natural,1,43.61,0,43.61,99.33,EUR,mobile
#1081,2025-08-12,paid,fulfilled,France,Occitanie,Montpellier,cust_00330,Bamboo Bookend Pair,Decor,Casa Bonita,SKU-0047-01,,2,14.92,1.62,28.22,34.15,EUR,web
#1916,2025-11-15,paid,fulfilled,Spain,Andalucía,Málaga,cust_00961,Oak Chef Knife,Kitchen,Aurora Kitchen,SKU-0001-01,,1,24.54,0,24.54,29.69,EUR,web
#1581,2025-10-17,paid,fulfilled,Spain,Andalucía,Sevilla,cust_00248,Linen Reading Light,Lighting,Lumen Co,SKU-0036-01,,1,30.35,0,30.35,36.72,EUR,web
#2581,2026-01-05,paid,fulfilled,Portugal,Lisboa,Lisboa,cust_00288,Marble Cutting Board,Kitchen,Aurora Kitchen,SKU-0002-01,Charcoal,1,13.17,1.71,11.46,13.87,EUR,web
#2995,2026-03-11,refunded,fulfilled,Spain,Galicia,Vigo,cust_00893,Marble Cutting Board,Kitchen,Aurora Kitchen,SKU-0002-01,,1,13.17,0,13.17,37.53,EUR,web
#2995,2026-03-11,refunded,fulfilled,Spain,Galicia,Vigo,cust_00893,Terracotta Woven Basket,Decor,Casa Bonita,SKU-0043-02,,1,17.85,0,17.85,37.53,EUR,web
#3338,2026-04-29,paid,fulfilled,Netherlands,Noord-Holland,Amsterdam,cust_00672,Ceramic Cast Iron Pan,Kitchen,Aurora Kitchen,SKU-0004-01,,1,22.58,0,22.58,27.32,EUR,web
#3275,2026-04-20,paid,fulfilled,Spain,Cataluña,Girona,cust_00990,Walnut Ceramic Bowl Set,Kitchen,Aurora Kitchen,SKU-0003-01,,1,44.02,0,44.02,121,EUR,web
#3275,2026-04-20,paid,fulfilled,Spain,Cataluña,Girona,cust_00990,Marble Quilted Bedspread,Bedding,Nordic Sleep,SKU-0021-02,,1,63.83,7.85,55.98,121,EUR,web
#2338,2025-12-17,paid,fulfilled,Spain,Madrid,Alcalá de Henares,cust_00240,Stone Serving Platter,Kitchen,Aurora Kitchen,SKU-0010-01,,1,28.1,3.83,24.27,107.48,EUR,web
#2338,2025-12-17,paid,fulfilled,Spain,Madrid,Alcalá de Henares,cust_00240,Bamboo Picture Frame,Decor,Casa Bonita,SKU-0042-02,Medium,2,32.28,0,64.56,107.48,EUR,web
#2277,2025-12-13,paid,fulfilled,Italy,Lazio,Roma,cust_00088,Oak Pillow Case Pair,Bedding,Nordic Sleep,SKU-0020-01,Medium,3,54.3,22.08,140.82,170.39,EUR,web
#3718,2026-06-19,paid,fulfilled,France,Occitanie,Toulouse,cust_00734,Linen Reading Light,Lighting,Lumen Co,SKU-0036-01,,1,30.35,0,30.35,36.72,EUR,web
#1982,2025-11-21,paid,fulfilled,Portugal,Porto,Porto,cust_00158,Marble Cutting Board,Kitchen,Aurora Kitchen,SKU-0002-01,,1,13.17,0,13.17,106.83,EUR,web
#1982,2025-11-21,paid,fulfilled,Portugal,Porto,Porto,cust_00158,Brass Wall Art Print,Decor,Casa Bonita,SKU-0044-02,,1,23.35,0,23.35,106.83,EUR,web
#1982,2025-11-21,paid,fulfilled,Portugal,Porto,Porto,cust_00158,Marble Bath Mat,Bath,Pure Bath,SKU-0052-03,,2,31.82,11.87,51.77,106.83,EUR,web
#1700,2025-10-28,paid,fulfilled,Spain,Valencia,Valencia,cust_00611,Bamboo Picture Frame,Decor,Casa Bonita,SKU-0042-01,,1,32.28,2.23,30.05,36.36,EUR,web
#1283,2025-09-09,paid,fulfilled,France,Occitanie,Toulouse,cust_00844,Oak Vanity Tray,Bath,Pure Bath,SKU-0056-01,Small,1,24.8,0,24.8,63.89,EUR,web
#1283,2025-09-09,paid,fulfilled,France,Occitanie,Toulouse,cust_00844,Bamboo Bookend Pair,Decor,Casa Bonita,SKU-0047-02,Charcoal,2,14.92,1.84,28,63.89,EUR,web
#2285,2025-12-14,paid,fulfilled,Spain,Galicia,Vigo,cust_00617,Oak Bath Towel Set,Bath,Pure Bath,SKU-0051-01,,1,25.27,3.26,22.01,26.63,EUR,web
#1791,2025-11-06,paid,fulfilled,Spain,Valencia,Valencia,cust_00905,Ceramic Cast Iron Pan,Kitchen,Aurora Kitchen,SKU-0004-01,,1,22.58,1.69,20.89,25.28,EUR,web
#1631,2025-10-21,paid,fulfilled,France,Île-de-France,Paris,cust_00378,Terracotta Pendant Light,Lighting,Lumen Co,SKU-0038-01,,2,38.48,0,76.96,124.22,EUR,web
#1631,2025-10-21,paid,fulfilled,France,Île-de-France,Paris,cust_00378,Marble Bath Towel Set,Bath,Pure Bath,SKU-0057-02,,1,25.7,0,25.7,124.22,EUR,web
#3041,2026-03-17,refunded,fulfilled,Germany,Bayern,München,cust_00334,Terracotta Pendant Light,Lighting,Lumen Co,SKU-0038-01,,1,38.48,0,38.48,98.61,EUR,web
#3041,2026-03-17,refunded,fulfilled,Germany,Bayern,München,cust_00334,Stone Serving Platter,Kitchen,Aurora Kitchen,SKU-0010-02,,1,28.1,0,28.1,98.61,EUR,web
#3041,2026-03-17,refunded,fulfilled,Germany,Bayern,München,cust_00334,Bamboo Bookend Pair,Decor,Casa Bonita,SKU-0047-03,Natural,1,14.92,0,14.92,98.61,EUR,web
#2907,2026-02-27,paid,fulfilled,Italy,Lazio,Roma,cust_00509,Bamboo Picture Frame,Decor,Casa Bonita,SKU-0042-01,,1,32.28,3.48,28.8,223.41,EUR,web
#2907,2026-02-27,paid,fulfilled,Italy,Lazio,Roma,cust_00509,Walnut Soap Dispenser,Bath,Pure Bath,SKU-0053-02,,2,31.22,0,62.44,223.41,EUR,web
#2907,2026-02-27,paid,fulfilled,Italy,Lazio,Roma,cust_00509,Brass Wall Art Print,Decor,Casa Bonita,SKU-0044-03,,4,23.35,0,93.4,223.41,EUR,web
#3869,2026-07-09,paid,fulfilled,Spain,País Vasco,Bilbao,cust_01099,Bamboo Table Lamp,Lighting,Lumen Co,SKU-0037-01,Small,1,39.74,0,39.74,48.09,EUR,web
#2361,2025-12-19,paid,fulfilled,Germany,Hamburg,Hamburg,cust_01171,Oak Chef Knife,Kitchen,Aurora Kitchen,SKU-0001-01,,1,24.54,0,24.54,60.79,EUR,mobile
#2361,2025-12-19,paid,fulfilled,Germany,Hamburg,Hamburg,cust_01171,Marble Bath Towel Set,Bath,Pure Bath,SKU-0057-02,,1,25.7,0,25.7,60.79,EUR,mobile
#3531,2026-05-23,paid,fulfilled,Germany,Berlin,Berlin,cust_00828,Terracotta Woven Basket,Decor,Casa Bonita,SKU-0043-01,,1,17.85,0,17.85,21.6,EUR,web
#3358,2026-05-03,paid,fulfilled,Spain,Galicia,A Coruña,cust_00149,Stone Quilted Bedspread,Bedding,Nordic Sleep,SKU-0029-01,,1,33.99,0,33.99,207.61,EUR,web
#3358,2026-05-03,paid,fulfilled,Spain,Galicia,A Coruña,cust_00149,Brass Wall Art Print,Decor,Casa Bonita,SKU-0044-02,,1,23.35,0,23.35,207.61,EUR,web
#3358,2026-05-03,paid,fulfilled,Spain,Galicia,A Coruña,cust_00149,Walnut Mixing Bowl,Kitchen,Aurora Kitchen,SKU-0008-03,Medium,3,38.08,0,114.24,207.61,EUR,web
#1314,2025-09-14,paid,fulfilled,Spain,Galicia,A Coruña,cust_01105,Stone Wool Throw,Bedding,Nordic Sleep,SKU-0019-01,,3,39.48,0,118.44,221.55,EUR,web
#1314,2025-09-14,paid,fulfilled,Spain,Galicia,A Coruña,cust_01105,Oak Chef Knife,Kitchen,Aurora Kitchen,SKU-0001-02,,1,24.54,0,24.54,221.55,EUR,web
#1314,2025-09-14,paid,fulfilled,Spain,Galicia,A Coruña,cust_01105,Ceramic Cast Iron Pan,Kitchen,Aurora Kitchen,SKU-0014-03,,1,40.12,0,40.12,221.55,EUR,web
#2720,2026-01-28,refunded,fulfilled,Spain,Cataluña,Barcelona,cust_00953,Bamboo Bookend Pair,Decor,Casa Bonita,SKU-0047-01,Large,1,14.92,0.75,14.17,17.15,EUR,web
#2461,2025-12-26,paid,fulfilled,Portugal,Porto,Braga,cust_01100,Ceramic Pillow Case Pair,Bedding,Nordic Sleep,SKU-0028-01,Large,1,43.58,0,43.58,70.71,EUR,web
#2461,2025-12-26,paid,fulfilled,Portugal,Porto,Braga,cust_01100,Stone Espresso Mug,Kitchen,Aurora Kitchen,SKU-0005-02,Charcoal,1,17.01,2.15,14.86,70.71,EUR,web
#1027,2025-08-05,paid,fulfilled,France,Occitanie,Toulouse,cust_00104,Marble Cotton Sheet Set,Bedding,Nordic Sleep,SKU-0026-01,Medium,1,66.77,8.03,58.74,71.08,EUR,web
#2739,2026-01-30,paid,fulfilled,Italy,Lazio,Roma,cust_00678,Stone Quilted Bedspread,Bedding,Nordic Sleep,SKU-0029-01,,2,33.99,0,67.98,82.26,EUR,web
#1833,2025-11-09,paid,fulfilled,Italy,Lombardia,Bergamo,cust_00714,Marble Bath Mat,Bath,Pure Bath,SKU-0052-01,Medium,2,31.82,0,63.64,77,EUR,web
#3288,2026-04-22,paid,fulfilled,Netherlands,Zuid-Holland,Rotterdam,cust_00368,Oak Bath Towel Set,Bath,Pure Bath,SKU-0051-01,Natural,1,25.27,0,25.27,30.58,EUR,pos
#1545,2025-10-13,refunded,fulfilled,Portugal,Porto,Braga,cust_01060,Terracotta Woven Basket,Decor,Casa Bonita,SKU-0043-01,,1,17.85,0,17.85,79.46,EUR,web
#1545,2025-10-13,refunded,fulfilled,Portugal,Porto,Braga,cust_01060,Stone Bed Runner,Bedding,Nordic Sleep,SKU-0024-02,Large,1,47.82,0,47.82,79.46,EUR,web
#2139,2025-12-03,paid,fulfilled,France,Île-de-France,Paris,cust_01059,Ceramic Tea Kettle,Kitchen,Aurora Kitchen,SKU-0009-01,,1,13.93,1.98,11.95,84.35,EUR,web
#2139,2025-12-03,paid,fulfilled,France,Île-de-France,Paris,cust_01059,Stone Robe,Bath,Pure Bath,SKU-0055-02,,1,27.66,3.89,23.77,84.35,EUR,web
#2139,2025-12-03,paid,fulfilled,France,Île-de-France,Paris,cust_01059,Stone Quilted Bedspread,Bedding,Nordic Sleep,SKU-0029-03,,1,33.99,0,33.99,84.35,EUR,web
#3204,2026-04-11,paid,fulfilled,Germany,Berlin,Berlin,cust_01005,Marble Bath Mat,Bath,Pure Bath,SKU-0052-01,,2,31.82,0,63.64,112.37,EUR,web
#3204,2026-04-11,paid,fulfilled,Germany,Berlin,Berlin,cust_01005,Bamboo Picture Frame,Decor,Casa Bonita,SKU-0042-02,,1,32.28,3.05,29.23,112.37,EUR,web
#1876,2025-11-12,paid,fulfilled,Netherlands,Zuid-Holland,Den Haag,cust_00171,Stone Quilted Bedspread,Bedding,Nordic Sleep,SKU-0029-01,,1,33.99,0,33.99,41.13,EUR,web
#3537,2026-05-25,paid,fulfilled,Italy,Lombardia,Bergamo,cust_00776,Terracotta Pendant Light,Lighting,Lumen Co,SKU-0038-01,,2,38.48,4.61,72.35,87.54,EUR,web
#2086,2025-11-30,refunded,fulfilled,Portugal,Lisboa,Lisboa,cust_00481,Bamboo Picture Frame,Decor,Casa Bonita,SKU-0042-01,,2,32.28,8.01,56.55,68.43,EUR,web
#3853,2026-07-07,paid,fulfilled,Spain,Cataluña,Barcelona,cust_00237,Oak Bath Towel Set,Bath,Pure Bath,SKU-0051-01,,1,25.27,0,25.27,30.58,EUR,web
#1164,2025-08-25,refunded,fulfilled,France,Occitanie,Toulouse,cust_00734,Marble Cotton Sheet Set,Bedding,Nordic Sleep,SKU-0026-01,,1,66.77,0,66.77,80.79,EUR,web
#1448,2025-10-02,paid,fulfilled,Netherlands,Noord-Holland,Amsterdam,cust_00749,Ceramic Cast Iron Pan,Kitchen,Aurora Kitchen,SKU-0004-01,Large,2,22.58,0,45.16,54.64,EUR,pos
#1642,2025-10-22,paid,fulfilled,Germany,Hamburg,Hamburg,cust_00822,Marble Bath Mat,Bath,Pure Bath,SKU-0052-01,,2,31.82,0,63.64,77,EUR,web
#2699,2026-01-24,paid,fulfilled,Germany,Hamburg,Hamburg,cust_00661,Brass Ceramic Vase,Decor,Casa Bonita,SKU-0049-01,,1,16.22,0,16.22,19.63,EUR,web
#2773,2026-02-06,paid,fulfilled,Germany,Berlin,Berlin,cust_00277,Ceramic Tea Kettle,Kitchen,Aurora Kitchen,SKU-0009-01,Charcoal,2,13.93,0,27.86,33.71,EUR,web
#3857,2026-07-08,paid,partial,Germany,Hamburg,Hamburg,cust_00778,Terracotta Woven Basket,Decor,Casa Bonita,SKU-0043-01,,1,17.85,0,17.85,21.6,EUR,mobile
#2333,2025-12-17,partially_refunded,fulfilled,France,Île-de-France,Versailles,cust_00317,Ceramic Cast Iron Pan,Kitchen,Aurora Kitchen,SKU-0004-01,,1,22.58,0,22.58,27.32,EUR,web
#1482,2025-10-06,paid,fulfilled,Spain,Madrid,Madrid,cust_00026,Bamboo Table Lamp,Lighting,Lumen Co,SKU-0037-01,,1,39.74,0,39.74,48.09,EUR,web
#2400,2025-12-21,paid,fulfilled,Spain,Andalucía,Sevilla,cust_01048,Brass Wall Art Print,Decor,Casa Bonita,SKU-0044-01,,1,23.35,0,23.35,28.25,EUR,web
#3058,2026-03-19,paid,fulfilled,Spain,Galicia,A Coruña,cust_00643,Terracotta Pendant Light,Lighting,Lumen Co,SKU-0038-01,,1,38.48,0,38.48,46.56,EUR,web
#1866,2025-11-11,paid,fulfilled,France,Occitanie,Toulouse,cust_01030,Walnut Mixing Bowl,Kitchen,Aurora Kitchen,SKU-0008-01,Natural,1,38.08,2.51,35.57,129.22,EUR,pos
#1866,2025-11-11,paid,fulfilled,France,Occitanie,Toulouse,cust_01030,Oak Storage Jar,Kitchen,Aurora Kitchen,SKU-0016-02,,3,23.74,0,71.22,129.22,EUR,pos
#2762,2026-02-04,paid,fulfilled,Spain,Andalucía,Sevilla,cust_01114,Marble Cutting Board,Kitchen,Aurora Kitchen,SKU-0012-01,,1,15.09,0,15.09,47.95,EUR,web
#2762,2026-02-04,paid,fulfilled,Spain,Andalucía,Sevilla,cust_01114,Oak Chef Knife,Kitchen,Aurora Kitchen,SKU-0001-02,,1,24.54,0,24.54,47.95,EUR,web
#2578,2026-01-05,paid,fulfilled,France,Île-de-France,Paris,cust_00935,Ceramic Shower Curtain,Bath,Pure Bath,SKU-0054-01,,1,32.3,5.29,27.01,32.68,EUR,web
#2438,2025-12-24,paid,fulfilled,Germany,Berlin,Berlin,cust_01005,Bamboo Bookend Pair,Decor,Casa Bonita,SKU-0047-01,,1,14.92,0,14.92,18.05,EUR,web
#3318,2026-04-26,paid,fulfilled,Germany,Bayern,Nürnberg,cust_00876,Marble Bath Mat,Bath,Pure Bath,SKU-0052-01,,1,31.82,0,31.82,38.5,EUR,web
#2283,2025-12-13,paid,fulfilled,Spain,País Vasco,Bilbao,cust_00536,Stone Quilted Bedspread,Bedding,Nordic Sleep,SKU-0029-01,,1,33.99,0,33.99,41.13,EUR,web
#1403,2025-09-25,paid,fulfilled,Spain,Galicia,A Coruña,cust_01037,Oak Storage Jar,Kitchen,Aurora Kitchen,SKU-0006-01,Natural,1,27.52,0,27.52,194.88,EUR,web
#1403,2025-09-25,paid,fulfilled,Spain,Galicia,A Coruña,cust_01037,Marble Cotton Sheet Set,Bedding,Nordic Sleep,SKU-0026-02,,2,66.77,0,133.54,194.88,EUR,web
#1582,2025-10-17,paid,fulfilled,Portugal,Lisboa,Cascais,cust_00851,Terracotta Pendant Light,Lighting,Lumen Co,SKU-0038-01,,2,38.48,0,76.96,132.18,EUR,web
#1582,2025-10-17,paid,fulfilled,Portugal,Lisboa,Cascais,cust_00851,Bamboo Picture Frame,Decor,Casa Bonita,SKU-0042-02,Charcoal,1,32.28,0,32.28,132.18,EUR,web
#2902,2026-02-27,paid,fulfilled,France,Occitanie,Toulouse,cust_00703,Copper Picture Frame,Decor,Casa Bonita,SKU-0050-01,Charcoal,1,17.19,2.98,14.21,17.19,EUR,web
#1058,2025-08-08,paid,fulfilled,Germany,Bayern,München,cust_00585,Terracotta Wall Mirror,Decor,Casa Bonita,SKU-0048-01,,1,24.68,0,24.68,110.93,EUR,web
#1058,2025-08-08,paid,fulfilled,Germany,Bayern,München,cust_00585,Terracotta Woven Basket,Decor,Casa Bonita,SKU-0043-02,Charcoal,1,17.85,2.69,15.16,110.93,EUR,web
#1058,2025-08-08,paid,fulfilled,Germany,Bayern,München,cust_00585,Oak Storage Jar,Kitchen,Aurora Kitchen,SKU-0006-03,Medium,2,27.52,3.2,51.84,110.93,EUR,web
#3182,2026-04-08,paid,fulfilled,Netherlands,Noord-Holland,Haarlem,cust_00981,Brass Ceramic Vase,Decor,Casa Bonita,SKU-0049-01,Large,1,16.22,1.88,14.34,17.35,EUR,web
#3951,2026-07-22,paid,fulfilled,Spain,Cataluña,Barcelona,cust_00898,Ceramic Cast Iron Pan,Kitchen,Aurora Kitchen,SKU-0004-01,Large,1,22.58,0,22.58,27.32,EUR,web
#3104,2026-03-27,paid,fulfilled,Spain,Madrid,Madrid,cust_00124,Terracotta Wall Sconce,Lighting,Lumen Co,SKU-0033-01,,1,24.53,0,24.53,59.37,EUR,web
#3104,2026-03-27,paid,fulfilled,Spain,Madrid,Madrid,cust_00124,Oak Chef Knife,Kitchen,Aurora Kitchen,SKU-0001-02,,1,24.54,0,24.54,59.37,EUR,web
#2890,2026-02-26,paid,fulfilled,Spain,Galicia,A Coruña,cust_00839,Marble Cutting Board,Kitchen,Aurora Kitchen,SKU-0002-01,,2,13.17,0,26.34,50.13,EUR,web
#2890,2026-02-26,paid,fulfilled,Spain,Galicia,A Coruña,cust_00839,Marble Cutting Board,Kitchen,Aurora Kitchen,SKU-0012-02,,1,15.09,0,15.09,50.13,EUR,web
#2275,2025-12-13,paid,fulfilled,Germany,Bayern,Nürnberg,cust_00019,Brass Ceramic Vase,Decor,Casa Bonita,SKU-0049-01,,1,16.22,0,16.22,19.63,EUR,web
#2231,2025-12-10,paid,fulfilled,Germany,Hamburg,Hamburg,cust_00590,Brass Floor Lamp,Lighting,Lumen Co,SKU-0039-01,,1,57.5,0,57.5,355.87,EUR,web
#2231,2025-12-10,paid,fulfilled,Germany,Hamburg,Hamburg,cust_00590,Marble Bath Towel Set,Bath,Pure Bath,SKU-0057-02,Natural,3,25.7,0,77.1,355.87,EUR,web
#2231,2025-12-10,paid,fulfilled,Germany,Hamburg,Hamburg,cust_00590,Walnut Mattress Topper,Bedding,Nordic Sleep,SKU-0022-03,,2,62.76,0,125.52,355.87,EUR,web
#2231,2025-12-10,paid,fulfilled,Germany,Hamburg,Hamburg,cust_00590,Stone Quilted Bedspread,Bedding,Nordic Sleep,SKU-0029-04,Natural,1,33.99,0,33.99,355.87,EUR,web
#1276,2025-09-09,paid,fulfilled,Spain,Madrid,Alcalá de Henares,cust_00240,Brass Wall Art Print,Decor,Casa Bonita,SKU-0044-01,,1,23.35,0,23.35,187.51,EUR,web
#1276,2025-09-09,paid,fulfilled,Spain,Madrid,Alcalá de Henares,cust_00240,Stone Quilted Bedspread,Bedding,Nordic Sleep,SKU-0029-02,Medium,2,33.99,0,67.98,187.51,EUR,web
#1276,2025-09-09,paid,fulfilled,Spain,Madrid,Alcalá de Henares,cust_00240,Marble Bath Mat,Bath,Pure Bath,SKU-0052-03,,2,31.82,0,63.64,187.51,EUR,web
#3263,2026-04-19,paid,fulfilled,France,Provence,Nice,cust_00070,Marble Cutting Board,Kitchen,Aurora Kitchen,SKU-0002-01,Natural,1,13.17,0,13.17,15.94,EUR,web
#3037,2026-03-16,paid,fulfilled,Spain,Cataluña,Barcelona,cust_00786,Ceramic Shower Curtain,Bath,Pure Bath,SKU-0054-01,Natural,1,32.3,0,32.3,98.47,EUR,web
#3037,2026-03-16,paid,fulfilled,Spain,Cataluña,Barcelona,cust_00786,Oak Chef Knife,Kitchen,Aurora Kitchen,SKU-0001-02,,2,24.54,0,49.08,98.47,EUR,web
#3996,2026-07-31,partially_refunded,partial,Spain,País Vasco,Bilbao,cust_01168,Marble Bath Towel Set,Bath,Pure Bath,SKU-0057-01,,1,25.7,0,25.7,31.1,EUR,web
#2417,2025-12-23,paid,fulfilled,Spain,Madrid,Madrid,cust_00400,Ceramic Shower Curtain,Bath,Pure Bath,SKU-0054-01,,2,32.3,8.46,56.14,67.93,EUR,web
#1263,2025-09-08,paid,fulfilled,Netherlands,Zuid-Holland,Rotterdam,cust_00601,Oak Storage Jar,Kitchen,Aurora Kitchen,SKU-0016-01,,2,23.74,5.33,42.15,51,EUR,web
#2741,2026-01-30,paid,fulfilled,Netherlands,Noord-Holland,Haarlem,cust_00656,Copper Wall Mirror,Decor,Casa Bonita,SKU-0040-01,,1,15.19,0,15.19,18.38,EUR,pos
#1224,2025-09-02,paid,fulfilled,Spain,Cataluña,Girona,cust_01159,Marble Cotton Sheet Set,Bedding,Nordic Sleep,SKU-0026-01,,1,66.77,0,66.77,80.79,EUR,mobile
#2130,2025-12-02,paid,fulfilled,France,Provence,Nice,cust_00102,Marble Bath Towel Set,Bath,Pure Bath,SKU-0057-01,Small,1,25.7,0,25.7,203.45,EUR,web
#2130,2025-12-02,paid,fulfilled,France,Provence,Nice,cust_00102,Oak Pillow Case Pair,Bedding,Nordic Sleep,SKU-0020-02,,1,54.3,0,54.3,203.45,EUR,web
#2130,2025-12-02,paid,fulfilled,France,Provence,Nice,cust_00102,Walnut Linen Duvet,Bedding,Nordic Sleep,SKU-0017-03,,2,44.07,0,88.14,203.45,EUR,web
#3662,2026-06-11,paid,fulfilled,Spain,Cataluña,Girona,cust_00009,Ceramic Shower Curtain,Bath,Pure Bath,SKU-0054-01,,1,32.3,0,32.3,39.08,EUR,web
#2690,2026-01-22,paid,fulfilled,Germany,Bayern,Nürnberg,cust_00489,Marble Cutting Board,Kitchen,Aurora Kitchen,SKU-0002-01,,1,13.17,0,13.17,174.46,EUR,web
#2690,2026-01-22,paid,fulfilled,Germany,Bayern,Nürnberg,cust_00489,Ceramic Shower Curtain,Bath,Pure Bath,SKU-0054-02,,2,32.3,6.12,58.48,174.46,EUR,web
#2690,2026-01-22,paid,fulfilled,Germany,Bayern,Nürnberg,cust_00489,Stone Espresso Mug,Kitchen,Aurora Kitchen,SKU-0005-03,Large,2,17.01,0,34.02,174.46,EUR,web
#2690,2026-01-22,paid,fulfilled,Germany,Bayern,Nürnberg,cust_00489,Walnut Linen Duvet,Bedding,Nordic Sleep,SKU-0017-04,,1,44.07,5.56,38.51,174.46,EUR,web
#2468,2025-12-26,paid,fulfilled,Spain,País Vasco,Bilbao,cust_00315,Marble Cutting Board,Kitchen,Aurora Kitchen,SKU-0002-01,,1,13.17,0,13.17,15.94,EUR,web
#3513,2026-05-21,paid,fulfilled,France,Provence,Nice,cust_00514,Ceramic Tea Kettle,Kitchen,Aurora Kitchen,SKU-0009-01,,2,13.93,3.05,24.81,30.02,EUR,web
#3825,2026-07-03,paid,fulfilled,France,Occitanie,Montpellier,cust_00381,Terracotta Wall Mirror,Decor,Casa Bonita,SKU-0048-01,Small,1,24.68,0,24.68,29.86,EUR,web
#2010,2025-11-23,paid,fulfilled,Spain,Madrid,Madrid,cust_00789,Brass Wall Art Print,Decor,Casa Bonita,SKU-0044-01,,1,23.35,3.29,20.06,88.22,EUR,web
#2010,2025-11-23,paid,fulfilled,Spain,Madrid,Madrid,cust_00789,Marble Bath Mat,Bath,Pure Bath,SKU-0052-02,,2,31.82,10.79,52.85,88.22,EUR,web
#2072,2025-11-28,paid,fulfilled,Portugal,Porto,Porto,cust_00855,Brass Ceramic Vase,Decor,Casa Bonita,SKU-0049-01,Medium,1,16.22,0,16.22,133.05,EUR,web
#2072,2025-11-28,paid,fulfilled,Portugal,Porto,Porto,cust_00855,Bamboo Garden Lantern,Outdoor,Terra Garden,SKU-0059-02,Charcoal,1,40.04,0,40.04,133.05,EUR,web
#2072,2025-11-28,paid,fulfilled,Portugal,Porto,Porto,cust_00855,Brass Wall Art Print,Decor,Casa Bonita,SKU-0044-03,Natural,1,23.35,0,23.35,133.05,EUR,web
#2072,2025-11-28,paid,fulfilled,Portugal,Porto,Porto,cust_00855,Linen Reading Light,Lighting,Lumen Co,SKU-0036-04,Large,1,30.35,0,30.35,133.05,EUR,web
#1634,2025-10-21,paid,fulfilled,Germany,Berlin,Berlin,cust_00264,Oak Vanity Tray,Bath,Pure Bath,SKU-0056-01,Medium,1,24.8,2.19,22.61,98.74,EUR,web
#1634,2025-10-21,paid,fulfilled,Germany,Berlin,Berlin,cust_00264,Bamboo Bookend Pair,Decor,Casa Bonita,SKU-0047-02,,1,14.92,0,14.92,98.74,EUR,web
#1634,2025-10-21,paid,fulfilled,Germany,Berlin,Berlin,cust_00264,Walnut Linen Duvet,Bedding,Nordic Sleep,SKU-0017-03,,1,44.07,0,44.07,98.74,EUR,web
#3512,2026-05-21,paid,fulfilled,Italy,Lazio,Roma,cust_01166,Walnut Mixing Bowl,Kitchen,Aurora Kitchen,SKU-0008-01,Natural,1,38.08,0,38.08,69.1,EUR,web
#3512,2026-05-21,paid,fulfilled,Italy,Lazio,Roma,cust_01166,Brass Wall Art Print,Decor,Casa Bonita,SKU-0044-02,,1,23.35,4.32,19.03,69.1,EUR,web
#3902,2026-07-15,paid,fulfilled,Spain,Galicia,Vigo,cust_00503,Ceramic Cast Iron Pan,Kitchen,Aurora Kitchen,SKU-0004-01,Charcoal,1,22.58,0,22.58,27.32,EUR,web
#1773,2025-11-05,partially_refunded,fulfilled,Italy,Lazio,Roma,cust_00929,Marble Cutting Board,Kitchen,Aurora Kitchen,SKU-0002-01,Small,1,13.17,0,13.17,15.94,EUR,web
#2030,2025-11-24,paid,fulfilled,Spain,Madrid,Madrid,cust_01095,Oak Chef Knife,Kitchen,Aurora Kitchen,SKU-0001-01,Natural,1,24.54,0,24.54,53.65,EUR,web
#2030,2025-11-24,paid,fulfilled,Spain,Madrid,Madrid,cust_01095,Oak Storage Jar,Kitchen,Aurora Kitchen,SKU-0016-02,,1,23.74,3.94,19.8,53.65,EUR,web
#3377,2026-05-04,paid,fulfilled,Spain,Andalucía,Sevilla,cust_01137,Brass Wall Art Print,Decor,Casa Bonita,SKU-0044-01,,1,23.35,0,23.35,141.34,EUR,web
#3377,2026-05-04,paid,fulfilled,Spain,Andalucía,Sevilla,cust_01137,Marble Bath Towel Set,Bath,Pure Bath,SKU-0057-02,,4,25.7,9.34,93.46,141.34,EUR,web
#1397,2025-09-24,paid,fulfilled,France,Île-de-France,Versailles,cust_00304,Bamboo Bookend Pair,Decor,Casa Bonita,SKU-0047-01,,1,14.92,0,14.92,18.05,EUR,web
#2040,2025-11-25,paid,fulfilled,Spain,Cataluña,Girona,cust_00805,Marble Bath Towel Set,Bath,Pure Bath,SKU-0057-01,,1,25.7,0,25.7,72.72,EUR,web
#2040,2025-11-25,paid,fulfilled,Spain,Cataluña,Girona,cust_00805,Walnut Mixing Bowl,Kitchen,Aurora Kitchen,SKU-0008-02,,1,38.08,3.68,34.4,72.72,EUR,web
#3003,2026-03-13,paid,fulfilled,Germany,Hamburg,Hamburg,cust_00587,Bamboo Picture Frame,Decor,Casa Bonita,SKU-0042-01,Natural,1,32.28,0,32.28,39.06,EUR,web
#1890,2025-11-13,paid,fulfilled,Netherlands,Noord-Holland,Haarlem,cust_00970,Oak Chef Knife,Kitchen,Aurora Kitchen,SKU-0001-01,Large,1,24.54,0,24.54,60.79,EUR,web
#1890,2025-11-13,paid,fulfilled,Netherlands,Noord-Holland,Haarlem,cust_00970,Marble Bath Towel Set,Bath,Pure Bath,SKU-0057-02,,1,25.7,0,25.7,60.79,EUR,web
#2573,2026-01-04,paid,fulfilled,Spain,País Vasco,Bilbao,cust_00120,Marble Cutting Board,Kitchen,Aurora Kitchen,SKU-0002-01,,1,13.17,0,13.17,15.94,EUR,web
#1453,2025-10-02,paid,fulfilled,Spain,Cataluña,Girona,cust_00194,Terracotta Outdoor Cushion,Outdoor,Terra Garden,SKU-0060-01,Small,2,23.39,4.08,42.7,163.37,EUR,web
#1453,2025-10-02,paid,fulfilled,Spain,Cataluña,Girona,cust_00194,Stone Quilted Bedspread,Bedding,Nordic Sleep,SKU-0029-02,,2,33.99,0,67.98,163.37,EUR,web
#1453,2025-10-02,paid,fulfilled,Spain,Cataluña,Girona,cust_00194,Marble Cutting Board,Kitchen,Aurora Kitchen,SKU-0012-03,,1,15.09,3,12.09,163.37,EUR,web
#1453,2025-10-02,paid,fulfilled,Spain,Cataluña,Girona,cust_00194,Marble Cutting Board,Kitchen,Aurora Kitchen,SKU-0002-04,Natural,1,13.17,0.92,12.25,163.37,EUR,web
#2000,2025-11-22,paid,fulfilled,Spain,País Vasco,Bilbao,cust_01106,Walnut Linen Duvet,Bedding,Nordic Sleep,SKU-0017-01,Charcoal,1,44.07,0,44.07,53.32,EUR,web
#1998,2025-11-22,paid,fulfilled,Italy,Lombardia,Milano,cust_00933,Oak Chef Knife,Kitchen,Aurora Kitchen,SKU-0001-01,,1,24.54,0,24.54,29.69,EUR,web
#1589,2025-10-18,paid,fulfilled,France,Occitanie,Toulouse,cust_00734,Marble Bath Towel Set,Bath,Pure Bath,SKU-0057-01,Small,1,25.7,5.09,20.61,24.94,EUR,web
#2171,2025-12-05,paid,fulfilled,France,Île-de-France,Versailles,cust_00304,Walnut Soap Dispenser,Bath,Pure Bath,SKU-0053-01,Small,1,31.22,0,31.22,65.29,EUR,web
#2171,2025-12-05,paid,fulfilled,France,Île-de-France,Versailles,cust_00304,Linen Table Runner,Decor,Casa Bonita,SKU-0046-02,Medium,1,22.74,0,22.74,65.29,EUR,web
#1742,2025-11-01,paid,fulfilled,France,Occitanie,Toulouse,cust_01094,Oak Bath Towel Set,Bath,Pure Bath,SKU-0051-01,,1,25.27,1.46,23.81,106.93,EUR,web
#1742,2025-11-01,paid,fulfilled,France,Occitanie,Toulouse,cust_01094,Bamboo Picture Frame,Decor,Casa Bonita,SKU-0042-02,Charcoal,2,32.28,0,64.56,106.93,EUR,web
#3649,2026-06-09,paid,fulfilled,France,Île-de-France,Paris,cust_00414,Ceramic Cast Iron Pan,Kitchen,Aurora Kitchen,SKU-0014-01,Small,1,40.12,0,40.12,167.34,EUR,web
#3649,2026-06-09,paid,fulfilled,France,Île-de-France,Paris,cust_00414,Ceramic Pillow Case Pair,Bedding,Nordic Sleep,SKU-0028-02,,1,43.58,2.24,41.34,167.34,EUR,web
#3649,2026-06-09,paid,fulfilled,France,Île-de-France,Paris,cust_00414,Stone Robe,Bath,Pure Bath,SKU-0055-03,,1,27.66,3.12,24.54,167.34,EUR,web
#3649,2026-06-09,paid,fulfilled,France,Île-de-France,Paris,cust_00414,Ceramic Shower Curtain,Bath,Pure Bath,SKU-0054-04,Charcoal,1,32.3,0,32.3,167.34,EUR,web
#1656,2025-10-24,paid,fulfilled,France,Occitanie,Toulouse,cust_00022,Terracotta Pendant Light,Lighting,Lumen Co,SKU-0038-01,Small,1,38.48,0,38.48,123.8,EUR,web
#1656,2025-10-24,paid,fulfilled,France,Occitanie,Toulouse,cust_00022,Marble Quilted Bedspread,Bedding,Nordic Sleep,SKU-0021-02,Large,1,63.83,0,63.83,123.8,EUR,web
#1240,2025-09-04,paid,fulfilled,Spain,País Vasco,Bilbao,cust_00482,Brass Wall Art Print,Decor,Casa Bonita,SKU-0044-01,,2,23.35,0,46.7,56.51,EUR,mobile
#1837,2025-11-09,paid,fulfilled,Spain,Cataluña,Girona,cust_00391,Marble Bath Towel Set,Bath,Pure Bath,SKU-0057-01,,1,25.7,5.09,20.61,24.94,EUR,web
#1798,2025-11-07,paid,fulfilled,Spain,País Vasco,Bilbao,cust_00014,Terracotta Woven Basket,Decor,Casa Bonita,SKU-0043-01,,1,17.85,2.22,15.63,18.91,EUR,web
#2541,2025-12-31,refunded,fulfilled,France,Provence,Nice,cust_00535,Marble Bath Mat,Bath,Pure Bath,SKU-0052-01,Large,1,31.82,0,31.82,67.48,EUR,web
#2541,2025-12-31,refunded,fulfilled,France,Provence,Nice,cust_00535,Stone Serving Platter,Kitchen,Aurora Kitchen,SKU-0010-02,,1,28.1,4.15,23.95,67.48,EUR,web
#1169,2025-08-25,paid,fulfilled,France,Île-de-France,Versailles,cust_00575,Oak Chef Knife,Kitchen,Aurora Kitchen,SKU-0001-01,,1,24.54,0,24.54,29.69,EUR,web
#2795,2026-02-10,paid,fulfilled,France,Île-de-France,Paris,cust_00307,Brass Ceramic Vase,Decor,Casa Bonita,SKU-0049-01,,4,16.22,4.83,60.05,72.66,EUR,web
#1900,2025-11-14,paid,fulfilled,Spain,Cataluña,Barcelona,cust_00838,Ceramic Cast Iron Pan,Kitchen,Aurora Kitchen,SKU-0004-01,,1,22.58,0,22.58,27.32,EUR,web
#3810,2026-06-30,paid,fulfilled,France,Île-de-France,Paris,cust_00207,Bamboo Picture Frame,Decor,Casa Bonita,SKU-0042-01,,1,32.28,0,32.28,90.51,EUR,web
#3810,2026-06-30,paid,fulfilled,France,Île-de-France,Paris,cust_00207,Marble Cutting Board,Kitchen,Aurora Kitchen,SKU-0012-03,,1,15.09,0,15.09,90.51,EUR,web
#3810,2026-06-30,paid,fulfilled,France,Île-de-France,Paris,cust_00207,Stone Quilted Bedspread,Bedding,Nordic Sleep,SKU-0029-04,,1,33.99,6.56,27.43,90.51,EUR,web
#2412,2025-12-22,paid,fulfilled,Spain,Andalucía,Sevilla,cust_00089,Oak Bath Towel Set,Bath,Pure Bath,SKU-0051-01,,2,25.27,4.23,46.31,56.04,EUR,pos
#2310,2025-12-15,paid,fulfilled,Netherlands,Noord-Holland,Amsterdam,cust_01101,Walnut Mixing Bowl,Kitchen,Aurora Kitchen,SKU-0008-01,,1,38.08,0,38.08,72.12,EUR,web
#2310,2025-12-15,paid,fulfilled,Netherlands,Noord-Holland,Amsterdam,cust_01101,Linen Table Runner,Decor,Casa Bonita,SKU-0046-02,,1,22.74,1.22,21.52,72.12,EUR,web
#3565,2026-05-28,paid,fulfilled,Germany,Hamburg,Hamburg,cust_01175,Brass Ceramic Vase,Decor,Casa Bonita,SKU-0049-01,,2,16.22,0,32.44,67.51,EUR,mobile
#3565,2026-05-28,paid,fulfilled,Germany,Hamburg,Hamburg,cust_01175,Brass Wall Art Print,Decor,Casa Bonita,SKU-0044-02,Medium,1,23.35,0,23.35,67.51,EUR,mobile
#1155,2025-08-24,paid,fulfilled,Spain,Andalucía,Sevilla,cust_01114,Stone Robe,Bath,Pure Bath,SKU-0055-01,,1,27.66,0,27.66,63.05,EUR,web
#1155,2025-08-24,paid,fulfilled,Spain,Andalucía,Sevilla,cust_01114,Oak Linen Duvet,Bedding,Nordic Sleep,SKU-0025-02,,1,28.38,3.93,24.45,63.05,EUR,web
#1144,2025-08-23,paid,fulfilled,Spain,Valencia,Valencia,cust_00085,Marble Bath Towel Set,Bath,Pure Bath,SKU-0057-01,Charcoal,1,25.7,0,25.7,31.1,EUR,web
#3186,2026-04-08,paid,fulfilled,Italy,Lombardia,Milano,cust_00191,Brass Wall Art Print,Decor,Casa Bonita,SKU-0044-01,,1,23.35,0,23.35,59.35,EUR,web
#3186,2026-04-08,paid,fulfilled,Italy,Lombardia,Milano,cust_00191,Marble Bath Towel Set,Bath,Pure Bath,SKU-0057-02,Small,1,25.7,0,25.7,59.35,EUR,web
#3640,2026-06-08,refunded,fulfilled,Netherlands,Noord-Holland,Haarlem,cust_00232,Marble Bath Mat,Bath,Pure Bath,SKU-0052-01,Small,1,31.82,0,31.82,38.5,EUR,web
#1803,2025-11-07,paid,fulfilled,Spain,Cataluña,Girona,cust_00863,Marble Cutting Board,Kitchen,Aurora Kitchen,SKU-0012-01,,2,15.09,3.39,26.79,32.42,EUR,web
#2495,2025-12-29,paid,fulfilled,Spain,Galicia,A Coruña,cust_00077,Linen Table Runner,Decor,Casa Bonita,SKU-0046-01,,1,22.74,0,22.74,27.52,EUR,web
#2697,2026-01-24,paid,fulfilled,France,Provence,Marseille,cust_00444,Terracotta Pendant Light,Lighting,Lumen Co,SKU-0038-01,,1,38.48,0,38.48,46.56,EUR,web
#2727,2026-01-28,paid,fulfilled,Germany,Berlin,Berlin,cust_01005,Terracotta Pendant Light,Lighting,Lumen Co,SKU-0038-01,Medium,1,38.48,0,38.48,46.56,EUR,web
#3891,2026-07-13,paid,fulfilled,Spain,Madrid,Alcalá de Henares,cust_00902,Bamboo Bookend Pair,Decor,Casa Bonita,SKU-0047-01,Natural,1,14.92,2.79,12.13,14.68,EUR,web
#3897,2026-07-14,paid,partial,Spain,Cataluña,Girona,cust_00067,Marble Bath Towel Set,Bath,Pure Bath,SKU-0057-01,Charcoal,1,25.7,0,25.7,104.54,EUR,web
#3897,2026-07-14,paid,partial,Spain,Cataluña,Girona,cust_00067,Linen Reading Light,Lighting,Lumen Co,SKU-0036-02,,2,30.35,0,60.7,104.54,EUR,web
#2242,2025-12-11,paid,fulfilled,Spain,Valencia,Alicante,cust_00170,Bamboo Table Lamp,Lighting,Lumen Co,SKU-0037-01,Medium,1,39.74,0,39.74,48.09,EUR,web
#1940,2025-11-17,paid,fulfilled,Portugal,Lisboa,Cascais,cust_00625,Marble Bath Towel Set,Bath,Pure Bath,SKU-0057-01,,2,25.7,0,51.4,90.45,EUR,pos
#1940,2025-11-17,paid,fulfilled,Portugal,Lisboa,Cascais,cust_00625,Brass Wall Art Print,Decor,Casa Bonita,SKU-0044-02,,1,23.35,0,23.35,90.45,EUR,pos
#1753,2025-11-02,paid,fulfilled,France,Île-de-France,Paris,cust_00935,Ceramic Tea Kettle,Kitchen,Aurora Kitchen,SKU-0009-01,Medium,2,13.93,4.36,23.5,28.43,EUR,web
#1184,2025-08-28,paid,fulfilled,Spain,País Vasco,San Sebastián,cust_00309,Linen Reading Light,Lighting,Lumen Co,SKU-0036-01,Charcoal,1,30.35,0,30.35,36.72,EUR,web
#2340,2025-12-17,paid,fulfilled,Spain,País Vasco,Bilbao,cust_00635,Marble Bath Mat,Bath,Pure Bath,SKU-0052-01,,1,31.82,0,31.82,38.5,EUR,web
#1123,2025-08-19,paid,fulfilled,Portugal,Lisboa,Lisboa,cust_00848,Ceramic Cast Iron Pan,Kitchen,Aurora Kitchen,SKU-0004-01,Large,2,22.58,0,45.16,162.25,EUR,pos
#1123,2025-08-19,paid,fulfilled,Portugal,Lisboa,Lisboa,cust_00848,Stone Quilted Bedspread,Bedding,Nordic Sleep,SKU-0029-02,,2,33.99,7.15,60.83,162.25,EUR,pos
#1123,2025-08-19,paid,fulfilled,Portugal,Lisboa,Lisboa,cust_00848,Stone Serving Platter,Kitchen,Aurora Kitchen,SKU-0010-03,Charcoal,1,28.1,0,28.1,162.25,EUR,pos
#2694,2026-01-23,paid,fulfilled,Spain,Cataluña,Girona,cust_00182,Walnut Linen Duvet,Bedding,Nordic Sleep,SKU-0017-01,,3,44.07,0,132.21,178.03,EUR,web
#2694,2026-01-23,paid,fulfilled,Spain,Cataluña,Girona,cust_00182,Bamboo Bookend Pair,Decor,Casa Bonita,SKU-0047-02,,1,14.92,0,14.92,178.03,EUR,web
#1088,2025-08-13,refunded,fulfilled,Italy,Lombardia,Milano,cust_00191,Brass Wall Art Print,Decor,Casa Bonita,SKU-0044-01,Medium,2,23.35,0,46.7,93.23,EUR,mobile
#1088,2025-08-13,refunded,fulfilled,Italy,Lombardia,Milano,cust_00191,Linen Reading Light,Lighting,Lumen Co,SKU-0036-02,,1,30.35,0,30.35,93.23,EUR,mobile
#3743,2026-06-22,paid,fulfilled,France,Île-de-France,Paris,cust_00580,Linen Reading Light,Lighting,Lumen Co,SKU-0036-01,Natural,1,30.35,0,30.35,36.72,EUR,web
#3748,2026-06-22,paid,fulfilled,France,Occitanie,Toulouse,cust_00743,Walnut Ceramic Bowl Set,Kitchen,Aurora Kitchen,SKU-0013-01,Natural,1,41.03,0,41.03,49.65,EUR,pos
#3807,2026-06-30,paid,fulfilled,Germany,Bayern,München,cust_00945,Brass Candle Holder,Lighting,Lumen Co,SKU-0034-01,Small,3,43.61,0,130.83,158.3,EUR,web
#2506,2025-12-29,paid,fulfilled,Spain,Valencia,Alicante,cust_00723,Brass Wall Art Print,Decor,Casa Bonita,SKU-0044-01,,1,23.35,0,23.35,28.25,EUR,web
#2911,2026-02-28,paid,fulfilled,Germany,Berlin,Berlin,cust_00484,Ceramic Cast Iron Pan,Kitchen,Aurora Kitchen,SKU-0004-01,Large,1,22.58,0,22.58,159.18,EUR,web
#2911,2026-02-28,paid,fulfilled,Germany,Berlin,Berlin,cust_00484,Marble Bath Mat,Bath,Pure Bath,SKU-0052-02,,2,31.82,0,63.64,159.18,EUR,web
#2911,2026-02-28,paid,fulfilled,Germany,Berlin,Berlin,cust_00484,Linen Table Runner,Decor,Casa Bonita,SKU-0046-03,Small,1,22.74,2.68,20.06,159.18,EUR,web
#2911,2026-02-28,paid,fulfilled,Germany,Berlin,Berlin,cust_00484,Oak Bath Towel Set,Bath,Pure Bath,SKU-0051-04,,1,25.27,0,25.27,159.18,EUR,web
#1718,2025-10-30,paid,fulfilled,Italy,Lombardia,Milano,cust_00690,Terracotta Outdoor Cushion,Outdoor,Terra Garden,SKU-0060-01,Medium,2,23.39,0,46.78,56.6,EUR,web
#1070,2025-08-10,paid,fulfilled,Spain,Valencia,Valencia,cust_00353,Oak Chef Knife,Kitchen,Aurora Kitchen,SKU-0001-01,,1,24.54,0,24.54,29.69,EUR,web
#2661,2026-01-18,paid,fulfilled,Italy,Lazio,Roma,cust_00230,Terracotta Woven Basket,Decor,Casa Bonita,SKU-0043-01,,1,17.85,0,17.85,50.32,EUR,web
#2661,2026-01-18,paid,fulfilled,Italy,Lazio,Roma,cust_00230,Oak Storage Jar,Kitchen,Aurora Kitchen,SKU-0016-02,,1,23.74,0,23.74,50.32,EUR,web
#1430,2025-09-29,paid,fulfilled,France,Occitanie,Toulouse,cust_00866,Ceramic Cast Iron Pan,Kitchen,Aurora Kitchen,SKU-0004-01,,3,22.58,0,67.74,81.97,EUR,web
#1508,2025-10-09,paid,fulfilled,Spain,Andalucía,Málaga,cust_00658,Linen Table Runner,Decor,Casa Bonita,SKU-0046-01,,2,22.74,0,45.48,55.03,EUR,web
#2081,2025-11-29,paid,fulfilled,Spain,Galicia,A Coruña,cust_00066,Terracotta Outdoor Cushion,Outdoor,Terra Garden,SKU-0060-01,,1,23.39,0,23.39,28.3,EUR,web
#3645,2026-06-09,paid,fulfilled,Spain,Galicia,A Coruña,cust_00643,Oak Bath Towel Set,Bath,Pure Bath,SKU-0051-01,,2,25.27,0,50.54,88.69,EUR,web
#3645,2026-06-09,paid,fulfilled,Spain,Galicia,A Coruña,cust_00643,Marble Bath Towel Set,Bath,Pure Bath,SKU-0057-02,,1,25.7,2.94,22.76,88.69,EUR,web
#1320,2025-09-15,paid,fulfilled,France,Île-de-France,Paris,cust_00687,Walnut Ceramic Bowl Set,Kitchen,Aurora Kitchen,SKU-0013-01,Natural,2,41.03,0,82.06,181.55,EUR,web
#1320,2025-09-15,paid,fulfilled,France,Île-de-France,Paris,cust_00687,Stone Quilted Bedspread,Bedding,Nordic Sleep,SKU-0029-02,,2,33.99,0,67.98,181.55,EUR,web
#1031,2025-08-05,paid,fulfilled,Spain,Galicia,A Coruña,cust_01070,Brass Candle Holder,Lighting,Lumen Co,SKU-0034-01,,1,43.61,4.79,38.82,46.97,EUR,web
#3792,2026-06-28,paid,fulfilled,Germany,Berlin,Berlin,cust_00875,Bamboo Picture Frame,Decor,Casa Bonita,SKU-0042-01,,1,32.28,5.49,26.79,136.27,EUR,web
#3792,2026-06-28,paid,fulfilled,Germany,Berlin,Berlin,cust_00875,Stone Quilted Bedspread,Bedding,Nordic Sleep,SKU-0029-02,Medium,2,33.99,0,67.98,136.27,EUR,web
#3792,2026-06-28,paid,fulfilled,Germany,Berlin,Berlin,cust_00875,Terracotta Woven Basket,Decor,Casa Bonita,SKU-0043-03,,1,17.85,0,17.85,136.27,EUR,web
#1056,2025-08-08,partially_refunded,fulfilled,Germany,Berlin,Berlin,cust_00864,Terracotta Woven Basket,Decor,Casa Bonita,SKU-0043-01,Medium,1,17.85,0,17.85,133.16,EUR,mobile
#1056,2025-08-08,partially_refunded,fulfilled,Germany,Berlin,Berlin,cust_00864,Brass Ceramic Vase,Decor,Casa Bonita,SKU-0049-02,Large,1,16.22,0,16.22,133.16,EUR,mobile
#1056,2025-08-08,partially_refunded,fulfilled,Germany,Berlin,Berlin,cust_00864,Linen Ceramic Vase,Decor,Casa Bonita,SKU-0041-03,,2,37.99,0,75.98,133.16,EUR,mobile
#3829,2026-07-04,paid,fulfilled,Germany,Bayern,München,cust_01113,Terracotta Wall Mirror,Decor,Casa Bonita,SKU-0048-01,,1,24.68,4.79,19.89,24.07,EUR,web
#3167,2026-04-06,paid,fulfilled,Spain,Valencia,Alicante,cust_00731,Terracotta Woven Basket,Decor,Casa Bonita,SKU-0043-01,Charcoal,1,17.85,0,17.85,74.92,EUR,web
#3167,2026-04-06,paid,fulfilled,Spain,Valencia,Alicante,cust_00731,Walnut Linen Duvet,Bedding,Nordic Sleep,SKU-0017-02,,1,44.07,0,44.07,74.92,EUR,web
#2986,2026-03-09,paid,fulfilled,Portugal,Porto,Porto,cust_00158,Brass Candle Holder,Lighting,Lumen Co,SKU-0034-01,,1,43.61,0,43.61,52.77,EUR,web
#1191,2025-08-29,paid,fulfilled,Portugal,Lisboa,Lisboa,cust_00570,Oak Chef Knife,Kitchen,Aurora Kitchen,SKU-0001-01,,3,24.54,0,73.62,89.08,EUR,web
#1574,2025-10-16,paid,fulfilled,Spain,Madrid,Madrid,cust_00468,Stone Quilted Bedspread,Bedding,Nordic Sleep,SKU-0029-01,Large,1,33.99,0,33.99,41.13,EUR,mobile
#3671,2026-06-12,paid,fulfilled,Spain,Madrid,Alcalá de Henares,cust_00688,Linen Reading Light,Lighting,Lumen Co,SKU-0036-01,Natural,1,30.35,0,30.35,36.72,EUR,web
#3865,2026-07-09,paid,unfulfilled,Spain,Galicia,Vigo,cust_00617,Oak Chef Knife,Kitchen,Aurora Kitchen,SKU-0011-01,,1,33.15,0,33.15,40.11,EUR,web
#1405,2025-09-26,paid,fulfilled,France,Occitanie,Toulouse,cust_00178,Stone Espresso Mug,Kitchen,Aurora Kitchen,SKU-0015-01,Charcoal,1,20.8,0,20.8,50.38,EUR,web
#1405,2025-09-26,paid,fulfilled,France,Occitanie,Toulouse,cust_00178,Terracotta Outdoor Cushion,Outdoor,Terra Garden,SKU-0060-02,Natural,1,23.39,2.55,20.84,50.38,EUR,web
#2063,2025-11-27,paid,fulfilled,France,Provence,Marseille,cust_00504,Ceramic Cast Iron Pan,Kitchen,Aurora Kitchen,SKU-0004-01,,1,22.58,0,22.58,27.32,EUR,web
#2113,2025-12-01,paid,fulfilled,France,Île-de-France,Paris,cust_00600,Marble Bath Mat,Bath,Pure Bath,SKU-0052-01,,1,31.82,1.86,29.96,36.25,EUR,mobile
#1690,2025-10-27,paid,fulfilled,Spain,Cataluña,Barcelona,cust_00520,Bamboo Picture Frame,Decor,Casa Bonita,SKU-0042-01,Natural,1,32.28,0,32.28,39.06,EUR,mobile
#2360,2025-12-19,paid,fulfilled,Germany,Bayern,Nürnberg,cust_00333,Bamboo Picture Frame,Decor,Casa Bonita,SKU-0042-01,,2,32.28,0,64.56,119.25,EUR,web
#2360,2025-12-19,paid,fulfilled,Germany,Bayern,Nürnberg,cust_00333,Stone Quilted Bedspread,Bedding,Nordic Sleep,SKU-0029-02,,1,33.99,0,33.99,119.25,EUR,web
#3968,2026-07-25,paid,partial,Italy,Lazio,Roma,cust_00862,Oak Storage Jar,Kitchen,Aurora Kitchen,SKU-0016-01,,1,23.74,0,23.74,68.27,EUR,web
#3968,2026-07-25,paid,partial,Italy,Lazio,Roma,cust_00862,Linen Planter Pot,Outdoor,Terra Garden,SKU-0058-02,Small,1,32.68,0,32.68,68.27,EUR,web
#2611,2026-01-11,paid,fulfilled,Spain,Madrid,Alcalá de Henares,cust_00542,Oak Vanity Tray,Bath,Pure Bath,SKU-0056-01,Medium,2,24.8,0,49.6,69.99,EUR,web
#2611,2026-01-11,paid,fulfilled,Spain,Madrid,Alcalá de Henares,cust_00542,Copper Scented Candle,Decor,Casa Bonita,SKU-0045-02,,1,8.24,0,8.24,69.99,EUR,web
#3050,2026-03-18,paid,fulfilled,Spain,Madrid,Alcalá de Henares,cust_00298,Walnut Wool Throw,Bedding,Nordic Sleep,SKU-0027-01,Large,1,63.89,0,63.89,77.31,EUR,web
#3674,2026-06-13,paid,fulfilled,Spain,Andalucía,Málaga,cust_00229,Walnut Wool Throw,Bedding,Nordic Sleep,SKU-0027-01,,4,63.89,0,255.56,309.23,EUR,web
#1019,2025-08-03,paid,fulfilled,France,Provence,Nice,cust_00070,Bamboo Bookend Pair,Decor,Casa Bonita,SKU-0047-01,Charcoal,1,14.92,0,14.92,185.37,EUR,web
#1019,2025-08-03,paid,fulfilled,France,Provence,Nice,cust_00070,Marble Bath Mat,Bath,Pure Bath,SKU-0052-02,Large,1,31.82,0,31.82,185.37,EUR,web
#1019,2025-08-03,paid,fulfilled,France,Provence,Nice,cust_00070,Stone Quilted Bedspread,Bedding,Nordic Sleep,SKU-0029-03,,2,33.99,0,67.98,185.37,EUR,web
#1019,2025-08-03,paid,fulfilled,France,Provence,Nice,cust_00070,Terracotta Pendant Light,Lighting,Lumen Co,SKU-0038-04,,1,38.48,0,38.48,185.37,EUR,web
#2638,2026-01-15,paid,fulfilled,Spain,Valencia,Valencia,cust_00713,Brass Ceramic Vase,Decor,Casa Bonita,SKU-0049-01,,1,16.22,0,16.22,19.63,EUR,web
#3183,2026-04-08,refunded,fulfilled,France,Occitanie,Toulouse,cust_00844,Ceramic Cast Iron Pan,Kitchen,Aurora Kitchen,SKU-0004-01,,1,22.58,0,22.58,80.65,EUR,web
#3183,2026-04-08,refunded,fulfilled,France,Occitanie,Toulouse,cust_00844,Walnut Linen Duvet,Bedding,Nordic Sleep,SKU-0017-02,,1,44.07,0,44.07,80.65,EUR,web
#1125,2025-08-20,paid,fulfilled,Spain,Cataluña,Barcelona,cust_00764,Terracotta Wall Mirror,Decor,Casa Bonita,SKU-0048-01,,1,24.68,0,24.68,29.86,EUR,web
#3650,2026-06-10,paid,fulfilled,Spain,País Vasco,Bilbao,cust_00881,Stone Robe,Bath,Pure Bath,SKU-0055-01,,1,27.66,0,27.66,33.47,EUR,web
#1344,2025-09-18,partially_refunded,fulfilled,Netherlands,Noord-Holland,Haarlem,cust_00128,Linen Ceramic Vase,Decor,Casa Bonita,SKU-0041-01,,1,37.99,0,37.99,95.61,EUR,web
#1344,2025-09-18,partially_refunded,fulfilled,Netherlands,Noord-Holland,Haarlem,cust_00128,Walnut Ceramic Bowl Set,Kitchen,Aurora Kitchen,SKU-0013-02,,1,41.03,0,41.03,95.61,EUR,web
#2037,2025-11-25,paid,fulfilled,Spain,Cataluña,Barcelona,cust_00068,Terracotta Outdoor Cushion,Outdoor,Terra Garden,SKU-0060-01,,1,23.39,0,23.39,67.36,EUR,web
#2037,2025-11-25,paid,fulfilled,Spain,Cataluña,Barcelona,cust_00068,Bamboo Picture Frame,Decor,Casa Bonita,SKU-0042-02,Natural,1,32.28,0,32.28,67.36,EUR,web
#2748,2026-02-01,paid,fulfilled,Netherlands,Noord-Holland,Haarlem,cust_00904,Ceramic Cast Iron Pan,Kitchen,Aurora Kitchen,SKU-0004-01,,1,22.58,2.27,20.31,82.32,EUR,web
#2748,2026-02-01,paid,fulfilled,Netherlands,Noord-Holland,Haarlem,cust_00904,Copper Scented Candle,Decor,Casa Bonita,SKU-0045-02,,1,8.24,0,8.24,82.32,EUR,web
#2748,2026-02-01,paid,fulfilled,Netherlands,Noord-Holland,Haarlem,cust_00904,Stone Wool Throw,Bedding,Nordic Sleep,SKU-0019-03,Small,1,39.48,0,39.48,82.32,EUR,web
#1995,2025-11-22,paid,fulfilled,Spain,Madrid,Alcalá de Henares,cust_00934,Brass Wall Art Print,Decor,Casa Bonita,SKU-0044-01,,2,23.35,2.88,43.82,155.82,EUR,web
#1995,2025-11-22,paid,fulfilled,Spain,Madrid,Alcalá de Henares,cust_00934,Oak Chef Knife,Kitchen,Aurora Kitchen,SKU-0011-02,Small,1,33.15,0,33.15,155.82,EUR,web
#1995,2025-11-22,paid,fulfilled,Spain,Madrid,Alcalá de Henares,cust_00934,Linen Reading Light,Lighting,Lumen Co,SKU-0036-03,Small,2,30.35,8.89,51.81,155.82,EUR,web
#2951,2026-03-05,paid,fulfilled,Portugal,Porto,Porto,cust_00865,Brass Ceramic Vase,Decor,Casa Bonita,SKU-0049-01,,1,16.22,0,16.22,56.18,EUR,web
#2951,2026-03-05,paid,fulfilled,Portugal,Porto,Porto,cust_00865,Stone Quilted Bedspread,Bedding,Nordic Sleep,SKU-0029-02,Medium,1,33.99,3.78,30.21,56.18,EUR,web
#3351,2026-05-02,paid,fulfilled,France,Provence,Marseille,cust_00530,Stone Serving Platter,Kitchen,Aurora Kitchen,SKU-0010-01,,1,28.1,5.17,22.93,64.82,EUR,web
#3351,2026-05-02,paid,fulfilled,France,Provence,Marseille,cust_00530,Bamboo Picture Frame,Decor,Casa Bonita,SKU-0042-02,Charcoal,1,32.28,1.64,30.64,64.82,EUR,web
#2576,2026-01-05,paid,fulfilled,Germany,Berlin,Berlin,cust_00484,Linen Reading Light,Lighting,Lumen Co,SKU-0036-01,Medium,1,30.35,0,30.35,36.72,EUR,web
#3577,2026-05-29,paid,fulfilled,Netherlands,Noord-Holland,Haarlem,cust_00232,Oak Chef Knife,Kitchen,Aurora Kitchen,SKU-0001-01,,1,24.54,0,24.54,88.57,EUR,web
#3577,2026-05-29,paid,fulfilled,Netherlands,Noord-Holland,Haarlem,cust_00232,Brass Ceramic Vase,Decor,Casa Bonita,SKU-0049-02,,3,16.22,0,48.66,88.57,EUR,web
#1744,2025-11-01,paid,fulfilled,France,Île-de-France,Versailles,cust_00551,Bamboo Bookend Pair,Decor,Casa Bonita,SKU-0047-01,,1,14.92,0,14.92,70.82,EUR,web
#1744,2025-11-01,paid,fulfilled,France,Île-de-France,Versailles,cust_00551,Brass Candle Holder,Lighting,Lumen Co,SKU-0034-02,Natural,1,43.61,0,43.61,70.82,EUR,web
#2055,2025-11-26,paid,fulfilled,France,Occitanie,Toulouse,cust_01010,Marble Bath Mat,Bath,Pure Bath,SKU-0052-01,,1,31.82,4.47,27.35,33.09,EUR,web
#2175,2025-12-05,paid,fulfilled,France,Occitanie,Montpellier,cust_00603,Marble Bath Towel Set,Bath,Pure Bath,SKU-0057-01,,3,25.7,0,77.1,93.29,EUR,web
#2896,2026-02-26,paid,fulfilled,Spain,Galicia,A Coruña,cust_00149,Terracotta Woven Basket,Decor,Casa Bonita,SKU-0043-01,Small,2,17.85,2.94,32.76,57.69,EUR,web
#2896,2026-02-26,paid,fulfilled,Spain,Galicia,A Coruña,cust_00149,Bamboo Bookend Pair,Decor,Casa Bonita,SKU-0047-02,,1,14.92,0,14.92,57.69,EUR,web
#2587,2026-01-06,paid,fulfilled,Spain,Galicia,A Coruña,cust_00947,Walnut Ceramic Bowl Set,Kitchen,Aurora Kitchen,SKU-0003-01,,1,44.02,0,44.02,53.26,EUR,web
#2561,2026-01-03,paid,fulfilled,Portugal,Lisboa,Lisboa,cust_00976,Ceramic Shower Curtain,Bath,Pure Bath,SKU-0054-01,,2,32.3,4.56,60.04,89.95,EUR,web
#2561,2026-01-03,paid,fulfilled,Portugal,Lisboa,Lisboa,cust_00976,Terracotta Woven Basket,Decor,Casa Bonita,SKU-0043-02,,1,17.85,3.55,14.3,89.95,EUR,web
#1001,2025-08-01,paid,fulfilled,Spain,Andalucía,Sevilla,cust_00889,Terracotta Outdoor Cushion,Outdoor,Terra Garden,SKU-0060-01,,1,23.39,0,23.39,120.83,EUR,web
#1001,2025-08-01,paid,fulfilled,Spain,Andalucía,Sevilla,cust_00889,Linen Ceramic Vase,Decor,Casa Bonita,SKU-0041-02,Natural,1,37.99,0,37.99,120.83,EUR,web
#1001,2025-08-01,paid,fulfilled,Spain,Andalucía,Sevilla,cust_00889,Terracotta Pendant Light,Lighting,Lumen Co,SKU-0038-03,,1,38.48,0,38.48,120.83,EUR,web
#3062,2026-03-20,paid,fulfilled,Germany,Hamburg,Hamburg,cust_00682,Copper Wall Mirror,Decor,Casa Bonita,SKU-0040-01,,2,15.19,0,30.38,36.76,EUR,web
#1571,2025-10-16,paid,fulfilled,Netherlands,Zuid-Holland,Den Haag,cust_01199,Marble Cotton Sheet Set,Bedding,Nordic Sleep,SKU-0026-01,,1,66.77,0,66.77,80.79,EUR,web
#2459,2025-12-26,partially_refunded,fulfilled,Italy,Lombardia,Milano,cust_00690,Terracotta Pendant Light,Lighting,Lumen Co,SKU-0038-01,,1,38.48,0,38.48,46.56,EUR,web
#1472,2025-10-05,paid,fulfilled,Spain,Valencia,Alicante,cust_00385,Walnut Ceramic Bowl Set,Kitchen,Aurora Kitchen,SKU-0013-01,Large,3,41.03,0,123.09,180.04,EUR,web
#1472,2025-10-05,paid,fulfilled,Spain,Valencia,Alicante,cust_00385,Marble Bath Towel Set,Bath,Pure Bath,SKU-0057-02,Charcoal,1,25.7,0,25.7,180.04,EUR,web
#1335,2025-09-17,refunded,fulfilled,Spain,Madrid,Alcalá de Henares,cust_00074,Bamboo Picture Frame,Decor,Casa Bonita,SKU-0042-01,,4,32.28,0,129.12,177.04,EUR,web
#1335,2025-09-17,refunded,fulfilled,Spain,Madrid,Alcalá de Henares,cust_00074,Copper Picture Frame,Decor,Casa Bonita,SKU-0050-02,Natural,1,17.19,0,17.19,177.04,EUR,web
#2747,2026-02-01,paid,fulfilled,Germany,Berlin,Berlin,cust_00828,Walnut Soap Dispenser,Bath,Pure Bath,SKU-0053-01,,1,31.22,0,31.22,92.21,EUR,web
#2747,2026-02-01,paid,fulfilled,Germany,Berlin,Berlin,cust_00828,Brass Ceramic Vase,Decor,Casa Bonita,SKU-0049-02,,1,16.22,0,16.22,92.21,EUR,web
#2747,2026-02-01,paid,fulfilled,Germany,Berlin,Berlin,cust_00828,Bamboo Picture Frame,Decor,Casa Bonita,SKU-0042-03,Natural,1,32.28,3.51,28.77,92.21,EUR,web
#2898,2026-02-26,paid,fulfilled,Spain,Cataluña,Barcelona,cust_00136,Brass Ceramic Vase,Decor,Casa Bonita,SKU-0049-01,,1,16.22,0,16.22,37.68,EUR,web
#2898,2026-02-26,paid,fulfilled,Spain,Cataluña,Barcelona,cust_00136,Bamboo Bookend Pair,Decor,Casa Bonita,SKU-0047-02,,1,14.92,0,14.92,37.68,EUR,web
#2268,2025-12-12,paid,fulfilled,Spain,Madrid,Madrid,cust_00253,Terracotta Outdoor Cushion,Outdoor,Terra Garden,SKU-0060-01,,1,23.39,3.3,20.09,54,EUR,mobile
#2268,2025-12-12,paid,fulfilled,Spain,Madrid,Madrid,cust_00253,Oak Chef Knife,Kitchen,Aurora Kitchen,SKU-0001-02,,1,24.54,0,24.54,54,EUR,mobile
#1707,2025-10-29,paid,fulfilled,France,Provence,Nice,cust_00070,Bamboo Bookend Pair,Decor,Casa Bonita,SKU-0047-01,,1,14.92,1.34,13.58,16.43,EUR,web
#3979,2026-07-28,paid,fulfilled,Italy,Lombardia,Milano,cust_00690,Ceramic Cast Iron Pan,Kitchen,Aurora Kitchen,SKU-0004-01,,2,22.58,0,45.16,138.82,EUR,web
#3979,2026-07-28,paid,fulfilled,Italy,Lombardia,Milano,cust_00690,Stone Serving Platter,Kitchen,Aurora Kitchen,SKU-0010-02,,1,28.1,3.29,24.81,138.82,EUR,web
#3979,2026-07-28,paid,fulfilled,Italy,Lombardia,Milano,cust_00690,Bamboo Bookend Pair,Decor,Casa Bonita,SKU-0047-03,Medium,3,14.92,0,44.76,138.82,EUR,web
#2779,2026-02-07,paid,fulfilled,Portugal,Porto,Braga,cust_00396,Terracotta Pendant Light,Lighting,Lumen Co,SKU-0038-01,,3,38.48,0,115.44,240.32,EUR,web
#2779,2026-02-07,paid,fulfilled,Portugal,Porto,Braga,cust_00396,Copper Wall Mirror,Decor,Casa Bonita,SKU-0040-02,,1,15.19,0,15.19,240.32,EUR,web
#2779,2026-02-07,paid,fulfilled,Portugal,Porto,Braga,cust_00396,Stone Quilted Bedspread,Bedding,Nordic Sleep,SKU-0029-03,Medium,2,33.99,0,67.98,240.32,EUR,web
#1514,2025-10-10,paid,fulfilled,Spain,Galicia,Vigo,cust_00139,Terracotta Woven Basket,Decor,Casa Bonita,SKU-0043-01,,1,17.85,0,17.85,21.6,EUR,web
#2866,2026-02-21,paid,fulfilled,Spain,Madrid,Madrid,cust_01141,Ceramic Cast Iron Pan,Kitchen,Aurora Kitchen,SKU-0004-01,,1,22.58,0,22.58,27.32,EUR,web
#3923,2026-07-18,paid,fulfilled,Spain,País Vasco,Bilbao,cust_00946,Stone Quilted Bedspread,Bedding,Nordic Sleep,SKU-0029-01,,1,33.99,2.74,31.25,67.51,EUR,web
#3923,2026-07-18,paid,fulfilled,Spain,País Vasco,Bilbao,cust_00946,Oak Chef Knife,Kitchen,Aurora Kitchen,SKU-0001-02,Small,1,24.54,0,24.54,67.51,EUR,web
#3012,2026-03-14,paid,fulfilled,Germany,Hamburg,Hamburg,cust_00822,Marble Bath Towel Set,Bath,Pure Bath,SKU-0057-01,,2,25.7,0,51.4,62.19,EUR,web
#2032,2025-11-25,paid,fulfilled,Spain,Galicia,Vigo,cust_00319,Marble Cutting Board,Kitchen,Aurora Kitchen,SKU-0012-01,Small,1,15.09,0,15.09,18.26,EUR,web
#1519,2025-10-11,paid,fulfilled,Germany,Bayern,München,cust_00110,Marble Cutting Board,Kitchen,Aurora Kitchen,SKU-0002-01,,2,13.17,0,26.34,68.59,EUR,web
#1519,2025-10-11,paid,fulfilled,Germany,Bayern,München,cust_00110,Linen Reading Light,Lighting,Lumen Co,SKU-0036-02,,1,30.35,0,30.35,68.59,EUR,web
#2571,2026-01-04,paid,fulfilled,Spain,Galicia,A Coruña,cust_00272,Stone Espresso Mug,Kitchen,Aurora Kitchen,SKU-0005-01,,3,17.01,0,51.03,146.58,EUR,web
#2571,2026-01-04,paid,fulfilled,Spain,Galicia,A Coruña,cust_00272,Terracotta Woven Basket,Decor,Casa Bonita,SKU-0043-02,,1,17.85,0,17.85,146.58,EUR,web
#2571,2026-01-04,paid,fulfilled,Spain,Galicia,A Coruña,cust_00272,Copper Scented Candle,Decor,Casa Bonita,SKU-0045-03,Charcoal,1,8.24,0,8.24,146.58,EUR,web
#2571,2026-01-04,paid,fulfilled,Spain,Galicia,A Coruña,cust_00272,Walnut Ceramic Bowl Set,Kitchen,Aurora Kitchen,SKU-0003-04,,1,44.02,0,44.02,146.58,EUR,web
#3144,2026-04-02,paid,fulfilled,Netherlands,Noord-Holland,Amsterdam,cust_01178,Brass Ceramic Vase,Decor,Casa Bonita,SKU-0049-01,Large,1,16.22,0,16.22,72.39,EUR,web
#3144,2026-04-02,paid,fulfilled,Netherlands,Noord-Holland,Amsterdam,cust_01178,Brass Candle Holder,Lighting,Lumen Co,SKU-0034-02,,1,43.61,0,43.61,72.39,EUR,web
#3980,2026-07-28,paid,unfulfilled,Germany,Bayern,München,cust_00544,Terracotta Woven Basket,Decor,Casa Bonita,SKU-0043-01,,1,17.85,1.12,16.73,20.24,EUR,web
#2838,2026-02-17,paid,fulfilled,France,Île-de-France,Versailles,cust_00176,Brass Wall Art Print,Decor,Casa Bonita,SKU-0044-01,,1,23.35,0,23.35,71.45,EUR,web
#2838,2026-02-17,paid,fulfilled,France,Île-de-France,Versailles,cust_00176,Terracotta Woven Basket,Decor,Casa Bonita,SKU-0043-02,,2,17.85,0,35.7,71.45,EUR,web
#2479,2025-12-28,paid,fulfilled,Spain,Cataluña,Barcelona,cust_00068,Stone Quilted Bedspread,Bedding,Nordic Sleep,SKU-0029-01,,2,33.99,0,67.98,82.26,EUR,web
#3344,2026-04-30,paid,fulfilled,France,Provence,Marseille,cust_00637,Stone Robe,Bath,Pure Bath,SKU-0055-01,,2,27.66,0,55.32,66.94,EUR,web
#3109,2026-03-28,paid,fulfilled,France,Île-de-France,Paris,cust_00494,Marble Bath Towel Set,Bath,Pure Bath,SKU-0057-01,,1,25.7,0,25.7,31.1,EUR,mobile
#1874,2025-11-12,paid,fulfilled,Netherlands,Noord-Holland,Haarlem,cust_00904,Marble Bath Towel Set,Bath,Pure Bath,SKU-0057-01,,1,25.7,0,25.7,178.87,EUR,web
#1874,2025-11-12,paid,fulfilled,Netherlands,Noord-Holland,Haarlem,cust_00904,Stone Quilted Bedspread,Bedding,Nordic Sleep,SKU-0029-02,Medium,1,33.99,0,33.99,178.87,EUR,web
#1874,2025-11-12,paid,fulfilled,Netherlands,Noord-Holland,Haarlem,cust_00904,Walnut Linen Duvet,Bedding,Nordic Sleep,SKU-0017-03,,2,44.07,0,88.14,178.87,EUR,web
#3181,2026-04-08,refunded,fulfilled,France,Occitanie,Toulouse,cust_00181,Ceramic Pillow Case Pair,Bedding,Nordic Sleep,SKU-0028-01,,1,43.58,0,43.58,52.73,EUR,web
#3222,2026-04-14,paid,fulfilled,Italy,Lazio,Roma,cust_01012,Stone Serving Platter,Kitchen,Aurora Kitchen,SKU-0010-01,,1,28.1,0,28.1,50.86,EUR,web
#3222,2026-04-14,paid,fulfilled,Italy,Lazio,Roma,cust_01012,Ceramic Tea Kettle,Kitchen,Aurora Kitchen,SKU-0009-02,,1,13.93,0,13.93,50.86,EUR,web
#1906,2025-11-15,paid,fulfilled,Germany,Bayern,München,cust_00706,Brass Wall Art Print,Decor,Casa Bonita,SKU-0044-01,Charcoal,1,23.35,0,23.35,69.38,EUR,web
#1906,2025-11-15,paid,fulfilled,Germany,Bayern,München,cust_00706,Stone Quilted Bedspread,Bedding,Nordic Sleep,SKU-0029-02,Large,1,33.99,0,33.99,69.38,EUR,web
#3370,2026-05-04,paid,fulfilled,Italy,Lombardia,Milano,cust_00191,Terracotta Outdoor Cushion,Outdoor,Terra Garden,SKU-0060-01,,2,23.39,0,46.78,211.22,EUR,web
#3370,2026-05-04,paid,fulfilled,Italy,Lombardia,Milano,cust_00191,Walnut Wool Throw,Bedding,Nordic Sleep,SKU-0027-02,,2,63.89,0,127.78,211.22,EUR,web
#3990,2026-07-30,paid,unfulfilled,Netherlands,Noord-Holland,Haarlem,cust_00232,Stone Quilted Bedspread,Bedding,Nordic Sleep,SKU-0029-01,,2,33.99,0,67.98,98.19,EUR,web
#3990,2026-07-30,paid,unfulfilled,Netherlands,Noord-Holland,Haarlem,cust_00232,Marble Cutting Board,Kitchen,Aurora Kitchen,SKU-0002-02,Large,1,13.17,0,13.17,98.19,EUR,web
#1115,2025-08-18,paid,fulfilled,France,Île-de-France,Paris,cust_00521,Ceramic Pillow Case Pair,Bedding,Nordic Sleep,SKU-0028-01,Natural,1,43.58,7.16,36.42,44.07,EUR,mobile
#3798,2026-06-29,paid,fulfilled,France,Occitanie,Toulouse,cust_00181,Stone Quilted Bedspread,Bedding,Nordic Sleep,SKU-0029-01,Charcoal,1,33.99,0,33.99,109.13,EUR,mobile
#3798,2026-06-29,paid,fulfilled,France,Occitanie,Toulouse,cust_00181,Stone Serving Platter,Kitchen,Aurora Kitchen,SKU-0010-02,,2,28.1,0,56.2,109.13,EUR,mobile
#3651,2026-06-10,paid,fulfilled,Spain,Andalucía,Sevilla,cust_00889,Copper Wall Mirror,Decor,Casa Bonita,SKU-0040-01,,1,15.19,1.11,14.08,113.74,EUR,web
#3651,2026-06-10,paid,fulfilled,Spain,Andalucía,Sevilla,cust_00889,Brass Wall Art Print,Decor,Casa Bonita,SKU-0044-02,,1,23.35,0,23.35,113.74,EUR,web
#3651,2026-06-10,paid,fulfilled,Spain,Andalucía,Sevilla,cust_00889,Ceramic Cast Iron Pan,Kitchen,Aurora Kitchen,SKU-0004-03,Medium,1,22.58,0,22.58,113.74,EUR,web
#3651,2026-06-10,paid,fulfilled,Spain,Andalucía,Sevilla,cust_00889,Stone Quilted Bedspread,Bedding,Nordic Sleep,SKU-0029-04,Charcoal,1,33.99,0,33.99,113.74,EUR,web
#2349,2025-12-17,paid,fulfilled,Spain,Madrid,Alcalá de Henares,cust_00803,Brass Wall Art Print,Decor,Casa Bonita,SKU-0044-01,,1,23.35,0,23.35,106.37,EUR,mobile
#2349,2025-12-17,paid,fulfilled,Spain,Madrid,Alcalá de Henares,cust_00803,Bamboo Picture Frame,Decor,Casa Bonita,SKU-0042-02,,2,32.28,0,64.56,106.37,EUR,mobile
#2832,2026-02-16,paid,fulfilled,France,Occitanie,Montpellier,cust_00121,Bamboo Table Lamp,Lighting,Lumen Co,SKU-0037-01,,1,39.74,0,39.74,84.81,EUR,web
#2832,2026-02-16,paid,fulfilled,France,Occitanie,Montpellier,cust_00121,Linen Reading Light,Lighting,Lumen Co,SKU-0036-02,,1,30.35,0,30.35,84.81,EUR,web
#1479,2025-10-05,paid,fulfilled,Italy,Lombardia,Bergamo,cust_00776,Brass Wall Art Print,Decor,Casa Bonita,SKU-0044-01,Natural,1,23.35,0,23.35,28.25,EUR,web
#2554,2026-01-02,paid,fulfilled,Portugal,Lisboa,Cascais,cust_00469,Ceramic Cast Iron Pan,Kitchen,Aurora Kitchen,SKU-0004-01,,2,22.58,0,45.16,54.64,EUR,web
#1281,2025-09-09,paid,fulfilled,Germany,Hamburg,Hamburg,cust_00587,Marble Utensil Holder,Kitchen,Aurora Kitchen,SKU-0007-01,,1,17.14,0,17.14,92.66,EUR,web
#1281,2025-09-09,paid,fulfilled,Germany,Hamburg,Hamburg,cust_00587,Marble Bath Mat,Bath,Pure Bath,SKU-0052-02,Small,2,31.82,4.2,59.44,92.66,EUR,web
#3712,2026-06-18,paid,fulfilled,Spain,País Vasco,Bilbao,cust_00881,Marble Bath Mat,Bath,Pure Bath,SKU-0052-01,Charcoal,1,31.82,5.47,26.35,31.88,EUR,mobile
#1841,2025-11-10,refunded,fulfilled,Italy,Lombardia,Bergamo,cust_00797,Stone Robe,Bath,Pure Bath,SKU-0055-01,,1,27.66,0,27.66,61.55,EUR,web
#1841,2025-11-10,refunded,fulfilled,Italy,Lombardia,Bergamo,cust_00797,Oak Bath Towel Set,Bath,Pure Bath,SKU-0051-02,Small,1,25.27,2.06,23.21,61.55,EUR,web
#1566,2025-10-16,paid,fulfilled,Spain,Andalucía,Málaga,cust_00242,Bamboo Garden Lantern,Outdoor,Terra Garden,SKU-0059-01,Small,3,40.04,0,120.12,145.35,EUR,web
#2633,2026-01-14,partially_refunded,fulfilled,France,Provence,Marseille,cust_00151,Terracotta Woven Basket,Decor,Casa Bonita,SKU-0043-01,,2,17.85,0,35.7,43.2,EUR,pos
#1971,2025-11-20,paid,fulfilled,Italy,Lombardia,Bergamo,cust_00901,Brass Wall Art Print,Decor,Casa Bonita,SKU-0044-01,,1,23.35,0,23.35,123.43,EUR,web
#1971,2025-11-20,paid,fulfilled,Italy,Lombardia,Bergamo,cust_00901,Brass Ceramic Vase,Decor,Casa Bonita,SKU-0049-02,,1,16.22,0,16.22,123.43,EUR,web
#1971,2025-11-20,paid,fulfilled,Italy,Lombardia,Bergamo,cust_00901,Walnut Soap Dispenser,Bath,Pure Bath,SKU-0053-03,Medium,2,31.22,0,62.44,123.43,EUR,web
#3734,2026-06-21,paid,fulfilled,Spain,Valencia,Alicante,cust_00513,Terracotta Pendant Light,Lighting,Lumen Co,SKU-0038-01,Large,4,38.48,0,153.92,186.24,EUR,web
#3717,2026-06-19,paid,fulfilled,Germany,Berlin,Berlin,cust_01160,Stone Wool Throw,Bedding,Nordic Sleep,SKU-0019-01,,2,39.48,0,78.96,95.54,EUR,web
#3479,2026-05-17,paid,fulfilled,France,Île-de-France,Paris,cust_00307,Marble Bath Mat,Bath,Pure Bath,SKU-0052-01,,1,31.82,3.14,28.68,34.7,EUR,pos
#2861,2026-02-20,partially_refunded,fulfilled,France,Occitanie,Toulouse,cust_00410,Stone Quilted Bedspread,Bedding,Nordic Sleep,SKU-0029-01,Large,1,33.99,0,33.99,41.13,EUR,web
#1249,2025-09-06,paid,fulfilled,Spain,Andalucía,Sevilla,cust_01151,Brass Candle Holder,Lighting,Lumen Co,SKU-0034-01,,1,43.61,6.84,36.77,44.49,EUR,web
#2238,2025-12-10,paid,fulfilled,Italy,Lombardia,Bergamo,cust_00776,Marble Bath Towel Set,Bath,Pure Bath,SKU-0057-01,Large,1,25.7,0,25.7,123.94,EUR,web
#2238,2025-12-10,paid,fulfilled,Italy,Lombardia,Bergamo,cust_00776,Brass Wall Art Print,Decor,Casa Bonita,SKU-0044-02,,1,23.35,0,23.35,123.94,EUR,web
#2238,2025-12-10,paid,fulfilled,Italy,Lombardia,Bergamo,cust_00776,Brass Ceramic Vase,Decor,Casa Bonita,SKU-0049-03,,2,16.22,2.8,29.64,123.94,EUR,web
#2238,2025-12-10,paid,fulfilled,Italy,Lombardia,Bergamo,cust_00776,Oak Storage Jar,Kitchen,Aurora Kitchen,SKU-0016-04,,1,23.74,0,23.74,123.94,EUR,web
#1265,2025-09-08,paid,fulfilled,Germany,Bayern,Nürnberg,cust_00036,Bamboo Picture Frame,Decor,Casa Bonita,SKU-0042-01,,1,32.28,0,32.28,39.06,EUR,web
#3526,2026-05-23,paid,fulfilled,Germany,Hamburg,Hamburg,cust_00470,Copper Scented Candle,Decor,Casa Bonita,SKU-0045-01,Small,2,8.24,0,16.48,285.9,EUR,pos
#3526,2026-05-23,paid,fulfilled,Germany,Hamburg,Hamburg,cust_00470,Bamboo Bookend Pair,Decor,Casa Bonita,SKU-0047-02,,1,14.92,0,14.92,285.9,EUR,pos
#3526,2026-05-23,paid,fulfilled,Germany,Hamburg,Hamburg,cust_00470,Walnut Wool Throw,Bedding,Nordic Sleep,SKU-0027-03,,2,63.89,0,127.78,285.9,EUR,pos
#3526,2026-05-23,paid,fulfilled,Germany,Hamburg,Hamburg,cust_00470,Marble Bath Towel Set,Bath,Pure Bath,SKU-0057-04,,3,25.7,0,77.1,285.9,EUR,pos
#1897,2025-11-14,paid,fulfilled,France,Occitanie,Toulouse,cust_00666,Marble Bath Towel Set,Bath,Pure Bath,SKU-0057-01,,2,25.7,0,51.4,62.19,EUR,web
#3482,2026-05-17,paid,fulfilled,Portugal,Lisboa,Cascais,cust_00761,Terracotta Woven Basket,Decor,Casa Bonita,SKU-0043-01,Small,2,17.85,0,35.7,43.2,EUR,web
#3474,2026-05-16,paid,fulfilled,France,Occitanie,Toulouse,cust_00316,Ceramic Weighted Blanket,Bedding,Nordic Sleep,SKU-0023-01,,2,19.09,0,38.18,46.2,EUR,web
#3296,2026-04-23,paid,fulfilled,Germany,Bayern,München,cust_00673,Bamboo Picture Frame,Decor,Casa Bonita,SKU-0042-01,Charcoal,1,32.28,0,32.28,39.06,EUR,mobile
#2737,2026-01-30,refunded,fulfilled,Germany,Berlin,Berlin,cust_00826,Brass Wall Art Print,Decor,Casa Bonita,SKU-0044-01,,1,23.35,3.29,20.06,24.27,EUR,web
#1440,2025-09-30,paid,fulfilled,Spain,Valencia,Alicante,cust_00169,Brass Ceramic Vase,Decor,Casa Bonita,SKU-0049-01,,1,16.22,0,16.22,19.63,EUR,web
#1999,2025-11-22,paid,fulfilled,Spain,Cataluña,Girona,cust_00717,Marble Cutting Board,Kitchen,Aurora Kitchen,SKU-0002-01,Large,1,13.17,0,13.17,54.44,EUR,web
#1999,2025-11-22,paid,fulfilled,Spain,Cataluña,Girona,cust_00717,Marble Bath Mat,Bath,Pure Bath,SKU-0052-02,,1,31.82,0,31.82,54.44,EUR,web
#2169,2025-12-05,paid,fulfilled,Spain,Galicia,A Coruña,cust_01158,Brass Candle Holder,Lighting,Lumen Co,SKU-0034-01,,2,43.61,0,87.22,105.54,EUR,web
#2515,2025-12-30,paid,fulfilled,France,Île-de-France,Paris,cust_00935,Linen Planter Pot,Outdoor,Terra Garden,SKU-0058-01,,3,32.68,0,98.04,146.88,EUR,web
#2515,2025-12-30,paid,fulfilled,France,Île-de-France,Paris,cust_00935,Brass Wall Art Print,Decor,Casa Bonita,SKU-0044-02,Small,1,23.35,0,23.35,146.88,EUR,web
#3195,2026-04-09,paid,fulfilled,Spain,Galicia,Vigo,cust_00037,Marble Bath Towel Set,Bath,Pure Bath,SKU-0057-01,,1,25.7,5.13,20.57,24.89,EUR,web
#2137,2025-12-03,paid,fulfilled,Germany,Bayern,Nürnberg,cust_00756,Brass Ceramic Vase,Decor,Casa Bonita,SKU-0049-01,,4,16.22,3.69,61.19,110.76,EUR,web
#2137,2025-12-03,paid,fulfilled,Germany,Bayern,Nürnberg,cust_00756,Linen Reading Light,Lighting,Lumen Co,SKU-0036-02,,1,30.35,0,30.35,110.76,EUR,web
#2863,2026-02-21,paid,fulfilled,Spain,Cataluña,Girona,cust_00024,Oak Storage Jar,Kitchen,Aurora Kitchen,SKU-0016-01,Small,1,23.74,1.97,21.77,26.34,EUR,web
#1685,2025-10-26,paid,fulfilled,Germany,Bayern,Nürnberg,cust_00724,Terracotta Outdoor Cushion,Outdoor,Terra Garden,SKU-0060-01,Large,1,23.39,0,23.39,28.3,EUR,pos
#1163,2025-08-25,paid,fulfilled,Spain,Madrid,Alcalá de Henares,cust_00727,Marble Bath Mat,Bath,Pure Bath,SKU-0052-01,Large,2,31.82,0,63.64,188.38,EUR,web
#1163,2025-08-25,paid,fulfilled,Spain,Madrid,Alcalá de Henares,cust_00727,Marble Utensil Holder,Kitchen,Aurora Kitchen,SKU-0007-02,Small,3,17.14,0,51.42,188.38,EUR,web
#1163,2025-08-25,paid,fulfilled,Spain,Madrid,Alcalá de Henares,cust_00727,Copper String Lights,Lighting,Lumen Co,SKU-0035-03,Small,1,40.63,0,40.63,188.38,EUR,web
#2774,2026-02-06,paid,fulfilled,Spain,Galicia,A Coruña,cust_01105,Oak Storage Jar,Kitchen,Aurora Kitchen,SKU-0006-01,,1,27.52,0,27.52,33.3,EUR,web
#1475,2025-10-05,paid,fulfilled,Spain,Andalucía,Málaga,cust_00675,Stone Quilted Bedspread,Bedding,Nordic Sleep,SKU-0029-01,,2,33.99,0,67.98,251.1,EUR,web
#1475,2025-10-05,paid,fulfilled,Spain,Andalucía,Málaga,cust_00675,Oak Chef Knife,Kitchen,Aurora Kitchen,SKU-0001-02,Charcoal,1,24.54,0,24.54,251.1,EUR,web
#1475,2025-10-05,paid,fulfilled,Spain,Andalucía,Málaga,cust_00675,Brass Floor Lamp,Lighting,Lumen Co,SKU-0039-03,Large,2,57.5,0,115,251.1,EUR,web
#1470,2025-10-05,paid,fulfilled,Netherlands,Zuid-Holland,Rotterdam,cust_00161,Ceramic Cast Iron Pan,Kitchen,Aurora Kitchen,SKU-0004-01,Charcoal,1,22.58,0,22.58,27.32,EUR,pos
#2254,2025-12-11,paid,fulfilled,Germany,Hamburg,Hamburg,cust_00055,Marble Bath Mat,Bath,Pure Bath,SKU-0052-01,,1,31.82,0,31.82,38.5,EUR,web
#1461,2025-10-03,paid,fulfilled,Spain,País Vasco,Bilbao,cust_01106,Linen Reading Light,Lighting,Lumen Co,SKU-0036-01,,2,30.35,0,60.7,205.52,EUR,web
#1461,2025-10-03,paid,fulfilled,Spain,País Vasco,Bilbao,cust_01106,Linen Planter Pot,Outdoor,Terra Garden,SKU-0058-02,,3,32.68,0,98.04,205.52,EUR,web
#1461,2025-10-03,paid,fulfilled,Spain,País Vasco,Bilbao,cust_01106,Marble Cutting Board,Kitchen,Aurora Kitchen,SKU-0002-03,Large,1,13.17,2.06,11.11,205.52,EUR,web
#3128,2026-03-31,paid,fulfilled,France,Occitanie,Toulouse,cust_00866,Marble Utensil Holder,Kitchen,Aurora Kitchen,SKU-0007-01,,2,17.14,2.35,31.93,38.64,EUR,web
#2486,2025-12-28,paid,fulfilled,Spain,Andalucía,Málaga,cust_00867,Marble Cutting Board,Kitchen,Aurora Kitchen,SKU-0012-01,Charcoal,2,15.09,0,30.18,52.45,EUR,web
#2486,2025-12-28,paid,fulfilled,Spain,Andalucía,Málaga,cust_00867,Marble Cutting Board,Kitchen,Aurora Kitchen,SKU-0002-02,,1,13.17,0,13.17,52.45,EUR,web
#3922,2026-07-18,paid,fulfilled,Spain,Galicia,A Coruña,cust_00323,Brass Candle Holder,Lighting,Lumen Co,SKU-0034-01,Natural,1,43.61,0,43.61,91.83,EUR,web
#3922,2026-07-18,paid,fulfilled,Spain,Galicia,A Coruña,cust_00323,Bamboo Picture Frame,Decor,Casa Bonita,SKU-0042-02,,1,32.28,0,32.28,91.83,EUR,web
#1754,2025-11-02,paid,fulfilled,Netherlands,Zuid-Holland,Den Haag,cust_00296,Ceramic Tea Kettle,Kitchen,Aurora Kitchen,SKU-0009-01,,1,13.93,0,13.93,44.37,EUR,web
#1754,2025-11-02,paid,fulfilled,Netherlands,Zuid-Holland,Den Haag,cust_00296,Linen Table Runner,Decor,Casa Bonita,SKU-0046-02,,1,22.74,0,22.74,44.37,EUR,web
#2330,2025-12-17,paid,fulfilled,Germany,Hamburg,Hamburg,cust_00096,Brass Wall Art Print,Decor,Casa Bonita,SKU-0044-01,Large,1,23.35,0,23.35,55.77,EUR,web
#2330,2025-12-17,paid,fulfilled,Germany,Hamburg,Hamburg,cust_00096,Linen Table Runner,Decor,Casa Bonita,SKU-0046-02,,1,22.74,0,22.74,55.77,EUR,web
#2994,2026-03-11,paid,fulfilled,Germany,Berlin,Berlin,cust_00928,Brass Wall Art Print,Decor,Casa Bonita,SKU-0044-01,,1,23.35,0,23.35,91.49,EUR,web
#2994,2026-03-11,paid,fulfilled,Germany,Berlin,Berlin,cust_00928,Stone Quilted Bedspread,Bedding,Nordic Sleep,SKU-0029-02,Medium,1,33.99,4.31,29.68,91.49,EUR,web
#2994,2026-03-11,paid,fulfilled,Germany,Berlin,Berlin,cust_00928,Ceramic Cast Iron Pan,Kitchen,Aurora Kitchen,SKU-0004-03,,1,22.58,0,22.58,91.49,EUR,web
#1917,2025-11-15,paid,fulfilled,Spain,Galicia,A Coruña,cust_00066,Ceramic Weighted Blanket,Bedding,Nordic Sleep,SKU-0023-01,,1,19.09,0,19.09,23.1,EUR,web
#2261,2025-12-12,partially_refunded,fulfilled,Spain,Galicia,A Coruña,cust_01105,Stone Quilted Bedspread,Bedding,Nordic Sleep,SKU-0029-01,,1,33.99,0,33.99,69.43,EUR,pos
#2261,2025-12-12,partially_refunded,fulfilled,Spain,Galicia,A Coruña,cust_01105,Terracotta Outdoor Cushion,Outdoor,Terra Garden,SKU-0060-02,,1,23.39,0,23.39,69.43,EUR,pos
#3647,2026-06-09,paid,fulfilled,France,Île-de-France,Versailles,cust_00614,Bamboo Bookend Pair,Decor,Casa Bonita,SKU-0047-01,Medium,2,14.92,1.77,28.07,91.03,EUR,web
#3647,2026-06-09,paid,fulfilled,France,Île-de-France,Versailles,cust_00614,Stone Quilted Bedspread,Bedding,Nordic Sleep,SKU-0029-02,,1,33.99,0,33.99,91.03,EUR,web
#3647,2026-06-09,paid,fulfilled,France,Île-de-France,Versailles,cust_00614,Marble Cutting Board,Kitchen,Aurora Kitchen,SKU-0002-03,,1,13.17,0,13.17,91.03,EUR,web
#3768,2026-06-25,paid,fulfilled,France,Provence,Marseille,cust_00952,Ceramic Tea Kettle,Kitchen,Aurora Kitchen,SKU-0009-01,,1,13.93,0,13.93,35.24,EUR,web
#3768,2026-06-25,paid,fulfilled,France,Provence,Marseille,cust_00952,Copper Wall Mirror,Decor,Casa Bonita,SKU-0040-02,,1,15.19,0,15.19,35.24,EUR,web
#2673,2026-01-20,paid,fulfilled,Spain,Cataluña,Girona,cust_01063,Brass Ceramic Vase,Decor,Casa Bonita,SKU-0049-01,Small,2,16.22,0,32.44,39.25,EUR,web
#1452,2025-10-02,paid,fulfilled,Spain,Valencia,Alicante,cust_00817,Terracotta Woven Basket,Decor,Casa Bonita,SKU-0043-01,,1,17.85,0,17.85,21.6,EUR,web
#2889,2026-02-25,paid,fulfilled,Spain,Madrid,Madrid,cust_00684,Bamboo Bookend Pair,Decor,Casa Bonita,SKU-0047-01,,1,14.92,0,14.92,112.91,EUR,web
#2889,2026-02-25,paid,fulfilled,Spain,Madrid,Madrid,cust_00684,Oak Storage Jar,Kitchen,Aurora Kitchen,SKU-0006-02,Large,2,27.52,0,55.04,112.91,EUR,web
#2889,2026-02-25,paid,fulfilled,Spain,Madrid,Madrid,cust_00684,Brass Wall Art Print,Decor,Casa Bonita,SKU-0044-03,Charcoal,1,23.35,0,23.35,112.91,EUR,web
#2264,2025-12-12,paid,fulfilled,Netherlands,Zuid-Holland,Den Haag,cust_00880,Bamboo Bookend Pair,Decor,Casa Bonita,SKU-0047-01,Natural,1,14.92,1.44,13.48,16.31,EUR,web
#3179,2026-04-07,paid,fulfilled,Spain,Galicia,A Coruña,cust_00839,Bamboo Picture Frame,Decor,Casa Bonita,SKU-0042-01,,2,32.28,0,64.56,78.12,EUR,web
#2152,2025-12-04,paid,fulfilled,Spain,Madrid,Madrid,cust_00468,Marble Bath Mat,Bath,Pure Bath,SKU-0052-01,,2,31.82,0,63.64,77,EUR,mobile
#1302,2025-09-12,paid,fulfilled,France,Provence,Marseille,cust_00401,Brass Wall Art Print,Decor,Casa Bonita,SKU-0044-01,Charcoal,1,23.35,0,23.35,28.25,EUR,web
#1928,2025-11-16,paid,fulfilled,Netherlands,Zuid-Holland,Rotterdam,cust_00131,Brass Ceramic Vase,Decor,Casa Bonita,SKU-0049-01,,1,16.22,0,16.22,19.63,EUR,web
#3999,2026-07-31,paid,fulfilled,Spain,País Vasco,Bilbao,cust_00809,Ceramic Cast Iron Pan,Kitchen,Aurora Kitchen,SKU-0014-01,Charcoal,1,40.12,3.71,36.41,60.91,EUR,mobile
#3999,2026-07-31,paid,fulfilled,Spain,País Vasco,Bilbao,cust_00809,Ceramic Tea Kettle,Kitchen,Aurora Kitchen,SKU-0009-02,,1,13.93,0,13.93,60.91,EUR,mobile
#1336,2025-09-17,refunded,fulfilled,Germany,Hamburg,Hamburg,cust_01171,Walnut Wool Throw,Bedding,Nordic Sleep,SKU-0027-01,Large,1,63.89,0,63.89,77.31,EUR,pos
#2547,2026-01-01,paid,fulfilled,France,Occitanie,Toulouse,cust_00104,Copper Picture Frame,Decor,Casa Bonita,SKU-0050-01,Small,2,17.19,0,34.38,87.2,EUR,web
#2547,2026-01-01,paid,fulfilled,France,Occitanie,Toulouse,cust_00104,Walnut Linen Duvet,Bedding,Nordic Sleep,SKU-0017-02,,1,44.07,6.38,37.69,87.2,EUR,web
#2073,2025-11-28,paid,fulfilled,Spain,Galicia,A Coruña,cust_00077,Bamboo Bookend Pair,Decor,Casa Bonita,SKU-0047-01,Small,3,14.92,0,44.76,152.46,EUR,web
#2073,2025-11-28,paid,fulfilled,Spain,Galicia,A Coruña,cust_00077,Stone Espresso Mug,Kitchen,Aurora Kitchen,SKU-0005-02,,1,17.01,1.58,15.43,152.46,EUR,web
#2073,2025-11-28,paid,fulfilled,Spain,Galicia,A Coruña,cust_00077,Marble Bath Mat,Bath,Pure Bath,SKU-0052-03,Small,1,31.82,0,31.82,152.46,EUR,web
#2073,2025-11-28,paid,fulfilled,Spain,Galicia,A Coruña,cust_00077,Stone Quilted Bedspread,Bedding,Nordic Sleep,SKU-0029-04,,1,33.99,0,33.99,152.46,EUR,web
#3034,2026-03-16,paid,fulfilled,France,Provence,Nice,cust_00070,Oak Storage Jar,Kitchen,Aurora Kitchen,SKU-0016-01,,1,23.74,0,23.74,201.6,EUR,web
#3034,2026-03-16,paid,fulfilled,France,Provence,Nice,cust_00070,Terracotta Outdoor Cushion,Outdoor,Terra Garden,SKU-0060-02,Charcoal,4,23.39,6.65,86.91,201.6,EUR,web
#3034,2026-03-16,paid,fulfilled,France,Provence,Nice,cust_00070,Bamboo Table Lamp,Lighting,Lumen Co,SKU-0037-03,,1,39.74,0,39.74,201.6,EUR,web
#3034,2026-03-16,paid,fulfilled,France,Provence,Nice,cust_00070,Brass Ceramic Vase,Decor,Casa Bonita,SKU-0049-04,Large,1,16.22,0,16.22,201.6,EUR,web
#1396,2025-09-24,paid,fulfilled,Germany,Hamburg,Hamburg,cust_00394,Walnut Wool Throw,Bedding,Nordic Sleep,SKU-0027-01,,2,63.89,0,127.78,154.61,EUR,web
#2456,2025-12-26,paid,fulfilled,Netherlands,Zuid-Holland,Rotterdam,cust_00346,Walnut Mattress Topper,Bedding,Nordic Sleep,SKU-0022-01,,1,62.76,11.8,50.96,61.66,EUR,web
#1903,2025-11-14,paid,fulfilled,Netherlands,Zuid-Holland,Rotterdam,cust_00328,Marble Bath Mat,Bath,Pure Bath,SKU-0052-01,,3,31.82,0,95.46,115.51,EUR,web
#3812,2026-06-30,paid,fulfilled,Spain,Andalucía,Sevilla,cust_00674,Brass Wall Art Print,Decor,Casa Bonita,SKU-0044-01,Small,2,23.35,0,46.7,56.51,EUR,web
#1095,2025-08-14,paid,fulfilled,Italy,Lazio,Roma,cust_00286,Bamboo Picture Frame,Decor,Casa Bonita,SKU-0042-01,,1,32.28,0,32.28,294.97,EUR,web
#1095,2025-08-14,paid,fulfilled,Italy,Lazio,Roma,cust_00286,Copper Table Lamp,Lighting,Lumen Co,SKU-0030-02,,3,31.58,0,94.74,294.97,EUR,web
#1095,2025-08-14,paid,fulfilled,Italy,Lazio,Roma,cust_00286,Terracotta Woven Basket,Decor,Casa Bonita,SKU-0043-03,,1,17.85,0,17.85,294.97,EUR,web
#1095,2025-08-14,paid,fulfilled,Italy,Lazio,Roma,cust_00286,Stone Wool Throw,Bedding,Nordic Sleep,SKU-0019-04,,3,39.48,19.53,98.91,294.97,EUR,web
#1705,2025-10-29,paid,fulfilled,Spain,Valencia,Alicante,cust_00170,Bamboo Bookend Pair,Decor,Casa Bonita,SKU-0047-01,Charcoal,1,14.92,0,14.92,18.05,EUR,web
#2289,2025-12-14,paid,fulfilled,Italy,Lombardia,Milano,cust_00742,Terracotta Outdoor Cushion,Outdoor,Terra Garden,SKU-0060-01,Large,2,23.39,0,46.78,197.28,EUR,web
#2289,2025-12-14,paid,fulfilled,Italy,Lombardia,Milano,cust_00742,Marble Bath Mat,Bath,Pure Bath,SKU-0052-02,Medium,3,31.82,0,95.46,197.28,EUR,web
#2289,2025-12-14,paid,fulfilled,Italy,Lombardia,Milano,cust_00742,Stone Espresso Mug,Kitchen,Aurora Kitchen,SKU-0015-03,,1,20.8,0,20.8,197.28,EUR,web
#2328,2025-12-16,paid,fulfilled,Netherlands,Noord-Holland,Haarlem,cust_00232,Marble Cutting Board,Kitchen,Aurora Kitchen,SKU-0002-01,,4,13.17,0,52.68,102.8,EUR,web
#2328,2025-12-16,paid,fulfilled,Netherlands,Noord-Holland,Haarlem,cust_00232,Bamboo Picture Frame,Decor,Casa Bonita,SKU-0042-02,,1,32.28,0,32.28,102.8,EUR,web
#3611,2026-06-03,paid,fulfilled,Spain,Andalucía,Sevilla,cust_01114,Copper String Lights,Lighting,Lumen Co,SKU-0035-01,Large,1,40.63,5.44,35.19,42.58,EUR,web
#3279,2026-04-20,paid,fulfilled,France,Île-de-France,Versailles,cust_00027,Marble Cotton Sheet Set,Bedding,Nordic Sleep,SKU-0026-01,,1,66.77,0,66.77,80.79,EUR,web
#3503,2026-05-20,paid,fulfilled,France,Occitanie,Toulouse,cust_00104,Linen Table Runner,Decor,Casa Bonita,SKU-0046-01,Charcoal,1,22.74,0,22.74,123,EUR,web
#3503,2026-05-20,paid,fulfilled,France,Occitanie,Toulouse,cust_00104,Walnut Soap Dispenser,Bath,Pure Bath,SKU-0053-02,,1,31.22,0,31.22,123,EUR,web
#3503,2026-05-20,paid,fulfilled,France,Occitanie,Toulouse,cust_00104,Marble Cutting Board,Kitchen,Aurora Kitchen,SKU-0002-03,Charcoal,1,13.17,0,13.17,123,EUR,web
#3503,2026-05-20,paid,fulfilled,France,Occitanie,Toulouse,cust_00104,Terracotta Pendant Light,Lighting,Lumen Co,SKU-0038-04,Charcoal,1,38.48,3.96,34.52,123,EUR,web
#3048,2026-03-17,paid,fulfilled,Portugal,Lisboa,Cascais,cust_00175,Marble Bath Towel Set,Bath,Pure Bath,SKU-0057-01,,1,25.7,0,25.7,65.09,EUR,mobile
#3048,2026-03-17,paid,fulfilled,Portugal,Lisboa,Cascais,cust_00175,Marble Cutting Board,Kitchen,Aurora Kitchen,SKU-0002-02,Charcoal,1,13.17,0,13.17,65.09,EUR,mobile
#3048,2026-03-17,paid,fulfilled,Portugal,Lisboa,Cascais,cust_00175,Bamboo Bookend Pair,Decor,Casa Bonita,SKU-0047-03,,1,14.92,0,14.92,65.09,EUR,mobile
#1206,2025-08-31,paid,fulfilled,Spain,País Vasco,Bilbao,cust_00860,Marble Cutting Board,Kitchen,Aurora Kitchen,SKU-0012-01,,1,15.09,0,15.09,123.35,EUR,web
#1206,2025-08-31,paid,fulfilled,Spain,País Vasco,Bilbao,cust_00860,Brass Wall Art Print,Decor,Casa Bonita,SKU-0044-02,Large,1,23.35,0,23.35,123.35,EUR,web
#1206,2025-08-31,paid,fulfilled,Spain,País Vasco,Bilbao,cust_00860,Walnut Soap Dispenser,Bath,Pure Bath,SKU-0053-03,,1,31.22,0,31.22,123.35,EUR,web
#1206,2025-08-31,paid,fulfilled,Spain,País Vasco,Bilbao,cust_00860,Bamboo Picture Frame,Decor,Casa Bonita,SKU-0042-04,,1,32.28,0,32.28,123.35,EUR,web
#1896,2025-11-14,paid,fulfilled,Spain,Cataluña,Barcelona,cust_00924,Stone Espresso Mug,Kitchen,Aurora Kitchen,SKU-0005-01,,1,17.01,0,17.01,20.58,EUR,pos
#2984,2026-03-08,paid,fulfilled,Italy,Lombardia,Bergamo,cust_00791,Marble Bath Towel Set,Bath,Pure Bath,SKU-0057-01,Natural,1,25.7,0,25.7,31.1,EUR,web
#2195,2025-12-07,paid,fulfilled,Spain,Valencia,Valencia,cust_00905,Oak Chef Knife,Kitchen,Aurora Kitchen,SKU-0001-01,,1,24.54,0,24.54,29.69,EUR,web
#1792,2025-11-06,paid,fulfilled,Spain,Cataluña,Girona,cust_00811,Linen Reading Light,Lighting,Lumen Co,SKU-0036-01,Medium,2,30.35,4.79,55.91,164.74,EUR,mobile
#1792,2025-11-06,paid,fulfilled,Spain,Cataluña,Girona,cust_00811,Ceramic Cast Iron Pan,Kitchen,Aurora Kitchen,SKU-0014-02,Small,2,40.12,0,80.24,164.74,EUR,mobile
#1072,2025-08-11,partially_refunded,fulfilled,Spain,Andalucía,Sevilla,cust_00750,Oak Storage Jar,Kitchen,Aurora Kitchen,SKU-0016-01,,2,23.74,0,47.48,57.45,EUR,web
#2732,2026-01-29,paid,fulfilled,Germany,Berlin,Berlin,cust_00369,Marble Bath Mat,Bath,Pure Bath,SKU-0052-01,,1,31.82,6.09,25.73,31.13,EUR,web
#1422,2025-09-28,paid,fulfilled,Spain,Galicia,A Coruña,cust_01103,Oak Bath Towel Set,Bath,Pure Bath,SKU-0051-01,,1,25.27,0,25.27,146.64,EUR,web
#1422,2025-09-28,paid,fulfilled,Spain,Galicia,A Coruña,cust_01103,Bamboo Picture Frame,Decor,Casa Bonita,SKU-0042-02,Charcoal,1,32.28,0,32.28,146.64,EUR,web
#1422,2025-09-28,paid,fulfilled,Spain,Galicia,A Coruña,cust_01103,Marble Bath Mat,Bath,Pure Bath,SKU-0052-03,,2,31.82,0,63.64,146.64,EUR,web
#2276,2025-12-13,paid,fulfilled,Spain,Galicia,Vigo,cust_00508,Brass Wall Art Print,Decor,Casa Bonita,SKU-0044-01,,1,23.35,1.27,22.08,111.14,EUR,pos
#2276,2025-12-13,paid,fulfilled,Spain,Galicia,Vigo,cust_00508,Brass Ceramic Vase,Decor,Casa Bonita,SKU-0049-02,Small,1,16.22,0,16.22,111.14,EUR,pos
#2276,2025-12-13,paid,fulfilled,Spain,Galicia,Vigo,cust_00508,Terracotta Woven Basket,Decor,Casa Bonita,SKU-0043-03,,3,17.85,0,53.55,111.14,EUR,pos
#3429,2026-05-12,paid,fulfilled,Spain,Andalucía,Málaga,cust_00071,Marble Bath Mat,Bath,Pure Bath,SKU-0052-01,,1,31.82,4.59,27.23,32.95,EUR,web
#1962,2025-11-19,paid,fulfilled,Portugal,Lisboa,Lisboa,cust_00246,Ceramic Shower Curtain,Bath,Pure Bath,SKU-0054-01,Medium,1,32.3,0,32.3,39.08,EUR,pos
#3331,2026-04-28,paid,fulfilled,Spain,Madrid,Alcalá de Henares,cust_00487,Marble Bath Mat,Bath,Pure Bath,SKU-0052-01,,1,31.82,3.2,28.62,34.63,EUR,web
#3932,2026-07-20,paid,unfulfilled,Spain,Galicia,A Coruña,cust_01070,Brass Ceramic Vase,Decor,Casa Bonita,SKU-0049-01,,1,16.22,0,16.22,53.75,EUR,web
#3932,2026-07-20,paid,unfulfilled,Spain,Galicia,A Coruña,cust_01070,Bamboo Picture Frame,Decor,Casa Bonita,SKU-0042-02,,1,32.28,4.08,28.2,53.75,EUR,web
#1098,2025-08-14,paid,fulfilled,Spain,Valencia,Valencia,cust_00085,Brass Candle Holder,Lighting,Lumen Co,SKU-0034-01,,1,43.61,0,43.61,70.82,EUR,web
#1098,2025-08-14,paid,fulfilled,Spain,Valencia,Valencia,cust_00085,Bamboo Bookend Pair,Decor,Casa Bonita,SKU-0047-02,,1,14.92,0,14.92,70.82,EUR,web
#2232,2025-12-10,partially_refunded,fulfilled,Spain,País Vasco,San Sebastián,cust_00697,Marble Cotton Sheet Set,Bedding,Nordic Sleep,SKU-0026-01,Large,2,66.77,0,133.54,161.58,EUR,mobile
#3017,2026-03-14,paid,fulfilled,Germany,Berlin,Berlin,cust_00208,Oak Chef Knife,Kitchen,Aurora Kitchen,SKU-0001-01,,1,24.54,0,24.54,111.59,EUR,web
#3017,2026-03-14,paid,fulfilled,Germany,Berlin,Berlin,cust_00208,Marble Bath Towel Set,Bath,Pure Bath,SKU-0057-02,Natural,3,25.7,9.42,67.68,111.59,EUR,web
#1951,2025-11-18,paid,fulfilled,Germany,Hamburg,Hamburg,cust_01175,Marble Bath Mat,Bath,Pure Bath,SKU-0052-01,,1,31.82,0,31.82,89.6,EUR,web
#1951,2025-11-18,paid,fulfilled,Germany,Hamburg,Hamburg,cust_01175,Copper Scented Candle,Decor,Casa Bonita,SKU-0045-02,,1,8.24,0,8.24,89.6,EUR,web
#1951,2025-11-18,paid,fulfilled,Germany,Hamburg,Hamburg,cust_01175,Stone Quilted Bedspread,Bedding,Nordic Sleep,SKU-0029-03,,1,33.99,0,33.99,89.6,EUR,web
#2941,2026-03-03,paid,fulfilled,Spain,Cataluña,Barcelona,cust_00486,Marble Cutting Board,Kitchen,Aurora Kitchen,SKU-0002-01,,1,13.17,2.6,10.57,12.79,EUR,mobile
#3073,2026-03-21,paid,fulfilled,France,Île-de-France,Paris,cust_00580,Marble Bath Towel Set,Bath,Pure Bath,SKU-0057-01,,1,25.7,1.55,24.15,65.95,EUR,web
#3073,2026-03-21,paid,fulfilled,France,Île-de-France,Paris,cust_00580,Linen Reading Light,Lighting,Lumen Co,SKU-0036-02,,1,30.35,0,30.35,65.95,EUR,web
#3302,2026-04-25,paid,fulfilled,Spain,Andalucía,Sevilla,cust_00534,Copper Scented Candle,Decor,Casa Bonita,SKU-0045-01,Natural,2,8.24,0,16.48,64.44,EUR,web
#3302,2026-04-25,paid,fulfilled,Spain,Andalucía,Sevilla,cust_00534,Ceramic Cast Iron Pan,Kitchen,Aurora Kitchen,SKU-0004-02,,2,22.58,8.38,36.78,64.44,EUR,web
#1870,2025-11-12,paid,fulfilled,Spain,Cataluña,Girona,cust_00923,Marble Bath Towel Set,Bath,Pure Bath,SKU-0057-01,,3,25.7,0,77.1,93.29,EUR,web
#2852,2026-02-20,paid,fulfilled,Spain,Andalucía,Málaga,cust_00010,Walnut Mixing Bowl,Kitchen,Aurora Kitchen,SKU-0008-01,,1,38.08,0,38.08,150.12,EUR,web
#2852,2026-02-20,paid,fulfilled,Spain,Andalucía,Málaga,cust_00010,Terracotta Woven Basket,Decor,Casa Bonita,SKU-0043-02,,1,17.85,0,17.85,150.12,EUR,web
#2852,2026-02-20,paid,fulfilled,Spain,Andalucía,Málaga,cust_00010,Stone Serving Platter,Kitchen,Aurora Kitchen,SKU-0010-03,,1,28.1,0,28.1,150.12,EUR,web
#2852,2026-02-20,paid,fulfilled,Spain,Andalucía,Málaga,cust_00010,Bamboo Garden Lantern,Outdoor,Terra Garden,SKU-0059-04,Small,1,40.04,0,40.04,150.12,EUR,web
#3761,2026-06-24,paid,fulfilled,Portugal,Lisboa,Lisboa,cust_00288,Oak Chef Knife,Kitchen,Aurora Kitchen,SKU-0001-02,,2,24.54,4.94,44.14,115.36,EUR,web
#3761,2026-06-24,paid,fulfilled,Portugal,Lisboa,Lisboa,cust_00288,Walnut Mattress Topper,Bedding,Nordic Sleep,SKU-0022-03,,1,62.76,11.56,51.2,115.36,EUR,web
#3188,2026-04-08,paid,fulfilled,Spain,Galicia,A Coruña,cust_00730,Marble Bath Mat,Bath,Pure Bath,SKU-0052-01,,2,31.82,8.04,55.6,67.28,EUR,mobile
#3759,2026-06-24,paid,fulfilled,France,Occitanie,Toulouse,cust_00844,Ceramic Cast Iron Pan,Kitchen,Aurora Kitchen,SKU-0004-01,Charcoal,1,22.58,0,22.58,259.22,EUR,web
#3759,2026-06-24,paid,fulfilled,France,Occitanie,Toulouse,cust_00844,Walnut Linen Duvet,Bedding,Nordic Sleep,SKU-0017-02,,1,44.07,0,44.07,259.22,EUR,web
#3759,2026-06-24,paid,fulfilled,France,Occitanie,Toulouse,cust_00844,Brass Candle Holder,Lighting,Lumen Co,SKU-0034-03,,2,43.61,0,87.22,259.22,EUR,web
#3759,2026-06-24,paid,fulfilled,France,Occitanie,Toulouse,cust_00844,Marble Cutting Board,Kitchen,Aurora Kitchen,SKU-0012-04,,4,15.09,0,60.36,259.22,EUR,web
#3860,2026-07-08,refunded,fulfilled,Italy,Lombardia,Bergamo,cust_01189,Oak Storage Jar,Kitchen,Aurora Kitchen,SKU-0016-01,,2,23.74,0,47.48,75.5,EUR,web
#3860,2026-07-08,refunded,fulfilled,Italy,Lombardia,Bergamo,cust_01189,Bamboo Bookend Pair,Decor,Casa Bonita,SKU-0047-02,,1,14.92,0,14.92,75.5,EUR,web
#1406,2025-09-26,refunded,fulfilled,Netherlands,Noord-Holland,Amsterdam,cust_01101,Marble Bath Mat,Bath,Pure Bath,SKU-0052-01,,1,31.82,0,31.82,116.62,EUR,web
#1406,2025-09-26,refunded,fulfilled,Netherlands,Noord-Holland,Amsterdam,cust_01101,Bamboo Picture Frame,Decor,Casa Bonita,SKU-0042-02,,2,32.28,0,64.56,116.62,EUR,web
#3779,2026-06-27,paid,fulfilled,Portugal,Lisboa,Lisboa,cust_00481,Oak Storage Jar,Kitchen,Aurora Kitchen,SKU-0006-01,,1,27.52,0,27.52,76.5,EUR,web
#3779,2026-06-27,paid,fulfilled,Portugal,Lisboa,Lisboa,cust_00481,Terracotta Woven Basket,Decor,Casa Bonita,SKU-0043-02,,2,17.85,0,35.7,76.5,EUR,web
#1534,2025-10-12,paid,fulfilled,Spain,Galicia,Vigo,cust_00084,Copper Scented Candle,Decor,Casa Bonita,SKU-0045-01,Natural,1,8.24,0,8.24,266.74,EUR,web
#1534,2025-10-12,paid,fulfilled,Spain,Galicia,Vigo,cust_00084,Marble Quilted Bedspread,Bedding,Nordic Sleep,SKU-0021-02,Natural,3,63.83,26.06,165.43,266.74,EUR,web
#1534,2025-10-12,paid,fulfilled,Spain,Galicia,Vigo,cust_00084,Terracotta Outdoor Cushion,Outdoor,Terra Garden,SKU-0060-03,,2,23.39,0,46.78,266.74,EUR,web
#1554,2025-10-14,paid,fulfilled,Italy,Lazio,Roma,cust_00230,Marble Cutting Board,Kitchen,Aurora Kitchen,SKU-0002-01,,3,13.17,0,39.51,47.81,EUR,web
#1506,2025-10-09,paid,fulfilled,Portugal,Lisboa,Lisboa,cust_01142,Bamboo Picture Frame,Decor,Casa Bonita,SKU-0042-01,Large,2,32.28,0,64.56,78.12,EUR,web
#3184,2026-04-08,paid,fulfilled,Spain,País Vasco,Bilbao,cust_01106,Stone Quilted Bedspread,Bedding,Nordic Sleep,SKU-0029-01,Large,1,33.99,1.95,32.04,38.77,EUR,web
#2447,2025-12-25,paid,fulfilled,France,Provence,Nice,cust_00070,Ceramic Shower Curtain,Bath,Pure Bath,SKU-0054-01,,1,32.3,0,32.3,39.08,EUR,web
#3539,2026-05-25,paid,fulfilled,Spain,Cataluña,Barcelona,cust_00701,Copper Scented Candle,Decor,Casa Bonita,SKU-0045-01,Large,1,8.24,0,8.24,63.3,EUR,web
#3539,2026-05-25,paid,fulfilled,Spain,Cataluña,Barcelona,cust_00701,Walnut Linen Duvet,Bedding,Nordic Sleep,SKU-0017-02,Charcoal,1,44.07,0,44.07,63.3,EUR,web
#1563,2025-10-15,paid,fulfilled,France,Provence,Marseille,cust_00752,Terracotta Outdoor Cushion,Outdoor,Terra Garden,SKU-0060-01,Natural,2,23.39,0,46.78,96.49,EUR,web
#1563,2025-10-15,paid,fulfilled,France,Provence,Marseille,cust_00752,Copper Scented Candle,Decor,Casa Bonita,SKU-0045-02,,4,8.24,0,32.96,96.49,EUR,web
#3939,2026-07-21,paid,fulfilled,Spain,Valencia,Valencia,cust_00931,Marble Bath Mat,Bath,Pure Bath,SKU-0052-01,Medium,1,31.82,0,31.82,38.5,EUR,web
#2451,2025-12-25,refunded,fulfilled,Spain,Valencia,Alicante,cust_00831,Brass Ceramic Vase,Decor,Casa Bonita,SKU-0049-01,Medium,1,16.22,0,16.22,19.63,EUR,web
#3232,2026-04-15,paid,fulfilled,Italy,Lazio,Roma,cust_00011,Copper String Lights,Lighting,Lumen Co,SKU-0035-01,Small,1,40.63,0,40.63,49.16,EUR,web
#3913,2026-07-16,paid,fulfilled,Spain,Andalucía,Sevilla,cust_01048,Walnut Soap Dispenser,Bath,Pure Bath,SKU-0053-01,,2,31.22,8.37,54.07,65.42,EUR,web
#2637,2026-01-15,paid,fulfilled,France,Île-de-France,Versailles,cust_00304,Terracotta Woven Basket,Decor,Casa Bonita,SKU-0043-01,Medium,2,17.85,6.5,29.2,35.33,EUR,web
#1328,2025-09-16,paid,fulfilled,Germany,Bayern,Nürnberg,cust_00219,Brass Ceramic Vase,Decor,Casa Bonita,SKU-0049-01,,3,16.22,0,48.66,77.14,EUR,web
#1328,2025-09-16,paid,fulfilled,Germany,Bayern,Nürnberg,cust_00219,Marble Cutting Board,Kitchen,Aurora Kitchen,SKU-0012-02,Medium,1,15.09,0,15.09,77.14,EUR,web
#1583,2025-10-17,paid,fulfilled,France,Île-de-France,Versailles,cust_01073,Bamboo Garden Lantern,Outdoor,Terra Garden,SKU-0059-01,,2,40.04,12.54,67.54,81.72,EUR,web
#1227,2025-09-02,paid,fulfilled,France,Île-de-France,Versailles,cust_00614,Marble Bath Mat,Bath,Pure Bath,SKU-0052-01,,1,31.82,3.87,27.95,33.82,EUR,web
#2538,2025-12-31,paid,fulfilled,Spain,Andalucía,Sevilla,cust_01137,Oak Storage Jar,Kitchen,Aurora Kitchen,SKU-0016-01,,1,23.74,0,23.74,135.1,EUR,web
#2538,2025-12-31,paid,fulfilled,Spain,Andalucía,Sevilla,cust_01137,Brass Wall Art Print,Decor,Casa Bonita,SKU-0044-02,Medium,1,23.35,0,23.35,135.1,EUR,web
#2538,2025-12-31,paid,fulfilled,Spain,Andalucía,Sevilla,cust_01137,Bamboo Picture Frame,Decor,Casa Bonita,SKU-0042-03,,2,32.28,0,64.56,135.1,EUR,web
#3894,2026-07-13,paid,partial,Spain,Madrid,Alcalá de Henares,cust_00691,Terracotta Wall Sconce,Lighting,Lumen Co,SKU-0033-01,Large,1,24.53,0,24.53,29.68,EUR,web
#3108,2026-03-28,paid,fulfilled,France,Occitanie,Toulouse,cust_00022,Bamboo Garden Lantern,Outdoor,Terra Garden,SKU-0059-01,,1,40.04,0,40.04,161.66,EUR,web
#3108,2026-03-28,paid,fulfilled,France,Occitanie,Toulouse,cust_00022,Terracotta Outdoor Cushion,Outdoor,Terra Garden,SKU-0060-02,,4,23.39,0,93.56,161.66,EUR,web
#3704,2026-06-17,paid,fulfilled,Italy,Lombardia,Bergamo,cust_00113,Copper Wall Mirror,Decor,Casa Bonita,SKU-0040-01,,1,15.19,1.62,13.57,88.95,EUR,web
#3704,2026-06-17,paid,fulfilled,Italy,Lombardia,Bergamo,cust_00113,Bamboo Picture Frame,Decor,Casa Bonita,SKU-0042-02,,1,32.28,0,32.28,88.95,EUR,web
#3704,2026-06-17,paid,fulfilled,Italy,Lombardia,Bergamo,cust_00113,Stone Robe,Bath,Pure Bath,SKU-0055-03,Large,1,27.66,0,27.66,88.95,EUR,web
#2716,2026-01-27,paid,fulfilled,Portugal,Lisboa,Cascais,cust_00441,Oak Linen Duvet,Bedding,Nordic Sleep,SKU-0025-01,,1,28.38,4.65,23.73,67.77,EUR,web
#2716,2026-01-27,paid,fulfilled,Portugal,Lisboa,Cascais,cust_00441,Bamboo Picture Frame,Decor,Casa Bonita,SKU-0042-02,Large,1,32.28,0,32.28,67.77,EUR,web
#3530,2026-05-23,paid,fulfilled,Spain,Galicia,A Coruña,cust_00066,Brass Wall Art Print,Decor,Casa Bonita,SKU-0044-01,Natural,1,23.35,0,23.35,28.25,EUR,pos
#2392,2025-12-21,paid,fulfilled,Germany,Hamburg,Hamburg,cust_00998,Bamboo Bookend Pair,Decor,Casa Bonita,SKU-0047-01,Large,1,14.92,0,14.92,32.92,EUR,web
#2392,2025-12-21,paid,fulfilled,Germany,Hamburg,Hamburg,cust_00998,Marble Cutting Board,Kitchen,Aurora Kitchen,SKU-0002-02,,1,13.17,0.88,12.29,32.92,EUR,web
#1166,2025-08-25,paid,fulfilled,Spain,Valencia,Alicante,cust_00392,Bamboo Bookend Pair,Decor,Casa Bonita,SKU-0047-01,,2,14.92,5.73,24.11,85.57,EUR,pos
#1166,2025-08-25,paid,fulfilled,Spain,Valencia,Alicante,cust_00392,Ceramic Weighted Blanket,Bedding,Nordic Sleep,SKU-0023-02,Medium,1,19.09,0,19.09,85.57,EUR,pos
#1166,2025-08-25,paid,fulfilled,Spain,Valencia,Alicante,cust_00392,Oak Storage Jar,Kitchen,Aurora Kitchen,SKU-0006-03,,1,27.52,0,27.52,85.57,EUR,pos
#3039,2026-03-16,paid,fulfilled,Netherlands,Zuid-Holland,Rotterdam,cust_00328,Linen Reading Light,Lighting,Lumen Co,SKU-0036-01,,1,30.35,0,30.35,36.72,EUR,mobile
#3462,2026-05-16,paid,fulfilled,France,Occitanie,Montpellier,cust_00861,Brass Ceramic Vase,Decor,Casa Bonita,SKU-0049-01,,1,16.22,0,16.22,38.94,EUR,web
#3462,2026-05-16,paid,fulfilled,France,Occitanie,Montpellier,cust_00861,Terracotta Woven Basket,Decor,Casa Bonita,SKU-0043-02,,1,17.85,1.89,15.96,38.94,EUR,web
#1293,2025-09-11,paid,fulfilled,Spain,País Vasco,San Sebastián,cust_00251,Bamboo Picture Frame,Decor,Casa Bonita,SKU-0042-01,,2,32.28,0,64.56,203.67,EUR,web
#1293,2025-09-11,paid,fulfilled,Spain,País Vasco,San Sebastián,cust_00251,Marble Bath Mat,Bath,Pure Bath,SKU-0052-02,Small,2,31.82,0,63.64,203.67,EUR,web
#1293,2025-09-11,paid,fulfilled,Spain,País Vasco,San Sebastián,cust_00251,Ceramic Cast Iron Pan,Kitchen,Aurora Kitchen,SKU-0014-03,,1,40.12,0,40.12,203.67,EUR,web
#2724,2026-01-28,partially_refunded,fulfilled,Spain,Madrid,Alcalá de Henares,cust_00074,Walnut Linen Duvet,Bedding,Nordic Sleep,SKU-0017-01,Large,1,44.07,0,44.07,53.32,EUR,web
#3220,2026-04-14,paid,fulfilled,Spain,Valencia,Valencia,cust_00353,Walnut Mattress Topper,Bedding,Nordic Sleep,SKU-0022-01,,2,62.76,0,125.52,180.13,EUR,web
#3220,2026-04-14,paid,fulfilled,Spain,Valencia,Valencia,cust_00353,Brass Wall Art Print,Decor,Casa Bonita,SKU-0044-02,Large,1,23.35,0,23.35,180.13,EUR,web
#3947,2026-07-22,paid,fulfilled,Spain,Valencia,Valencia,cust_00985,Bamboo Picture Frame,Decor,Casa Bonita,SKU-0042-01,,1,32.28,0,32.28,67.36,EUR,web
#3947,2026-07-22,paid,fulfilled,Spain,Valencia,Valencia,cust_00985,Terracotta Outdoor Cushion,Outdoor,Terra Garden,SKU-0060-02,Natural,1,23.39,0,23.39,67.36,EUR,web
#2043,2025-11-26,paid,fulfilled,Spain,Madrid,Madrid,cust_00488,Brass Wall Art Print,Decor,Casa Bonita,SKU-0044-01,,2,23.35,3.98,42.72,149.42,EUR,pos
#2043,2025-11-26,paid,fulfilled,Spain,Madrid,Madrid,cust_00488,Stone Quilted Bedspread,Bedding,Nordic Sleep,SKU-0029-02,,1,33.99,0,33.99,149.42,EUR,pos
#2043,2025-11-26,paid,fulfilled,Spain,Madrid,Madrid,cust_00488,Terracotta Outdoor Cushion,Outdoor,Terra Garden,SKU-0060-03,,2,23.39,0,46.78,149.42,EUR,pos
#1993,2025-11-22,paid,fulfilled,Italy,Lazio,Roma,cust_01165,Bamboo Bookend Pair,Decor,Casa Bonita,SKU-0047-01,,1,14.92,0,14.92,18.05,EUR,web
#2218,2025-12-08,paid,fulfilled,Portugal,Lisboa,Cascais,cust_00308,Marble Cutting Board,Kitchen,Aurora Kitchen,SKU-0002-01,,1,13.17,0,13.17,136.98,EUR,web
#2218,2025-12-08,paid,fulfilled,Portugal,Lisboa,Cascais,cust_00308,Ceramic Shower Curtain,Bath,Pure Bath,SKU-0054-02,,1,32.3,0,32.3,136.98,EUR,web
#2218,2025-12-08,paid,fulfilled,Portugal,Lisboa,Cascais,cust_00308,Ceramic Cast Iron Pan,Kitchen,Aurora Kitchen,SKU-0004-03,,3,22.58,0,67.74,136.98,EUR,web
#2246,2025-12-11,paid,fulfilled,France,Occitanie,Toulouse,cust_00844,Marble Cutting Board,Kitchen,Aurora Kitchen,SKU-0012-01,Medium,2,15.09,0,30.18,36.52,EUR,web
#2025,2025-11-24,paid,fulfilled,Italy,Lombardia,Milano,cust_00969,Walnut Wool Throw,Bedding,Nordic Sleep,SKU-0027-01,,1,63.89,0,63.89,77.31,EUR,web
#2530,2025-12-31,paid,fulfilled,France,Provence,Marseille,cust_00504,Stone Wool Throw,Bedding,Nordic Sleep,SKU-0019-01,,1,39.48,0,39.48,47.77,EUR,web
#1382,2025-09-23,refunded,fulfilled,Portugal,Porto,Braga,cust_00747,Oak Chef Knife,Kitchen,Aurora Kitchen,SKU-0001-01,Small,1,24.54,1.75,22.79,56.3,EUR,web
#1382,2025-09-23,refunded,fulfilled,Portugal,Porto,Braga,cust_00747,Oak Storage Jar,Kitchen,Aurora Kitchen,SKU-0016-02,Charcoal,1,23.74,0,23.74,56.3,EUR,web
#3346,2026-05-01,paid,fulfilled,Germany,Berlin,Berlin,cust_00567,Oak Chef Knife,Kitchen,Aurora Kitchen,SKU-0001-01,,1,24.54,0,24.54,29.69,EUR,web
#1695,2025-10-27,paid,fulfilled,Italy,Lombardia,Bergamo,cust_00883,Walnut Linen Duvet,Bedding,Nordic Sleep,SKU-0017-01,,1,44.07,0,44.07,72.95,EUR,web
#1695,2025-10-27,paid,fulfilled,Italy,Lombardia,Bergamo,cust_00883,Brass Ceramic Vase,Decor,Casa Bonita,SKU-0049-02,Medium,1,16.22,0,16.22,72.95,EUR,web
#1673,2025-10-25,refunded,fulfilled,Italy,Lombardia,Milano,cust_00640,Terracotta Outdoor Cushion,Outdoor,Terra Garden,SKU-0060-01,,4,23.39,0,93.56,113.21,EUR,web
#2083,2025-11-29,paid,fulfilled,Netherlands,Zuid-Holland,Rotterdam,cust_00155,Bamboo Picture Frame,Decor,Casa Bonita,SKU-0042-01,Large,1,32.28,2.48,29.8,36.06,EUR,web
#1796,2025-11-07,paid,fulfilled,Netherlands,Noord-Holland,Amsterdam,cust_01178,Walnut Soap Dispenser,Bath,Pure Bath,SKU-0053-01,Small,1,31.22,0,31.22,37.78,EUR,mobile
#2831,2026-02-15,paid,fulfilled,France,Provence,Marseille,cust_00504,Terracotta Woven Basket,Decor,Casa Bonita,SKU-0043-01,,1,17.85,0,17.85,21.6,EUR,web
#1342,2025-09-18,paid,fulfilled,Italy,Lazio,Roma,cust_00613,Linen Reading Light,Lighting,Lumen Co,SKU-0036-01,,1,30.35,0,30.35,56.83,EUR,web
#1342,2025-09-18,paid,fulfilled,Italy,Lazio,Roma,cust_00613,Terracotta Woven Basket,Decor,Casa Bonita,SKU-0043-02,Medium,1,17.85,1.23,16.62,56.83,EUR,web
#3668,2026-06-12,paid,fulfilled,Spain,Cataluña,Girona,cust_00209,Linen Reading Light,Lighting,Lumen Co,SKU-0036-01,Charcoal,1,30.35,5.49,24.86,126.25,EUR,web
#3668,2026-06-12,paid,fulfilled,Spain,Cataluña,Girona,cust_00209,Bamboo Picture Frame,Decor,Casa Bonita,SKU-0042-02,Small,2,32.28,0,64.56,126.25,EUR,web
#3668,2026-06-12,paid,fulfilled,Spain,Cataluña,Girona,cust_00209,Bamboo Bookend Pair,Decor,Casa Bonita,SKU-0047-03,,1,14.92,0,14.92,126.25,EUR,web
#2924,2026-03-01,paid,fulfilled,Germany,Hamburg,Hamburg,cust_00660,Marble Bath Towel Set,Bath,Pure Bath,SKU-0057-01,,1,25.7,4.77,20.93,25.33,EUR,mobile
#2385,2025-12-20,paid,fulfilled,France,Île-de-France,Paris,cust_00794,Ceramic Cast Iron Pan,Kitchen,Aurora Kitchen,SKU-0004-01,,1,22.58,3.52,19.06,59.17,EUR,web
#2385,2025-12-20,paid,fulfilled,France,Île-de-France,Paris,cust_00794,Bamboo Bookend Pair,Decor,Casa Bonita,SKU-0047-02,,2,14.92,0,29.84,59.17,EUR,web
#3628,2026-06-06,refunded,fulfilled,France,Occitanie,Toulouse,cust_00178,Brass Candle Holder,Lighting,Lumen Co,SKU-0034-01,,1,43.61,5.77,37.84,45.79,EUR,web
#2954,2026-03-05,paid,fulfilled,Italy,Lazio,Roma,cust_00578,Brass Wall Art Print,Decor,Casa Bonita,SKU-0044-01,,1,23.35,0,23.35,86.84,EUR,web
#2954,2026-03-05,paid,fulfilled,Italy,Lazio,Roma,cust_00578,Terracotta Wall Mirror,Decor,Casa Bonita,SKU-0048-02,Medium,1,24.68,0,24.68,86.84,EUR,web
#2954,2026-03-05,paid,fulfilled,Italy,Lazio,Roma,cust_00578,Oak Storage Jar,Kitchen,Aurora Kitchen,SKU-0016-03,,1,23.74,0,23.74,86.84,EUR,web
#3308,2026-04-25,paid,fulfilled,Portugal,Lisboa,Cascais,cust_00360,Ceramic Cast Iron Pan,Kitchen,Aurora Kitchen,SKU-0014-01,Small,2,40.12,14.15,66.09,79.97,EUR,mobile
#3044,2026-03-17,paid,fulfilled,Spain,Madrid,Madrid,cust_00026,Marble Cotton Sheet Set,Bedding,Nordic Sleep,SKU-0026-01,Large,1,66.77,0,66.77,102.39,EUR,web
#3044,2026-03-17,paid,fulfilled,Spain,Madrid,Madrid,cust_00026,Terracotta Woven Basket,Decor,Casa Bonita,SKU-0043-02,,1,17.85,0,17.85,102.39,EUR,web
#3836,2026-07-04,paid,unfulfilled,France,Île-de-France,Paris,cust_00057,Ceramic Tea Kettle,Kitchen,Aurora Kitchen,SKU-0009-01,Large,1,13.93,0,13.93,16.86,EUR,web
#2645,2026-01-17,paid,fulfilled,Italy,Lazio,Roma,cust_00678,Bamboo Bookend Pair,Decor,Casa Bonita,SKU-0047-01,Charcoal,1,14.92,0,14.92,18.05,EUR,web
#3417,2026-05-10,paid,fulfilled,France,Provence,Nice,cust_00101,Walnut Mixing Bowl,Kitchen,Aurora Kitchen,SKU-0008-01,,1,38.08,0,38.08,46.08,EUR,pos
#3500,2026-05-20,paid,fulfilled,Spain,Cataluña,Girona,cust_00787,Marble Cutting Board,Kitchen,Aurora Kitchen,SKU-0002-01,Charcoal,1,13.17,0,13.17,15.94,EUR,web
#2485,2025-12-28,refunded,fulfilled,France,Provence,Marseille,cust_00401,Oak Chef Knife,Kitchen,Aurora Kitchen,SKU-0001-01,Small,1,24.54,0,24.54,46.83,EUR,web
#2485,2025-12-28,refunded,fulfilled,France,Provence,Marseille,cust_00401,Brass Ceramic Vase,Decor,Casa Bonita,SKU-0049-02,,1,16.22,2.06,14.16,46.83,EUR,web
#3842,2026-07-05,paid,fulfilled,Italy,Lombardia,Bergamo,cust_00883,Walnut Mattress Topper,Bedding,Nordic Sleep,SKU-0022-01,,1,62.76,0,62.76,138.23,EUR,web
#3842,2026-07-05,paid,fulfilled,Italy,Lombardia,Bergamo,cust_00883,Ceramic Cast Iron Pan,Kitchen,Aurora Kitchen,SKU-0004-02,,1,22.58,2.92,19.66,138.23,EUR,web
#3842,2026-07-05,paid,fulfilled,Italy,Lombardia,Bergamo,cust_00883,Marble Bath Mat,Bath,Pure Bath,SKU-0052-03,,1,31.82,0,31.82,138.23,EUR,web
#1170,2025-08-25,paid,fulfilled,Spain,Valencia,Alicante,cust_00150,Marble Bath Mat,Bath,Pure Bath,SKU-0052-01,,1,31.82,0,31.82,38.5,EUR,web
#1936,2025-11-16,paid,fulfilled,Spain,Andalucía,Málaga,cust_00877,Stone Quilted Bedspread,Bedding,Nordic Sleep,SKU-0029-01,Charcoal,1,33.99,4.74,29.25,73.89,EUR,web
#1936,2025-11-16,paid,fulfilled,Spain,Andalucía,Málaga,cust_00877,Marble Bath Mat,Bath,Pure Bath,SKU-0052-02,,1,31.82,0,31.82,73.89,EUR,web
#2200,2025-12-07,paid,fulfilled,Italy,Lazio,Roma,cust_00678,Walnut Mixing Bowl,Kitchen,Aurora Kitchen,SKU-0008-01,,1,38.08,0,38.08,46.08,EUR,web
#1222,2025-09-02,paid,fulfilled,Spain,Andalucía,Sevilla,cust_00507,Bamboo Bookend Pair,Decor,Casa Bonita,SKU-0047-01,,1,14.92,0,14.92,18.05,EUR,web
#2605,2026-01-10,paid,fulfilled,Spain,País Vasco,Bilbao,cust_00315,Bamboo Picture Frame,Decor,Casa Bonita,SKU-0042-01,,2,32.28,0,64.56,122.49,EUR,web
#2605,2026-01-10,paid,fulfilled,Spain,País Vasco,Bilbao,cust_00315,Copper String Lights,Lighting,Lumen Co,SKU-0035-02,,1,40.63,3.96,36.67,122.49,EUR,web
#3781,2026-06-27,paid,fulfilled,Italy,Lombardia,Milano,cust_00415,Ceramic Tea Kettle,Kitchen,Aurora Kitchen,SKU-0009-01,,1,13.93,0,13.93,16.86,EUR,web
#2615,2026-01-11,paid,fulfilled,France,Occitanie,Toulouse,cust_01122,Walnut Mixing Bowl,Kitchen,Aurora Kitchen,SKU-0008-01,,1,38.08,0,38.08,131.68,EUR,web
#2615,2026-01-11,paid,fulfilled,France,Occitanie,Toulouse,cust_01122,Oak Bath Towel Set,Bath,Pure Bath,SKU-0051-02,Medium,1,25.27,0,25.27,131.68,EUR,web
#2615,2026-01-11,paid,fulfilled,France,Occitanie,Toulouse,cust_01122,Linen Table Runner,Decor,Casa Bonita,SKU-0046-03,,2,22.74,0,45.48,131.68,EUR,web
#2430,2025-12-24,paid,fulfilled,Netherlands,Noord-Holland,Amsterdam,cust_00602,Oak Storage Jar,Kitchen,Aurora Kitchen,SKU-0006-01,Charcoal,1,27.52,3.53,23.99,29.03,EUR,mobile
#3312,2026-04-26,paid,fulfilled,Portugal,Porto,Braga,cust_01116,Oak Bath Towel Set,Bath,Pure Bath,SKU-0051-01,,1,25.27,0,25.27,30.58,EUR,web
#3878,2026-07-11,paid,fulfilled,France,Occitanie,Toulouse,cust_00104,Terracotta Outdoor Cushion,Outdoor,Terra Garden,SKU-0060-01,,1,23.39,0,23.39,55.62,EUR,web
#3878,2026-07-11,paid,fulfilled,France,Occitanie,Toulouse,cust_00104,Ceramic Cast Iron Pan,Kitchen,Aurora Kitchen,SKU-0004-02,,1,22.58,0,22.58,55.62,EUR,web
#1537,2025-10-12,paid,fulfilled,Portugal,Lisboa,Lisboa,cust_01056,Oak Chef Knife,Kitchen,Aurora Kitchen,SKU-0001-01,,2,24.54,0,49.08,93.29,EUR,web
#1537,2025-10-12,paid,fulfilled,Portugal,Lisboa,Lisboa,cust_01056,Stone Quilted Bedspread,Bedding,Nordic Sleep,SKU-0029-02,,1,33.99,5.97,28.02,93.29,EUR,web
#1730,2025-10-31,paid,fulfilled,Portugal,Lisboa,Cascais,cust_00469,Marble Cutting Board,Kitchen,Aurora Kitchen,SKU-0002-01,,1,13.17,1.63,11.54,55.44,EUR,web
#1730,2025-10-31,paid,fulfilled,Portugal,Lisboa,Cascais,cust_00469,Marble Utensil Holder,Kitchen,Aurora Kitchen,SKU-0007-02,,2,17.14,0,34.28,55.44,EUR,web
#1132,2025-08-21,paid,fulfilled,Germany,Hamburg,Hamburg,cust_01072,Oak Chef Knife,Kitchen,Aurora Kitchen,SKU-0001-01,Large,1,24.54,0,24.54,29.69,EUR,web
#3212,2026-04-12,paid,fulfilled,France,Occitanie,Toulouse,cust_00793,Stone Quilted Bedspread,Bedding,Nordic Sleep,SKU-0029-01,,1,33.99,0,33.99,41.13,EUR,web
#1635,2025-10-21,paid,fulfilled,France,Île-de-France,Paris,cust_00935,Copper Scented Candle,Decor,Casa Bonita,SKU-0045-01,Medium,1,8.24,0,8.24,9.97,EUR,web
#2458,2025-12-26,paid,fulfilled,Spain,Galicia,Vigo,cust_00847,Bamboo Picture Frame,Decor,Casa Bonita,SKU-0042-01,Small,1,32.28,3.99,28.29,34.23,EUR,web
#2992,2026-03-10,partially_refunded,fulfilled,Germany,Hamburg,Hamburg,cust_00174,Marble Bath Mat,Bath,Pure Bath,SKU-0052-01,,1,31.82,0,31.82,38.5,EUR,mobile
#1643,2025-10-22,paid,fulfilled,France,Provence,Marseille,cust_00504,Stone Serving Platter,Kitchen,Aurora Kitchen,SKU-0010-01,,1,28.1,0,28.1,80.56,EUR,web
#1643,2025-10-22,paid,fulfilled,France,Provence,Marseille,cust_00504,Terracotta Pendant Light,Lighting,Lumen Co,SKU-0038-02,,1,38.48,0,38.48,80.56,EUR,web
#1560,2025-10-15,paid,fulfilled,Italy,Lombardia,Bergamo,cust_00918,Walnut Ceramic Bowl Set,Kitchen,Aurora Kitchen,SKU-0003-01,,1,44.02,0,44.02,53.26,EUR,web
#1346,2025-09-18,refunded,fulfilled,Netherlands,Zuid-Holland,Rotterdam,cust_00281,Oak Storage Jar,Kitchen,Aurora Kitchen,SKU-0006-01,Large,1,27.52,0,27.52,81.11,EUR,web
#1346,2025-09-18,refunded,fulfilled,Netherlands,Zuid-Holland,Rotterdam,cust_00281,Marble Cutting Board,Kitchen,Aurora Kitchen,SKU-0002-02,Small,3,13.17,0,39.51,81.11,EUR,web
#2316,2025-12-15,paid,fulfilled,Spain,Andalucía,Málaga,cust_00187,Linen Table Runner,Decor,Casa Bonita,SKU-0046-01,,2,22.74,0,45.48,86.13,EUR,web
#2316,2025-12-15,paid,fulfilled,Spain,Andalucía,Málaga,cust_00187,Marble Bath Towel Set,Bath,Pure Bath,SKU-0057-02,,1,25.7,0,25.7,86.13,EUR,web
#1016,2025-08-03,paid,fulfilled,Germany,Berlin,Berlin,cust_00841,Brass Candle Holder,Lighting,Lumen Co,SKU-0034-01,,1,43.61,0,43.61,130.08,EUR,web
#1016,2025-08-03,paid,fulfilled,Germany,Berlin,Berlin,cust_00841,Walnut Wool Throw,Bedding,Nordic Sleep,SKU-0027-02,,1,63.89,0,63.89,130.08,EUR,web
#2909,2026-02-28,paid,fulfilled,Spain,Madrid,Alcalá de Henares,cust_00497,Stone Quilted Bedspread,Bedding,Nordic Sleep,SKU-0029-01,,1,33.99,0,33.99,54.26,EUR,web
#2909,2026-02-28,paid,fulfilled,Spain,Madrid,Alcalá de Henares,cust_00497,Marble Cutting Board,Kitchen,Aurora Kitchen,SKU-0002-02,,1,13.17,2.32,10.85,54.26,EUR,web
#1176,2025-08-27,paid,fulfilled,Germany,Hamburg,Hamburg,cust_00258,Ceramic Cast Iron Pan,Kitchen,Aurora Kitchen,SKU-0004-01,Natural,1,22.58,4.08,18.5,67.87,EUR,web
#1176,2025-08-27,paid,fulfilled,Germany,Hamburg,Hamburg,cust_00258,Terracotta Outdoor Cushion,Outdoor,Terra Garden,SKU-0060-02,,2,23.39,9.19,37.59,67.87,EUR,web
#2853,2026-02-20,paid,fulfilled,Spain,País Vasco,Bilbao,cust_00280,Terracotta Outdoor Cushion,Outdoor,Terra Garden,SKU-0060-01,,2,23.39,0,46.78,178.39,EUR,mobile
#2853,2026-02-20,paid,fulfilled,Spain,País Vasco,Bilbao,cust_00280,Marble Bath Mat,Bath,Pure Bath,SKU-0052-02,Charcoal,1,31.82,0,31.82,178.39,EUR,mobile
#2853,2026-02-20,paid,fulfilled,Spain,País Vasco,Bilbao,cust_00280,Brass Wall Art Print,Decor,Casa Bonita,SKU-0044-03,,1,23.35,0,23.35,178.39,EUR,mobile
#2853,2026-02-20,paid,fulfilled,Spain,País Vasco,Bilbao,cust_00280,Linen Table Runner,Decor,Casa Bonita,SKU-0046-04,,2,22.74,0,45.48,178.39,EUR,mobile
#2164,2025-12-05,paid,fulfilled,Portugal,Lisboa,Cascais,cust_00625,Marble Cutting Board,Kitchen,Aurora Kitchen,SKU-0002-01,Large,1,13.17,0,13.17,62.63,EUR,web
#2164,2025-12-05,paid,fulfilled,Portugal,Lisboa,Cascais,cust_00625,Linen Reading Light,Lighting,Lumen Co,SKU-0036-02,Large,1,30.35,0,30.35,62.63,EUR,web
#2164,2025-12-05,paid,fulfilled,Portugal,Lisboa,Cascais,cust_00625,Copper Scented Candle,Decor,Casa Bonita,SKU-0045-03,,1,8.24,0,8.24,62.63,EUR,web
#1661,2025-10-24,paid,fulfilled,Spain,Madrid,Madrid,cust_01143,Brass Wall Art Print,Decor,Casa Bonita,SKU-0044-01,,1,23.35,0,23.35,60.12,EUR,web
#1661,2025-10-24,paid,fulfilled,Spain,Madrid,Madrid,cust_01143,Marble Cutting Board,Kitchen,Aurora Kitchen,SKU-0002-02,,2,13.17,0,26.34,60.12,EUR,web
#3245,2026-04-17,paid,fulfilled,Spain,Valencia,Alicante,cust_00731,Walnut Wool Throw,Bedding,Nordic Sleep,SKU-0027-01,,2,63.89,0,127.78,154.61,EUR,web
#2358,2025-12-19,paid,fulfilled,Germany,Hamburg,Hamburg,cust_00920,Walnut Linen Duvet,Bedding,Nordic Sleep,SKU-0017-01,,1,44.07,0,44.07,53.32,EUR,web
#3120,2026-03-30,paid,fulfilled,Germany,Hamburg,Hamburg,cust_00459,Bamboo Bookend Pair,Decor,Casa Bonita,SKU-0047-01,,1,14.92,0,14.92,18.05,EUR,web
#1427,2025-09-29,paid,fulfilled,Germany,Berlin,Berlin,cust_01005,Bamboo Bookend Pair,Decor,Casa Bonita,SKU-0047-01,,2,14.92,3.22,26.62,32.21,EUR,web
#3509,2026-05-21,paid,fulfilled,Spain,Valencia,Alicante,cust_00831,Ceramic Tea Kettle,Kitchen,Aurora Kitchen,SKU-0009-01,Charcoal,1,13.93,0,13.93,62.82,EUR,web
#3509,2026-05-21,paid,fulfilled,Spain,Valencia,Alicante,cust_00831,Linen Ceramic Vase,Decor,Casa Bonita,SKU-0041-02,,1,37.99,0,37.99,62.82,EUR,web
#3914,2026-07-16,paid,unfulfilled,Italy,Lazio,Roma,cust_00678,Marble Bath Mat,Bath,Pure Bath,SKU-0052-01,Charcoal,1,31.82,0,31.82,79.63,EUR,web
#3914,2026-07-16,paid,unfulfilled,Italy,Lazio,Roma,cust_00678,Stone Quilted Bedspread,Bedding,Nordic Sleep,SKU-0029-02,,1,33.99,0,33.99,79.63,EUR,web
#3453,2026-05-14,paid,fulfilled,Italy,Lombardia,Bergamo,cust_00914,Marble Bath Mat,Bath,Pure Bath,SKU-0052-01,,1,31.82,0,31.82,38.5,EUR,web
#2212,2025-12-08,paid,fulfilled,France,Île-de-France,Versailles,cust_00199,Terracotta Outdoor Cushion,Outdoor,Terra Garden,SKU-0060-01,,1,23.39,0,23.39,87.65,EUR,web
#2212,2025-12-08,paid,fulfilled,France,Île-de-France,Versailles,cust_00199,Brass Wall Art Print,Decor,Casa Bonita,SKU-0044-02,,1,23.35,0,23.35,87.65,EUR,web
#2212,2025-12-08,paid,fulfilled,France,Île-de-France,Versailles,cust_00199,Marble Bath Towel Set,Bath,Pure Bath,SKU-0057-03,,1,25.7,0,25.7,87.65,EUR,web
#2955,2026-03-05,paid,fulfilled,Italy,Lazio,Roma,cust_01042,Ceramic Cast Iron Pan,Kitchen,Aurora Kitchen,SKU-0004-01,,1,22.58,0,22.58,76.97,EUR,web
#2955,2026-03-05,paid,fulfilled,Italy,Lazio,Roma,cust_01042,Walnut Ceramic Bowl Set,Kitchen,Aurora Kitchen,SKU-0013-02,Natural,1,41.03,0,41.03,76.97,EUR,web
#3240,2026-04-16,paid,fulfilled,Spain,Valencia,Alicante,cust_00150,Marble Cutting Board,Kitchen,Aurora Kitchen,SKU-0002-01,,4,13.17,0,52.68,63.74,EUR,web
#2403,2025-12-21,paid,fulfilled,Netherlands,Noord-Holland,Haarlem,cust_00017,Bamboo Table Lamp,Lighting,Lumen Co,SKU-0037-01,Small,2,39.74,0,79.48,114.22,EUR,web
#2403,2025-12-21,paid,fulfilled,Netherlands,Noord-Holland,Haarlem,cust_00017,Bamboo Bookend Pair,Decor,Casa Bonita,SKU-0047-02,,1,14.92,0,14.92,114.22,EUR,web
#2282,2025-12-13,paid,fulfilled,France,Provence,Nice,cust_00584,Oak Bath Towel Set,Bath,Pure Bath,SKU-0051-01,,1,25.27,0,25.27,47.43,EUR,web
#2282,2025-12-13,paid,fulfilled,France,Provence,Nice,cust_00584,Ceramic Tea Kettle,Kitchen,Aurora Kitchen,SKU-0009-02,,1,13.93,0,13.93,47.43,EUR,web
#1014,2025-08-02,paid,fulfilled,Spain,Valencia,Valencia,cust_00211,Marble Cutting Board,Kitchen,Aurora Kitchen,SKU-0002-01,,1,13.17,0,13.17,84.46,EUR,web
#1014,2025-08-02,paid,fulfilled,Spain,Valencia,Valencia,cust_00211,Ceramic Shower Curtain,Bath,Pure Bath,SKU-0054-02,,1,32.3,0,32.3,84.46,EUR,web
#1014,2025-08-02,paid,fulfilled,Spain,Valencia,Valencia,cust_00211,Stone Robe,Bath,Pure Bath,SKU-0055-03,Large,1,27.66,3.33,24.33,84.46,EUR,web
#3021,2026-03-14,paid,fulfilled,Germany,Berlin,Berlin,cust_01005,Ceramic Cotton Sheet Set,Bedding,Nordic Sleep,SKU-0018-01,Medium,1,49.14,0,49.14,59.46,EUR,web
#2386,2025-12-20,paid,fulfilled,Spain,Galicia,Vigo,cust_00013,Stone Serving Platter,Kitchen,Aurora Kitchen,SKU-0010-01,,1,28.1,4.34,23.76,28.75,EUR,mobile
#3426,2026-05-11,paid,fulfilled,Spain,País Vasco,Bilbao,cust_01109,Terracotta Woven Basket,Decor,Casa Bonita,SKU-0043-01,,2,17.85,5.6,30.1,36.42,EUR,web
#2575,2026-01-05,paid,fulfilled,Italy,Lombardia,Milano,cust_00690,Bamboo Bookend Pair,Decor,Casa Bonita,SKU-0047-01,,1,14.92,0,14.92,98.84,EUR,web
#2575,2026-01-05,paid,fulfilled,Italy,Lombardia,Milano,cust_00690,Marble Cotton Sheet Set,Bedding,Nordic Sleep,SKU-0026-02,,1,66.77,0,66.77,98.84,EUR,web
#1729,2025-10-31,paid,fulfilled,Spain,Andalucía,Málaga,cust_00449,Walnut Ceramic Bowl Set,Kitchen,Aurora Kitchen,SKU-0003-01,Large,1,44.02,0,44.02,116.33,EUR,web
#1729,2025-10-31,paid,fulfilled,Spain,Andalucía,Málaga,cust_00449,Brass Wall Art Print,Decor,Casa Bonita,SKU-0044-02,Medium,1,23.35,0,23.35,116.33,EUR,web
#1729,2025-10-31,paid,fulfilled,Spain,Andalucía,Málaga,cust_00449,Bamboo Picture Frame,Decor,Casa Bonita,SKU-0042-03,Medium,1,32.28,3.51,28.77,116.33,EUR,web
#1050,2025-08-08,paid,fulfilled,Spain,Andalucía,Sevilla,cust_00750,Stone Serving Platter,Kitchen,Aurora Kitchen,SKU-0010-01,Charcoal,2,28.1,0,56.2,68,EUR,web
#1849,2025-11-10,paid,fulfilled,Spain,Andalucía,Sevilla,cust_01137,Oak Chef Knife,Kitchen,Aurora Kitchen,SKU-0001-01,,1,24.54,0,24.54,84.72,EUR,web
#1849,2025-11-10,paid,fulfilled,Spain,Andalucía,Sevilla,cust_01137,Linen Table Runner,Decor,Casa Bonita,SKU-0046-02,,2,22.74,0,45.48,84.72,EUR,web
#3834,2026-07-04,paid,fulfilled,France,Provence,Nice,cust_00651,Ceramic Cast Iron Pan,Kitchen,Aurora Kitchen,SKU-0004-01,Natural,1,22.58,0,22.58,73.86,EUR,web
#3834,2026-07-04,paid,fulfilled,France,Provence,Nice,cust_00651,Ceramic Tea Kettle,Kitchen,Aurora Kitchen,SKU-0009-02,,1,13.93,0,13.93,73.86,EUR,web
#3834,2026-07-04,paid,fulfilled,France,Provence,Nice,cust_00651,Terracotta Wall Sconce,Lighting,Lumen Co,SKU-0033-03,,1,24.53,0,24.53,73.86,EUR,web
#1491,2025-10-07,paid,fulfilled,Netherlands,Noord-Holland,Haarlem,cust_00904,Marble Cutting Board,Kitchen,Aurora Kitchen,SKU-0002-01,,1,13.17,0.76,12.41,53.52,EUR,pos
#1491,2025-10-07,paid,fulfilled,Netherlands,Noord-Holland,Haarlem,cust_00904,Marble Bath Mat,Bath,Pure Bath,SKU-0052-02,,1,31.82,0,31.82,53.52,EUR,pos
#1590,2025-10-18,paid,fulfilled,Portugal,Porto,Braga,cust_00716,Ceramic Cast Iron Pan,Kitchen,Aurora Kitchen,SKU-0004-01,,2,22.58,0,45.16,93.7,EUR,web
#1590,2025-10-18,paid,fulfilled,Portugal,Porto,Braga,cust_00716,Bamboo Picture Frame,Decor,Casa Bonita,SKU-0042-02,,1,32.28,0,32.28,93.7,EUR,web
#1407,2025-09-26,paid,fulfilled,Spain,País Vasco,Bilbao,cust_00217,Ceramic Weighted Blanket,Bedding,Nordic Sleep,SKU-0023-01,,1,19.09,0,19.09,23.1,EUR,web
#1413,2025-09-27,paid,fulfilled,Netherlands,Noord-Holland,Amsterdam,cust_01101,Walnut Ceramic Bowl Set,Kitchen,Aurora Kitchen,SKU-0003-01,,1,44.02,0,44.02,74.06,EUR,web
#1413,2025-09-27,paid,fulfilled,Netherlands,Noord-Holland,Amsterdam,cust_01101,Copper Picture Frame,Decor,Casa Bonita,SKU-0050-02,,1,17.19,0,17.19,74.06,EUR,web
#2662,2026-01-18,refunded,fulfilled,Germany,Bayern,München,cust_00673,Walnut Ceramic Bowl Set,Kitchen,Aurora Kitchen,SKU-0003-01,,1,44.02,3.72,40.3,165.94,EUR,web
#2662,2026-01-18,refunded,fulfilled,Germany,Bayern,München,cust_00673,Bamboo Picture Frame,Decor,Casa Bonita,SKU-0042-02,Large,3,32.28,0,96.84,165.94,EUR,web
#1878,2025-11-13,refunded,fulfilled,Netherlands,Noord-Holland,Haarlem,cust_00904,Ceramic Tea Kettle,Kitchen,Aurora Kitchen,SKU-0009-01,,1,13.93,0,13.93,16.86,EUR,web
#2080,2025-11-29,paid,fulfilled,Spain,Madrid,Alcalá de Henares,cust_00934,Stone Espresso Mug,Kitchen,Aurora Kitchen,SKU-0005-01,Charcoal,1,17.01,0.85,16.16,175.79,EUR,mobile
#2080,2025-11-29,paid,fulfilled,Spain,Madrid,Alcalá de Henares,cust_00934,Bamboo Picture Frame,Decor,Casa Bonita,SKU-0042-02,Large,4,32.28,0,129.12,175.79,EUR,mobile
#1257,2025-09-07,paid,fulfilled,Spain,Andalucía,Sevilla,cust_01022,Stone Espresso Mug,Kitchen,Aurora Kitchen,SKU-0005-01,,1,17.01,3.1,13.91,113.09,EUR,web
#1257,2025-09-07,paid,fulfilled,Spain,Andalucía,Sevilla,cust_01022,Stone Serving Platter,Kitchen,Aurora Kitchen,SKU-0010-02,,2,28.1,0,56.2,113.09,EUR,web
#1257,2025-09-07,paid,fulfilled,Spain,Andalucía,Sevilla,cust_01022,Brass Wall Art Print,Decor,Casa Bonita,SKU-0044-03,,1,23.35,0,23.35,113.09,EUR,web
#2553,2026-01-02,paid,fulfilled,Portugal,Lisboa,Cascais,cust_00738,Bamboo Bookend Pair,Decor,Casa Bonita,SKU-0047-01,,1,14.92,1.43,13.49,62.29,EUR,web
#2553,2026-01-02,paid,fulfilled,Portugal,Lisboa,Cascais,cust_00738,Linen Ceramic Vase,Decor,Casa Bonita,SKU-0041-02,Natural,1,37.99,0,37.99,62.29,EUR,web
#3457,2026-05-15,paid,fulfilled,Netherlands,Zuid-Holland,Den Haag,cust_00426,Marble Bath Mat,Bath,Pure Bath,SKU-0052-01,Natural,1,31.82,6.07,25.75,31.16,EUR,web
#2817,2026-02-13,paid,fulfilled,France,Provence,Nice,cust_00677,Stone Serving Platter,Kitchen,Aurora Kitchen,SKU-0010-01,,1,28.1,0,28.1,34,EUR,pos
#2466,2025-12-26,paid,fulfilled,Germany,Berlin,Berlin,cust_00369,Marble Bath Towel Set,Bath,Pure Bath,SKU-0057-01,Medium,1,25.7,2.01,23.69,28.66,EUR,web
#2569,2026-01-04,paid,fulfilled,Italy,Lombardia,Bergamo,cust_00914,Terracotta Woven Basket,Decor,Casa Bonita,SKU-0043-01,Small,3,17.85,0,53.55,64.8,EUR,web
#2723,2026-01-28,refunded,fulfilled,Germany,Hamburg,Hamburg,cust_00145,Bamboo Bookend Pair,Decor,Casa Bonita,SKU-0047-01,,3,14.92,0,44.76,110.67,EUR,web
#2723,2026-01-28,refunded,fulfilled,Germany,Hamburg,Hamburg,cust_00145,Brass Wall Art Print,Decor,Casa Bonita,SKU-0044-02,Large,2,23.35,0,46.7,110.67,EUR,web
#3143,2026-04-02,paid,fulfilled,Spain,Madrid,Madrid,cust_00345,Bamboo Bookend Pair,Decor,Casa Bonita,SKU-0047-01,,1,14.92,0,14.92,74.86,EUR,web
#3143,2026-04-02,paid,fulfilled,Spain,Madrid,Madrid,cust_00345,Terracotta Woven Basket,Decor,Casa Bonita,SKU-0043-02,,1,17.85,2.72,15.13,74.86,EUR,web
#3143,2026-04-02,paid,fulfilled,Spain,Madrid,Madrid,cust_00345,Marble Bath Mat,Bath,Pure Bath,SKU-0052-03,Medium,1,31.82,0,31.82,74.86,EUR,web
#2976,2026-03-08,paid,fulfilled,Germany,Berlin,Berlin,cust_01005,Walnut Mixing Bowl,Kitchen,Aurora Kitchen,SKU-0008-01,Large,2,38.08,3.81,72.35,87.54,EUR,web
#3375,2026-05-04,paid,fulfilled,Germany,Bayern,München,cust_00110,Marble Cutting Board,Kitchen,Aurora Kitchen,SKU-0002-01,,1,13.17,0,13.17,15.94,EUR,mobile
#1153,2025-08-24,paid,fulfilled,Portugal,Porto,Braga,cust_01046,Stone Quilted Bedspread,Bedding,Nordic Sleep,SKU-0029-01,,2,33.99,0,67.98,163.05,EUR,web
#1153,2025-08-24,paid,fulfilled,Portugal,Porto,Braga,cust_01046,Marble Cotton Sheet Set,Bedding,Nordic Sleep,SKU-0026-02,,1,66.77,0,66.77,163.05,EUR,web
#3984,2026-07-29,paid,unfulfilled,Italy,Lazio,Roma,cust_00341,Stone Serving Platter,Kitchen,Aurora Kitchen,SKU-0010-01,,1,28.1,0,28.1,34,EUR,pos
#3578,2026-05-29,paid,fulfilled,France,Provence,Nice,cust_01000,Brass Candle Holder,Lighting,Lumen Co,SKU-0034-01,,2,43.61,0,87.22,105.54,EUR,web
#3995,2026-07-31,paid,unfulfilled,Netherlands,Noord-Holland,Haarlem,cust_00656,Copper Wall Mirror,Decor,Casa Bonita,SKU-0040-01,Medium,3,15.19,0,45.57,93.64,EUR,web
#3995,2026-07-31,paid,unfulfilled,Netherlands,Noord-Holland,Haarlem,cust_00656,Marble Bath Mat,Bath,Pure Bath,SKU-0052-02,,1,31.82,0,31.82,93.64,EUR,web
#3597,2026-06-02,paid,fulfilled,France,Occitanie,Montpellier,cust_00330,Copper Wall Mirror,Decor,Casa Bonita,SKU-0040-01,Medium,2,15.19,0,30.38,36.76,EUR,web
#3340,2026-04-30,paid,fulfilled,Germany,Hamburg,Hamburg,cust_00302,Terracotta Woven Basket,Decor,Casa Bonita,SKU-0043-01,,1,17.85,0,17.85,148.08,EUR,web
#3340,2026-04-30,paid,fulfilled,Germany,Hamburg,Hamburg,cust_00302,Stone Robe,Bath,Pure Bath,SKU-0055-02,Charcoal,2,27.66,0,55.32,148.08,EUR,web
#3340,2026-04-30,paid,fulfilled,Germany,Hamburg,Hamburg,cust_00302,Marble Cutting Board,Kitchen,Aurora Kitchen,SKU-0012-03,,1,15.09,1.81,13.28,148.08,EUR,web
#3340,2026-04-30,paid,fulfilled,Germany,Hamburg,Hamburg,cust_00302,Walnut Mixing Bowl,Kitchen,Aurora Kitchen,SKU-0008-04,Small,1,38.08,2.15,35.93,148.08,EUR,web
#2670,2026-01-19,paid,fulfilled,Spain,Andalucía,Sevilla,cust_00605,Marble Bath Mat,Bath,Pure Bath,SKU-0052-01,,1,31.82,0,31.82,67.23,EUR,web
#2670,2026-01-19,paid,fulfilled,Spain,Andalucía,Sevilla,cust_00605,Oak Storage Jar,Kitchen,Aurora Kitchen,SKU-0016-02,Large,1,23.74,0,23.74,67.23,EUR,web
#1351,2025-09-18,refunded,fulfilled,Spain,Valencia,Valencia,cust_01115,Marble Bath Mat,Bath,Pure Bath,SKU-0052-01,,1,31.82,0,31.82,85.29,EUR,web
#1351,2025-09-18,refunded,fulfilled,Spain,Valencia,Valencia,cust_01115,Brass Ceramic Vase,Decor,Casa Bonita,SKU-0049-02,,1,16.22,0.9,15.32,85.29,EUR,web
#1351,2025-09-18,refunded,fulfilled,Spain,Valencia,Valencia,cust_01115,Brass Wall Art Print,Decor,Casa Bonita,SKU-0044-03,,1,23.35,0,23.35,85.29,EUR,web
#1290,2025-09-10,paid,fulfilled,Spain,Cataluña,Barcelona,cust_00982,Terracotta Woven Basket,Decor,Casa Bonita,SKU-0043-01,,1,17.85,0,17.85,62.73,EUR,web
#1290,2025-09-10,paid,fulfilled,Spain,Cataluña,Barcelona,cust_00982,Stone Quilted Bedspread,Bedding,Nordic Sleep,SKU-0029-02,,1,33.99,0,33.99,62.73,EUR,web
#1627,2025-10-21,paid,fulfilled,Portugal,Porto,Braga,cust_00810,Marble Bath Towel Set,Bath,Pure Bath,SKU-0057-01,Small,2,25.7,0,51.4,62.19,EUR,web
#3443,2026-05-13,paid,fulfilled,Spain,Andalucía,Sevilla,cust_01114,Walnut Linen Duvet,Bedding,Nordic Sleep,SKU-0017-01,,1,44.07,0,44.07,53.32,EUR,web
#1423,2025-09-28,paid,fulfilled,Germany,Bayern,Nürnberg,cust_00724,Stone Wool Throw,Bedding,Nordic Sleep,SKU-0019-01,,1,39.48,2.04,37.44,45.3,EUR,web
#3156,2026-04-04,paid,fulfilled,Italy,Lombardia,Milano,cust_00936,Marble Bath Towel Set,Bath,Pure Bath,SKU-0057-01,,2,25.7,0,51.4,62.19,EUR,web
#3095,2026-03-24,paid,fulfilled,Spain,Galicia,Vigo,cust_00319,Ceramic Shower Curtain,Bath,Pure Bath,SKU-0054-01,Charcoal,1,32.3,3.41,28.89,73.46,EUR,web
#3095,2026-03-24,paid,fulfilled,Spain,Galicia,Vigo,cust_00319,Marble Bath Mat,Bath,Pure Bath,SKU-0052-02,,1,31.82,0,31.82,73.46,EUR,web
#2756,2026-02-03,paid,fulfilled,Spain,Cataluña,Barcelona,cust_00090,Stone Robe,Bath,Pure Bath,SKU-0055-01,,4,27.66,17.73,92.91,112.42,EUR,web
#3803,2026-06-29,paid,fulfilled,Germany,Hamburg,Hamburg,cust_01175,Terracotta Outdoor Cushion,Outdoor,Terra Garden,SKU-0060-01,Natural,2,23.39,0,46.78,56.6,EUR,web
#2188,2025-12-07,paid,fulfilled,France,Occitanie,Montpellier,cust_01098,Marble Utensil Holder,Kitchen,Aurora Kitchen,SKU-0007-01,,1,17.14,0,17.14,20.74,EUR,web
#3193,2026-04-09,paid,fulfilled,Spain,Galicia,Vigo,cust_00491,Terracotta Pendant Light,Lighting,Lumen Co,SKU-0038-01,,1,38.48,3.69,34.79,190.44,EUR,web
#3193,2026-04-09,paid,fulfilled,Spain,Galicia,Vigo,cust_00491,Bamboo Picture Frame,Decor,Casa Bonita,SKU-0042-02,Large,1,32.28,0,32.28,190.44,EUR,web
#3193,2026-04-09,paid,fulfilled,Spain,Galicia,Vigo,cust_00491,Ceramic Cast Iron Pan,Kitchen,Aurora Kitchen,SKU-0004-03,Small,4,22.58,0,90.32,190.44,EUR,web
#3185,2026-04-08,paid,fulfilled,Italy,Lombardia,Milano,cust_00815,Copper Wall Mirror,Decor,Casa Bonita,SKU-0040-01,,1,15.19,0,15.19,18.38,EUR,web
#3771,2026-06-25,paid,fulfilled,Spain,Andalucía,Sevilla,cust_00922,Walnut Linen Duvet,Bedding,Nordic Sleep,SKU-0017-01,,1,44.07,4.92,39.15,157.83,EUR,web
#3771,2026-06-25,paid,fulfilled,Spain,Andalucía,Sevilla,cust_00922,Linen Reading Light,Lighting,Lumen Co,SKU-0036-02,Charcoal,2,30.35,0,60.7,157.83,EUR,web
#3771,2026-06-25,paid,fulfilled,Spain,Andalucía,Sevilla,cust_00922,Linen Ceramic Vase,Decor,Casa Bonita,SKU-0041-03,,1,37.99,7.4,30.59,157.83,EUR,web
#2811,2026-02-12,paid,fulfilled,Spain,Cataluña,Girona,cust_00499,Stone Quilted Bedspread,Bedding,Nordic Sleep,SKU-0029-01,Medium,2,33.99,0,67.98,82.26,EUR,web
#1008,2025-08-01,refunded,fulfilled,Spain,Madrid,Alcalá de Henares,cust_01024,Ceramic Pillow Case Pair,Bedding,Nordic Sleep,SKU-0028-01,,1,43.58,0,43.58,52.73,EUR,pos
#3643,2026-06-09,paid,fulfilled,Italy,Lombardia,Milano,cust_00425,Linen Reading Light,Lighting,Lumen Co,SKU-0036-01,Medium,1,30.35,0,30.35,56.19,EUR,mobile
#3643,2026-06-09,paid,fulfilled,Italy,Lombardia,Milano,cust_00425,Terracotta Woven Basket,Decor,Casa Bonita,SKU-0043-02,,1,17.85,1.76,16.09,56.19,EUR,mobile
#3362,2026-05-03,paid,fulfilled,Spain,Madrid,Alcalá de Henares,cust_00727,Walnut Soap Dispenser,Bath,Pure Bath,SKU-0053-01,,1,31.22,0,31.22,135.31,EUR,web
#3362,2026-05-03,paid,fulfilled,Spain,Madrid,Alcalá de Henares,cust_00727,Ceramic Shower Curtain,Bath,Pure Bath,SKU-0054-02,,1,32.3,5.09,27.21,135.31,EUR,web
#3362,2026-05-03,paid,fulfilled,Spain,Madrid,Alcalá de Henares,cust_00727,Bamboo Bookend Pair,Decor,Casa Bonita,SKU-0047-03,Small,1,14.92,0,14.92,135.31,EUR,web
#3362,2026-05-03,paid,fulfilled,Spain,Madrid,Alcalá de Henares,cust_00727,Terracotta Pendant Light,Lighting,Lumen Co,SKU-0038-04,,1,38.48,0,38.48,135.31,EUR,web
#3987,2026-07-29,paid,partial,Portugal,Lisboa,Cascais,cust_00006,Marble Cutting Board,Kitchen,Aurora Kitchen,SKU-0002-01,,1,13.17,0,13.17,15.94,EUR,web
#2290,2025-12-14,paid,fulfilled,France,Île-de-France,Versailles,cust_00725,Marble Bath Mat,Bath,Pure Bath,SKU-0052-01,,1,31.82,0,31.82,38.5,EUR,mobile
#1511,2025-10-10,paid,fulfilled,Spain,Galicia,A Coruña,cust_01037,Oak Linen Duvet,Bedding,Nordic Sleep,SKU-0025-01,Natural,1,28.38,3.44,24.94,30.18,EUR,web
#2746,2026-01-31,paid,fulfilled,France,Occitanie,Toulouse,cust_00181,Brass Wall Art Print,Decor,Casa Bonita,SKU-0044-01,,2,23.35,0,46.7,123.81,EUR,web
#2746,2026-01-31,paid,fulfilled,France,Occitanie,Toulouse,cust_00181,Linen Reading Light,Lighting,Lumen Co,SKU-0036-02,Large,1,30.35,0,30.35,123.81,EUR,web
#2746,2026-01-31,paid,fulfilled,France,Occitanie,Toulouse,cust_00181,Oak Bath Towel Set,Bath,Pure Bath,SKU-0051-03,Charcoal,1,25.27,0,25.27,123.81,EUR,web
#3938,2026-07-21,paid,partial,Spain,Andalucía,Sevilla,cust_01022,Bamboo Picture Frame,Decor,Casa Bonita,SKU-0042-01,,1,32.28,3.07,29.21,35.34,EUR,mobile
#3895,2026-07-14,paid,unfulfilled,France,Provence,Marseille,cust_00097,Linen Reading Light,Lighting,Lumen Co,SKU-0036-01,,2,30.35,0,60.7,175.75,EUR,web
#3895,2026-07-14,paid,unfulfilled,France,Provence,Marseille,cust_00097,Marble Bath Mat,Bath,Pure Bath,SKU-0052-02,,1,31.82,0,31.82,175.75,EUR,web
#3895,2026-07-14,paid,unfulfilled,France,Provence,Marseille,cust_00097,Brass Wall Art Print,Decor,Casa Bonita,SKU-0044-03,,1,23.35,4.61,18.74,175.75,EUR,web
#3895,2026-07-14,paid,unfulfilled,France,Provence,Marseille,cust_00097,Stone Quilted Bedspread,Bedding,Nordic Sleep,SKU-0029-04,,1,33.99,0,33.99,175.75,EUR,web
#2677,2026-01-20,paid,fulfilled,France,Occitanie,Montpellier,cust_01086,Linen Ceramic Vase,Decor,Casa Bonita,SKU-0041-01,,1,37.99,0,37.99,45.97,EUR,web
#1944,2025-11-17,paid,fulfilled,Spain,Madrid,Alcalá de Henares,cust_00759,Stone Espresso Mug,Kitchen,Aurora Kitchen,SKU-0005-01,Small,1,17.01,0,17.01,20.58,EUR,web
#1090,2025-08-13,paid,fulfilled,Netherlands,Noord-Holland,Amsterdam,cust_00464,Marble Cutting Board,Kitchen,Aurora Kitchen,SKU-0002-01,Natural,2,13.17,0,26.34,31.87,EUR,web
#1701,2025-10-28,paid,fulfilled,Portugal,Lisboa,Cascais,cust_00363,Ceramic Pillow Case Pair,Bedding,Nordic Sleep,SKU-0028-01,,2,43.58,6.77,80.39,97.27,EUR,web
#3256,2026-04-18,paid,fulfilled,France,Provence,Marseille,cust_01049,Marble Cutting Board,Kitchen,Aurora Kitchen,SKU-0002-01,Natural,1,13.17,0,13.17,68.63,EUR,mobile
#3256,2026-04-18,paid,fulfilled,France,Provence,Marseille,cust_01049,Marble Bath Towel Set,Bath,Pure Bath,SKU-0057-02,,1,25.7,0,25.7,68.63,EUR,mobile
#3256,2026-04-18,paid,fulfilled,France,Provence,Marseille,cust_01049,Terracotta Woven Basket,Decor,Casa Bonita,SKU-0043-03,Medium,1,17.85,0,17.85,68.63,EUR,mobile
#1609,2025-10-19,paid,fulfilled,Spain,Madrid,Alcalá de Henares,cust_00240,Marble Cutting Board,Kitchen,Aurora Kitchen,SKU-0002-01,Large,1,13.17,0,13.17,15.94,EUR,web
#3023,2026-03-14,paid,fulfilled,Germany,Bayern,München,cust_00544,Marble Bath Mat,Bath,Pure Bath,SKU-0052-01,,1,31.82,0,31.82,102.25,EUR,web
#3023,2026-03-14,paid,fulfilled,Germany,Bayern,München,cust_00544,Marble Cutting Board,Kitchen,Aurora Kitchen,SKU-0002-02,,4,13.17,0,52.68,102.25,EUR,web
#1779,2025-11-05,paid,fulfilled,Netherlands,Zuid-Holland,Den Haag,cust_00813,Bamboo Picture Frame,Decor,Casa Bonita,SKU-0042-01,Medium,1,32.28,0,32.28,39.06,EUR,web
#3247,2026-04-17,paid,fulfilled,Spain,Cataluña,Girona,cust_00553,Copper Scented Candle,Decor,Casa Bonita,SKU-0045-01,Medium,1,8.24,0,8.24,9.97,EUR,web
#3085,2026-03-22,paid,fulfilled,Spain,Madrid,Madrid,cust_00216,Marble Bath Towel Set,Bath,Pure Bath,SKU-0057-01,Large,1,25.7,0,25.7,31.1,EUR,web
#2317,2025-12-15,paid,fulfilled,Portugal,Porto,Porto,cust_00959,Stone Robe,Bath,Pure Bath,SKU-0055-01,Small,1,27.66,5.18,22.48,119.14,EUR,web
#2317,2025-12-15,paid,fulfilled,Portugal,Porto,Porto,cust_00959,Linen Ceramic Vase,Decor,Casa Bonita,SKU-0041-02,Medium,2,37.99,0,75.98,119.14,EUR,web
#1271,2025-09-08,paid,fulfilled,France,Occitanie,Toulouse,cust_00711,Marble Bath Towel Set,Bath,Pure Bath,SKU-0057-01,,1,25.7,0,25.7,89.21,EUR,web
#1271,2025-09-08,paid,fulfilled,France,Occitanie,Toulouse,cust_00711,Terracotta Wall Mirror,Decor,Casa Bonita,SKU-0048-02,,1,24.68,0,24.68,89.21,EUR,web
#1271,2025-09-08,paid,fulfilled,France,Occitanie,Toulouse,cust_00711,Brass Wall Art Print,Decor,Casa Bonita,SKU-0044-03,,1,23.35,0,23.35,89.21,EUR,web
#3449,2026-05-13,paid,fulfilled,Portugal,Porto,Porto,cust_00266,Linen Ceramic Vase,Decor,Casa Bonita,SKU-0041-01,,1,37.99,0,37.99,45.97,EUR,web
#3745,2026-06-22,paid,fulfilled,Italy,Lombardia,Milano,cust_00191,Walnut Ceramic Bowl Set,Kitchen,Aurora Kitchen,SKU-0013-01,Charcoal,1,41.03,0,41.03,145.79,EUR,web
#3745,2026-06-22,paid,fulfilled,Italy,Lombardia,Milano,cust_00191,Linen Planter Pot,Outdoor,Terra Garden,SKU-0058-02,,1,32.68,0,32.68,145.79,EUR,web
#3745,2026-06-22,paid,fulfilled,Italy,Lombardia,Milano,cust_00191,Terracotta Outdoor Cushion,Outdoor,Terra Garden,SKU-0060-03,Charcoal,2,23.39,0,46.78,145.79,EUR,web
#2134,2025-12-03,paid,fulfilled,Germany,Hamburg,Hamburg,cust_00055,Marble Bath Towel Set,Bath,Pure Bath,SKU-0057-01,,2,25.7,0,51.4,103.88,EUR,pos
#2134,2025-12-03,paid,fulfilled,Germany,Hamburg,Hamburg,cust_00055,Terracotta Outdoor Cushion,Outdoor,Terra Garden,SKU-0060-02,Large,1,23.39,4.13,19.26,103.88,EUR,pos
#2134,2025-12-03,paid,fulfilled,Germany,Hamburg,Hamburg,cust_00055,Copper Wall Mirror,Decor,Casa Bonita,SKU-0040-03,,1,15.19,0,15.19,103.88,EUR,pos
#1143,2025-08-22,paid,fulfilled,Spain,Andalucía,Sevilla,cust_01117,Oak Chef Knife,Kitchen,Aurora Kitchen,SKU-0001-01,Charcoal,2,24.54,0,49.08,220.97,EUR,web
#1143,2025-08-22,paid,fulfilled,Spain,Andalucía,Sevilla,cust_01117,Marble Cotton Sheet Set,Bedding,Nordic Sleep,SKU-0026-02,,2,66.77,0,133.54,220.97,EUR,web
#2111,2025-12-01,paid,fulfilled,Spain,Andalucía,Sevilla,cust_01114,Brass Wall Art Print,Decor,Casa Bonita,SKU-0044-01,,1,23.35,0,23.35,28.25,EUR,web
#2395,2025-12-21,paid,fulfilled,France,Île-de-France,Paris,cust_00046,Bamboo Floor Lamp,Lighting,Lumen Co,SKU-0032-01,Natural,2,46.35,0,92.7,148.27,EUR,web
#2395,2025-12-21,paid,fulfilled,France,Île-de-France,Paris,cust_00046,Bamboo Bookend Pair,Decor,Casa Bonita,SKU-0047-02,Natural,2,14.92,0,29.84,148.27,EUR,web
#1361,2025-09-20,paid,fulfilled,France,Île-de-France,Versailles,cust_00943,Marble Cutting Board,Kitchen,Aurora Kitchen,SKU-0002-01,Charcoal,3,13.17,0,39.51,81.48,EUR,web
#1361,2025-09-20,paid,fulfilled,France,Île-de-France,Versailles,cust_00943,Linen Reading Light,Lighting,Lumen Co,SKU-0036-02,,1,30.35,2.52,27.83,81.48,EUR,web
#2342,2025-12-17,paid,fulfilled,France,Occitanie,Montpellier,cust_00650,Bamboo Garden Lantern,Outdoor,Terra Garden,SKU-0059-01,Medium,1,40.04,0,40.04,87.65,EUR,web
#2342,2025-12-17,paid,fulfilled,France,Occitanie,Montpellier,cust_00650,Linen Ceramic Vase,Decor,Casa Bonita,SKU-0041-02,Small,1,37.99,5.59,32.4,87.65,EUR,web
#1111,2025-08-17,paid,fulfilled,Italy,Lazio,Roma,cust_00341,Bamboo Picture Frame,Decor,Casa Bonita,SKU-0042-01,,2,32.28,0,64.56,78.12,EUR,web
#3657,2026-06-10,paid,fulfilled,France,Provence,Marseille,cust_00637,Stone Serving Platter,Kitchen,Aurora Kitchen,SKU-0010-01,,1,28.1,5.51,22.59,86.68,EUR,web
#3657,2026-06-10,paid,fulfilled,France,Provence,Marseille,cust_00637,Marble Bath Towel Set,Bath,Pure Bath,SKU-0057-02,,1,25.7,0,25.7,86.68,EUR,web
#3657,2026-06-10,paid,fulfilled,France,Provence,Marseille,cust_00637,Brass Wall Art Print,Decor,Casa Bonita,SKU-0044-03,Natural,1,23.35,0,23.35,86.68,EUR,web
#2414,2025-12-22,paid,fulfilled,Netherlands,Zuid-Holland,Rotterdam,cust_00368,Stone Espresso Mug,Kitchen,Aurora Kitchen,SKU-0005-01,,1,17.01,0,17.01,47.9,EUR,web
#2414,2025-12-22,paid,fulfilled,Netherlands,Zuid-Holland,Rotterdam,cust_00368,Ceramic Cast Iron Pan,Kitchen,Aurora Kitchen,SKU-0004-02,,1,22.58,0,22.58,47.9,EUR,web
#1285,2025-09-09,paid,fulfilled,Italy,Lazio,Roma,cust_01083,Terracotta Wall Mirror,Decor,Casa Bonita,SKU-0048-01,Charcoal,1,24.68,0,24.68,29.86,EUR,web
#3208,2026-04-11,paid,fulfilled,Germany,Hamburg,Hamburg,cust_00587,Oak Storage Jar,Kitchen,Aurora Kitchen,SKU-0016-01,Large,1,23.74,1.73,22.01,26.63,EUR,web
#3168,2026-04-06,paid,fulfilled,France,Île-de-France,Versailles,cust_00304,Brass Ceramic Vase,Decor,Casa Bonita,SKU-0049-01,Large,1,16.22,0,16.22,87.75,EUR,web
#3168,2026-04-06,paid,fulfilled,France,Île-de-France,Versailles,cust_00304,Marble Bath Mat,Bath,Pure Bath,SKU-0052-02,,2,31.82,7.34,56.3,87.75,EUR,web
#2494,2025-12-29,paid,fulfilled,Italy,Lombardia,Milano,cust_00843,Walnut Linen Duvet,Bedding,Nordic Sleep,SKU-0017-01,Charcoal,2,44.07,0,88.14,106.65,EUR,web
#1130,2025-08-20,paid,fulfilled,Germany,Hamburg,Hamburg,cust_00479,Bamboo Picture Frame,Decor,Casa Bonita,SKU-0042-01,,1,32.28,0,32.28,91.8,EUR,web
#1130,2025-08-20,paid,fulfilled,Germany,Hamburg,Hamburg,cust_00479,Copper Scented Candle,Decor,Casa Bonita,SKU-0045-02,,2,8.24,1.43,15.05,91.8,EUR,web
#1130,2025-08-20,paid,fulfilled,Germany,Hamburg,Hamburg,cust_00479,Linen Reading Light,Lighting,Lumen Co,SKU-0036-03,,1,30.35,1.81,28.54,91.8,EUR,web
#2606,2026-01-10,paid,fulfilled,Italy,Lazio,Roma,cust_01164,Terracotta Outdoor Cushion,Outdoor,Terra Garden,SKU-0060-01,,2,23.39,0,46.78,86.3,EUR,web
#2606,2026-01-10,paid,fulfilled,Italy,Lazio,Roma,cust_01164,Oak Chef Knife,Kitchen,Aurora Kitchen,SKU-0001-02,Small,1,24.54,0,24.54,86.3,EUR,web
#2431,2025-12-24,paid,fulfilled,Germany,Hamburg,Hamburg,cust_00998,Walnut Wool Throw,Bedding,Nordic Sleep,SKU-0027-01,,4,63.89,0,255.56,377.65,EUR,web
#2431,2025-12-24,paid,fulfilled,Germany,Hamburg,Hamburg,cust_00998,Bamboo Bookend Pair,Decor,Casa Bonita,SKU-0047-02,Medium,2,14.92,5.57,24.27,377.65,EUR,web
#2431,2025-12-24,paid,fulfilled,Germany,Hamburg,Hamburg,cust_00998,Bamboo Picture Frame,Decor,Casa Bonita,SKU-0042-03,,1,32.28,0,32.28,377.65,EUR,web
#1920,2025-11-16,paid,fulfilled,Germany,Hamburg,Hamburg,cust_01171,Bamboo Picture Frame,Decor,Casa Bonita,SKU-0042-01,,2,32.28,0,64.56,78.12,EUR,mobile
#1548,2025-10-13,paid,fulfilled,Portugal,Lisboa,Cascais,cust_00143,Linen Table Runner,Decor,Casa Bonita,SKU-0046-01,,1,22.74,0,22.74,27.52,EUR,web
#3210,2026-04-11,partially_refunded,fulfilled,Spain,Valencia,Valencia,cust_00386,Bamboo Picture Frame,Decor,Casa Bonita,SKU-0042-01,,1,32.28,5.64,26.64,124.39,EUR,web
#3210,2026-04-11,partially_refunded,fulfilled,Spain,Valencia,Valencia,cust_00386,Walnut Mixing Bowl,Kitchen,Aurora Kitchen,SKU-0008-02,,2,38.08,0,76.16,124.39,EUR,web
#3364,2026-05-03,paid,fulfilled,Spain,País Vasco,San Sebastián,cust_00599,Copper Picture Frame,Decor,Casa Bonita,SKU-0050-01,,3,17.19,6.99,44.58,207.19,EUR,mobile
#3364,2026-05-03,paid,fulfilled,Spain,País Vasco,San Sebastián,cust_00599,Walnut Mattress Topper,Bedding,Nordic Sleep,SKU-0022-02,,1,62.76,0,62.76,207.19,EUR,mobile
#3364,2026-05-03,paid,fulfilled,Spain,País Vasco,San Sebastián,cust_00599,Walnut Wool Throw,Bedding,Nordic Sleep,SKU-0027-03,,1,63.89,0,63.89,207.19,EUR,mobile
#3106,2026-03-28,paid,fulfilled,Spain,Madrid,Alcalá de Henares,cust_00727,Marble Cutting Board,Kitchen,Aurora Kitchen,SKU-0002-01,,1,13.17,2.48,10.69,12.93,EUR,web
#2229,2025-12-09,paid,fulfilled,Portugal,Lisboa,Lisboa,cust_00570,Marble Bath Mat,Bath,Pure Bath,SKU-0052-01,,1,31.82,0,31.82,38.5,EUR,web
#3682,2026-06-14,paid,fulfilled,Germany,Hamburg,Hamburg,cust_00778,Terracotta Woven Basket,Decor,Casa Bonita,SKU-0043-01,,3,17.85,0,53.55,64.8,EUR,mobile
#3471,2026-05-16,paid,fulfilled,France,Île-de-France,Versailles,cust_00348,Linen Ceramic Vase,Decor,Casa Bonita,SKU-0041-01,,1,37.99,0,37.99,45.97,EUR,web
#2790,2026-02-09,paid,fulfilled,Spain,Valencia,Alicante,cust_00642,Marble Bath Mat,Bath,Pure Bath,SKU-0052-01,,1,31.82,0,31.82,38.5,EUR,web
#1955,2025-11-19,paid,fulfilled,France,Occitanie,Toulouse,cust_00361,Oak Chef Knife,Kitchen,Aurora Kitchen,SKU-0001-01,Medium,2,24.54,0,49.08,76.86,EUR,web
#1955,2025-11-19,paid,fulfilled,France,Occitanie,Toulouse,cust_00361,Brass Ceramic Vase,Decor,Casa Bonita,SKU-0049-02,,1,16.22,1.78,14.44,76.86,EUR,web
#2408,2025-12-22,paid,fulfilled,Spain,Andalucía,Málaga,cust_00010,Brass Wall Art Print,Decor,Casa Bonita,SKU-0044-01,,1,23.35,3.61,19.74,23.89,EUR,web
#3387,2026-05-05,paid,fulfilled,Spain,Cataluña,Barcelona,cust_00440,Marble Bath Towel Set,Bath,Pure Bath,SKU-0057-01,,1,25.7,0,25.7,58.42,EUR,web
#3387,2026-05-05,paid,fulfilled,Spain,Cataluña,Barcelona,cust_00440,Ceramic Cast Iron Pan,Kitchen,Aurora Kitchen,SKU-0004-02,,1,22.58,0,22.58,58.42,EUR,web
#3535,2026-05-24,paid,fulfilled,Spain,Valencia,Alicante,cust_00023,Bamboo Floor Lamp,Lighting,Lumen Co,SKU-0032-01,,1,46.35,0,46.35,115.47,EUR,web
#3535,2026-05-24,paid,fulfilled,Spain,Valencia,Alicante,cust_00023,Oak Chef Knife,Kitchen,Aurora Kitchen,SKU-0001-02,,2,24.54,0,49.08,115.47,EUR,web
#1725,2025-10-31,paid,fulfilled,Germany,Hamburg,Hamburg,cust_00661,Marble Bath Mat,Bath,Pure Bath,SKU-0052-01,,2,31.82,12.25,51.39,62.18,EUR,web
#1104,2025-08-15,paid,fulfilled,France,Occitanie,Toulouse,cust_00844,Ceramic Weighted Blanket,Bedding,Nordic Sleep,SKU-0023-01,Natural,1,19.09,0,19.09,23.1,EUR,web
#3010,2026-03-13,paid,fulfilled,Spain,Valencia,Alicante,cust_00126,Bamboo Picture Frame,Decor,Casa Bonita,SKU-0042-01,,1,32.28,0,32.28,39.06,EUR,web
#3268,2026-04-19,paid,fulfilled,Netherlands,Noord-Holland,Amsterdam,cust_01101,Bamboo Picture Frame,Decor,Casa Bonita,SKU-0042-01,,1,32.28,0,32.28,66.38,EUR,web
#3268,2026-04-19,paid,fulfilled,Netherlands,Noord-Holland,Amsterdam,cust_01101,Ceramic Cast Iron Pan,Kitchen,Aurora Kitchen,SKU-0004-02,,1,22.58,0,22.58,66.38,EUR,web
#3856,2026-07-08,paid,fulfilled,Spain,Madrid,Madrid,cust_00963,Oak Storage Jar,Kitchen,Aurora Kitchen,SKU-0016-01,,2,23.74,0,47.48,57.45,EUR,web
#2439,2025-12-24,paid,fulfilled,Netherlands,Noord-Holland,Haarlem,cust_00448,Ceramic Cast Iron Pan,Kitchen,Aurora Kitchen,SKU-0004-01,,1,22.58,0,22.58,45.38,EUR,mobile
#2439,2025-12-24,paid,fulfilled,Netherlands,Noord-Holland,Haarlem,cust_00448,Bamboo Bookend Pair,Decor,Casa Bonita,SKU-0047-02,,1,14.92,0,14.92,45.38,EUR,mobile
#1303,2025-09-12,paid,fulfilled,Italy,Lazio,Roma,cust_00388,Bamboo Picture Frame,Decor,Casa Bonita,SKU-0042-01,Medium,1,32.28,2.59,29.69,35.92,EUR,mobile
#3173,2026-04-06,paid,fulfilled,Italy,Lazio,Roma,cust_00384,Bamboo Bookend Pair,Decor,Casa Bonita,SKU-0047-01,,1,14.92,0,14.92,18.05,EUR,web
#1412,2025-09-27,paid,fulfilled,France,Provence,Marseille,cust_00443,Linen Reading Light,Lighting,Lumen Co,SKU-0036-01,,1,30.35,0,30.35,36.72,EUR,web
#2802,2026-02-10,paid,fulfilled,France,Provence,Marseille,cust_00504,Linen Reading Light,Lighting,Lumen Co,SKU-0036-01,,2,30.35,0,60.7,73.45,EUR,web
#3545,2026-05-26,paid,fulfilled,Spain,Madrid,Madrid,cust_00774,Linen Table Runner,Decor,Casa Bonita,SKU-0046-01,,1,22.74,0,22.74,27.52,EUR,web
#3119,2026-03-30,paid,fulfilled,Germany,Hamburg,Hamburg,cust_00394,Brass Candle Holder,Lighting,Lumen Co,SKU-0034-01,Charcoal,2,43.61,0,87.22,144.04,EUR,web
#3119,2026-03-30,paid,fulfilled,Germany,Hamburg,Hamburg,cust_00394,Marble Bath Mat,Bath,Pure Bath,SKU-0052-02,Large,1,31.82,0,31.82,144.04,EUR,web
#3225,2026-04-15,paid,fulfilled,Spain,Galicia,A Coruña,cust_00500,Brass Ceramic Vase,Decor,Casa Bonita,SKU-0049-01,Large,1,16.22,1.15,15.07,18.23,EUR,web
#2003,2025-11-22,paid,fulfilled,Germany,Berlin,Berlin,cust_00828,Terracotta Woven Basket,Decor,Casa Bonita,SKU-0043-01,,3,17.85,0,53.55,64.8,EUR,web
#1313,2025-09-14,paid,fulfilled,Italy,Lombardia,Bergamo,cust_00914,Terracotta Woven Basket,Decor,Casa Bonita,SKU-0043-01,,2,17.85,4.03,31.67,127.59,EUR,web
#1313,2025-09-14,paid,fulfilled,Italy,Lombardia,Bergamo,cust_00914,Stone Quilted Bedspread,Bedding,Nordic Sleep,SKU-0029-02,Small,1,33.99,4.28,29.71,127.59,EUR,web
#1313,2025-09-14,paid,fulfilled,Italy,Lombardia,Bergamo,cust_00914,Walnut Linen Duvet,Bedding,Nordic Sleep,SKU-0017-03,,1,44.07,0,44.07,127.59,EUR,web
#1844,2025-11-10,paid,fulfilled,France,Occitanie,Toulouse,cust_00447,Terracotta Woven Basket,Decor,Casa Bonita,SKU-0043-01,Natural,1,17.85,2.16,15.69,18.98,EUR,web
#1822,2025-11-08,refunded,fulfilled,Germany,Hamburg,Hamburg,cust_00660,Walnut Ceramic Bowl Set,Kitchen,Aurora Kitchen,SKU-0013-01,,1,41.03,0,41.03,49.65,EUR,mobile
#2437,2025-12-24,paid,fulfilled,France,Occitanie,Toulouse,cust_00894,Oak Chef Knife,Kitchen,Aurora Kitchen,SKU-0001-01,Large,2,24.54,0,49.08,59.39,EUR,mobile
#3205,2026-04-11,paid,fulfilled,Netherlands,Zuid-Holland,Rotterdam,cust_00383,Oak Storage Jar,Kitchen,Aurora Kitchen,SKU-0016-01,,2,23.74,0,47.48,98.58,EUR,pos
#3205,2026-04-11,paid,fulfilled,Netherlands,Zuid-Holland,Rotterdam,cust_00383,Stone Quilted Bedspread,Bedding,Nordic Sleep,SKU-0029-02,Natural,1,33.99,0,33.99,98.58,EUR,pos
#2579,2026-01-05,paid,fulfilled,Spain,Valencia,Alicante,cust_00513,Terracotta Wall Sconce,Lighting,Lumen Co,SKU-0033-01,,1,24.53,0,24.53,54.84,EUR,mobile
#2579,2026-01-05,paid,fulfilled,Spain,Valencia,Alicante,cust_00513,Terracotta Outdoor Cushion,Outdoor,Terra Garden,SKU-0060-02,Charcoal,1,23.39,2.6,20.79,54.84,EUR,mobile
#3689,2026-06-15,paid,fulfilled,Portugal,Porto,Braga,cust_01100,Oak Storage Jar,Kitchen,Aurora Kitchen,SKU-0016-01,Small,1,23.74,0,23.74,105.69,EUR,web
#3689,2026-06-15,paid,fulfilled,Portugal,Porto,Braga,cust_01100,Ceramic Cast Iron Pan,Kitchen,Aurora Kitchen,SKU-0004-02,,1,22.58,0,22.58,105.69,EUR,web
#3689,2026-06-15,paid,fulfilled,Portugal,Porto,Braga,cust_01100,Walnut Ceramic Bowl Set,Kitchen,Aurora Kitchen,SKU-0013-03,Charcoal,1,41.03,0,41.03,105.69,EUR,web
#2628,2026-01-13,paid,fulfilled,Italy,Lazio,Roma,cust_01136,Linen Planter Pot,Outdoor,Terra Garden,SKU-0058-01,,1,32.68,4.11,28.57,34.57,EUR,web
#3848,2026-07-06,paid,fulfilled,Spain,País Vasco,Bilbao,cust_01152,Walnut Ceramic Bowl Set,Kitchen,Aurora Kitchen,SKU-0003-01,,1,44.02,0,44.02,53.26,EUR,web
#3604,2026-06-02,paid,fulfilled,Spain,Madrid,Alcalá de Henares,cust_00727,Stone Espresso Mug,Kitchen,Aurora Kitchen,SKU-0005-01,Large,1,17.01,0.96,16.05,72.68,EUR,web
#3604,2026-06-02,paid,fulfilled,Spain,Madrid,Alcalá de Henares,cust_00727,Walnut Ceramic Bowl Set,Kitchen,Aurora Kitchen,SKU-0003-02,,1,44.02,0,44.02,72.68,EUR,web
#3276,2026-04-20,paid,fulfilled,Netherlands,Noord-Holland,Amsterdam,cust_01101,Walnut Linen Duvet,Bedding,Nordic Sleep,SKU-0017-01,,1,44.07,3.79,40.28,193.32,EUR,web
#3276,2026-04-20,paid,fulfilled,Netherlands,Noord-Holland,Amsterdam,cust_01101,Oak Storage Jar,Kitchen,Aurora Kitchen,SKU-0016-02,,4,23.74,0,94.96,193.32,EUR,web
#3276,2026-04-20,paid,fulfilled,Netherlands,Noord-Holland,Amsterdam,cust_01101,Terracotta Wall Sconce,Lighting,Lumen Co,SKU-0033-03,,1,24.53,0,24.53,193.32,EUR,web
#1632,2025-10-21,paid,fulfilled,Spain,País Vasco,Bilbao,cust_00524,Marble Bath Towel Set,Bath,Pure Bath,SKU-0057-01,,2,25.7,0,51.4,62.19,EUR,web
#1061,2025-08-09,paid,fulfilled,France,Île-de-France,Versailles,cust_00420,Linen Table Runner,Decor,Casa Bonita,SKU-0046-01,,1,22.74,0,22.74,64.24,EUR,pos
#1061,2025-08-09,paid,fulfilled,France,Île-de-France,Versailles,cust_00420,Linen Reading Light,Lighting,Lumen Co,SKU-0036-02,,1,30.35,0,30.35,64.24,EUR,pos
#1543,2025-10-13,paid,fulfilled,France,Provence,Nice,cust_00741,Terracotta Woven Basket,Decor,Casa Bonita,SKU-0043-01,,1,17.85,0,17.85,21.6,EUR,web
#1220,2025-09-01,refunded,fulfilled,Portugal,Lisboa,Cascais,cust_00308,Walnut Wool Throw,Bedding,Nordic Sleep,SKU-0027-01,,1,63.89,0,63.89,96.93,EUR,web
#1220,2025-09-01,refunded,fulfilled,Portugal,Lisboa,Cascais,cust_00308,Brass Ceramic Vase,Decor,Casa Bonita,SKU-0049-02,Charcoal,1,16.22,0,16.22,96.93,EUR,web
#1054,2025-08-08,paid,fulfilled,Germany,Hamburg,Hamburg,cust_00470,Walnut Linen Duvet,Bedding,Nordic Sleep,SKU-0017-01,,1,44.07,0,44.07,134.12,EUR,web
#1054,2025-08-08,paid,fulfilled,Germany,Hamburg,Hamburg,cust_00470,Marble Cotton Sheet Set,Bedding,Nordic Sleep,SKU-0026-02,Charcoal,1,66.77,0,66.77,134.12,EUR,web
#3986,2026-07-29,paid,unfulfilled,Portugal,Porto,Braga,cust_00081,Stone Espresso Mug,Kitchen,Aurora Kitchen,SKU-0005-01,,1,17.01,0,17.01,82.45,EUR,web
#3986,2026-07-29,paid,unfulfilled,Portugal,Porto,Braga,cust_00081,Marble Utensil Holder,Kitchen,Aurora Kitchen,SKU-0007-02,,1,17.14,0,17.14,82.45,EUR,web
#3986,2026-07-29,paid,unfulfilled,Portugal,Porto,Braga,cust_00081,Stone Quilted Bedspread,Bedding,Nordic Sleep,SKU-0029-03,,1,33.99,0,33.99,82.45,EUR,web
#3796,2026-06-29,paid,fulfilled,Spain,Valencia,Valencia,cust_00166,Oak Chef Knife,Kitchen,Aurora Kitchen,SKU-0011-01,Medium,1,33.15,0,33.15,40.11,EUR,web
#1424,2025-09-28,paid,fulfilled,Netherlands,Noord-Holland,Haarlem,cust_00748,Oak Bath Towel Set,Bath,Pure Bath,SKU-0051-01,Large,1,25.27,0,25.27,30.58,EUR,web
#1861,2025-11-11,paid,fulfilled,Portugal,Lisboa,Lisboa,cust_00848,Walnut Soap Dispenser,Bath,Pure Bath,SKU-0053-01,,1,31.22,0,31.22,37.78,EUR,pos
#3436,2026-05-12,paid,fulfilled,Spain,Galicia,Vigo,cust_00503,Brass Candle Holder,Lighting,Lumen Co,SKU-0034-01,,1,43.61,5.91,37.7,45.62,EUR,web
#2355,2025-12-18,paid,fulfilled,Germany,Berlin,Berlin,cust_00264,Copper Scented Candle,Decor,Casa Bonita,SKU-0045-01,,2,8.24,3.29,13.19,55.02,EUR,web
#2355,2025-12-18,paid,fulfilled,Germany,Berlin,Berlin,cust_00264,Bamboo Picture Frame,Decor,Casa Bonita,SKU-0042-02,,1,32.28,0,32.28,55.02,EUR,web
#3529,2026-05-23,paid,fulfilled,Spain,Madrid,Alcalá de Henares,cust_00487,Oak Linen Duvet,Bedding,Nordic Sleep,SKU-0025-01,,1,28.38,0,28.38,34.34,EUR,web
#1605,2025-10-19,paid,fulfilled,Italy,Lombardia,Bergamo,cust_00783,Marble Bath Towel Set,Bath,Pure Bath,SKU-0057-01,Small,1,25.7,0,25.7,47.03,EUR,web
#1605,2025-10-19,paid,fulfilled,Italy,Lombardia,Bergamo,cust_00783,Marble Cutting Board,Kitchen,Aurora Kitchen,SKU-0002-02,,1,13.17,0,13.17,47.03,EUR,web
#2847,2026-02-19,paid,fulfilled,Portugal,Lisboa,Lisboa,cust_00848,Terracotta Woven Basket,Decor,Casa Bonita,SKU-0043-01,Medium,1,17.85,1.97,15.88,19.21,EUR,web
#3342,2026-04-30,paid,fulfilled,Italy,Lombardia,Bergamo,cust_00900,Terracotta Outdoor Cushion,Outdoor,Terra Garden,SKU-0060-01,,1,23.39,2.82,20.57,24.89,EUR,web
#2870,2026-02-22,paid,fulfilled,Spain,Valencia,Alicante,cust_00719,Marble Cutting Board,Kitchen,Aurora Kitchen,SKU-0002-01,Small,1,13.17,0,13.17,105.02,EUR,mobile
#2870,2026-02-22,paid,fulfilled,Spain,Valencia,Alicante,cust_00719,Oak Chef Knife,Kitchen,Aurora Kitchen,SKU-0001-02,,3,24.54,0,73.62,105.02,EUR,mobile
#3740,2026-06-22,paid,fulfilled,Spain,Andalucía,Sevilla,cust_00248,Stone Espresso Mug,Kitchen,Aurora Kitchen,SKU-0005-01,,3,17.01,0,51.03,61.75,EUR,mobile
#3433,2026-05-12,paid,fulfilled,Portugal,Lisboa,Lisboa,cust_00288,Terracotta Wall Mirror,Decor,Casa Bonita,SKU-0048-01,,1,24.68,0,24.68,96.18,EUR,web
#3433,2026-05-12,paid,fulfilled,Portugal,Lisboa,Lisboa,cust_00288,Copper Table Lamp,Lighting,Lumen Co,SKU-0030-02,,1,31.58,2.47,29.11,96.18,EUR,web
#3433,2026-05-12,paid,fulfilled,Portugal,Lisboa,Lisboa,cust_00288,Marble Bath Towel Set,Bath,Pure Bath,SKU-0057-03,,1,25.7,0,25.7,96.18,EUR,web
#2542,2025-12-31,paid,fulfilled,Portugal,Porto,Braga,cust_01150,Terracotta Outdoor Cushion,Outdoor,Terra Garden,SKU-0060-01,,1,23.39,2.86,20.53,44.44,EUR,web
#2542,2025-12-31,paid,fulfilled,Portugal,Porto,Braga,cust_01150,Terracotta Woven Basket,Decor,Casa Bonita,SKU-0043-02,Large,1,17.85,1.65,16.2,44.44,EUR,web
#2586,2026-01-06,refunded,fulfilled,France,Occitanie,Toulouse,cust_00734,Terracotta Outdoor Cushion,Outdoor,Terra Garden,SKU-0060-01,Natural,1,23.39,0,23.39,66.39,EUR,web
#2586,2026-01-06,refunded,fulfilled,France,Occitanie,Toulouse,cust_00734,Terracotta Pendant Light,Lighting,Lumen Co,SKU-0038-02,Charcoal,1,38.48,7,31.48,66.39,EUR,web
#1738,2025-11-01,paid,fulfilled,France,Occitanie,Toulouse,cust_00583,Ceramic Cast Iron Pan,Kitchen,Aurora Kitchen,SKU-0014-01,,1,40.12,0,40.12,48.55,EUR,web
#3602,2026-06-02,paid,fulfilled,Netherlands,Zuid-Holland,Rotterdam,cust_00331,Ceramic Shower Curtain,Bath,Pure Bath,SKU-0054-01,,1,32.3,1.74,30.56,36.98,EUR,web
#3976,2026-07-27,paid,partial,Italy,Lombardia,Bergamo,cust_00714,Oak Chef Knife,Kitchen,Aurora Kitchen,SKU-0001-01,,1,24.54,0,24.54,29.69,EUR,web
#1042,2025-08-06,paid,fulfilled,France,Occitanie,Toulouse,cust_00732,Marble Bath Towel Set,Bath,Pure Bath,SKU-0057-01,,2,25.7,0,51.4,114.93,EUR,web
#1042,2025-08-06,paid,fulfilled,France,Occitanie,Toulouse,cust_00732,Ceramic Pillow Case Pair,Bedding,Nordic Sleep,SKU-0028-02,Small,1,43.58,0,43.58,114.93,EUR,web
#1418,2025-09-27,paid,fulfilled,France,Île-de-France,Versailles,cust_00304,Ceramic Cast Iron Pan,Kitchen,Aurora Kitchen,SKU-0004-01,Small,1,22.58,0,22.58,188.6,EUR,pos
#1418,2025-09-27,paid,fulfilled,France,Île-de-France,Versailles,cust_00304,Terracotta Pendant Light,Lighting,Lumen Co,SKU-0038-02,,1,38.48,0,38.48,188.6,EUR,pos
#1418,2025-09-27,paid,fulfilled,France,Île-de-France,Versailles,cust_00304,Linen Ceramic Vase,Decor,Casa Bonita,SKU-0041-03,,3,37.99,19.16,94.81,188.6,EUR,pos
#3380,2026-05-05,partially_refunded,fulfilled,France,Île-de-France,Paris,cust_00580,Marble Bath Mat,Bath,Pure Bath,SKU-0052-01,,1,31.82,0,31.82,38.5,EUR,web
#2607,2026-01-10,paid,fulfilled,Italy,Lombardia,Milano,cust_00933,Marble Bath Mat,Bath,Pure Bath,SKU-0052-01,Medium,1,31.82,0,31.82,38.5,EUR,web
#3078,2026-03-22,paid,fulfilled,Germany,Berlin,Berlin,cust_00828,Walnut Ceramic Bowl Set,Kitchen,Aurora Kitchen,SKU-0003-01,Large,2,44.02,0,88.04,106.53,EUR,web
#2370,2025-12-20,paid,fulfilled,Netherlands,Noord-Holland,Haarlem,cust_00336,Marble Bath Towel Set,Bath,Pure Bath,SKU-0057-01,,1,25.7,0,25.7,47.03,EUR,web
#2370,2025-12-20,paid,fulfilled,Netherlands,Noord-Holland,Haarlem,cust_00336,Marble Cutting Board,Kitchen,Aurora Kitchen,SKU-0002-02,,1,13.17,0,13.17,47.03,EUR,web
#3442,2026-05-13,paid,fulfilled,Spain,Galicia,A Coruña,cust_00839,Ceramic Cast Iron Pan,Kitchen,Aurora Kitchen,SKU-0004-01,Natural,2,22.58,0,45.16,54.64,EUR,web
#1242,2025-09-04,paid,fulfilled,Netherlands,Noord-Holland,Haarlem,cust_00232,Bamboo Bookend Pair,Decor,Casa Bonita,SKU-0047-01,,1,14.92,0,14.92,93.99,EUR,web
#1242,2025-09-04,paid,fulfilled,Netherlands,Noord-Holland,Haarlem,cust_00232,Walnut Mattress Topper,Bedding,Nordic Sleep,SKU-0022-02,,1,62.76,0,62.76,93.99,EUR,web
#3508,2026-05-21,paid,fulfilled,Portugal,Porto,Porto,cust_00972,Marble Cutting Board,Kitchen,Aurora Kitchen,SKU-0002-01,Natural,2,13.17,0,26.34,49.13,EUR,mobile
#3508,2026-05-21,paid,fulfilled,Portugal,Porto,Porto,cust_00972,Brass Ceramic Vase,Decor,Casa Bonita,SKU-0049-02,,1,16.22,1.96,14.26,49.13,EUR,mobile
#3808,2026-06-30,paid,fulfilled,Spain,Cataluña,Barcelona,cust_00638,Copper Scented Candle,Decor,Casa Bonita,SKU-0045-01,,4,8.24,0,32.96,73.88,EUR,web
#3808,2026-06-30,paid,fulfilled,Spain,Cataluña,Barcelona,cust_00638,Stone Serving Platter,Kitchen,Aurora Kitchen,SKU-0010-02,Medium,1,28.1,0,28.1,73.88,EUR,web
#1485,2025-10-06,paid,fulfilled,Germany,Hamburg,Hamburg,cust_00302,Bamboo Picture Frame,Decor,Casa Bonita,SKU-0042-01,,1,32.28,0,32.28,39.06,EUR,web
#2648,2026-01-17,paid,fulfilled,Portugal,Lisboa,Cascais,cust_00625,Ceramic Pillow Case Pair,Bedding,Nordic Sleep,SKU-0028-01,,2,43.58,0,87.16,162.07,EUR,web
#2648,2026-01-17,paid,fulfilled,Portugal,Lisboa,Cascais,cust_00625,Terracotta Outdoor Cushion,Outdoor,Terra Garden,SKU-0060-02,Small,2,23.39,0,46.78,162.07,EUR,web
#1478,2025-10-05,paid,fulfilled,Germany,Hamburg,Hamburg,cust_00999,Walnut Mixing Bowl,Kitchen,Aurora Kitchen,SKU-0008-01,,1,38.08,0,38.08,246.49,EUR,web
#1478,2025-10-05,paid,fulfilled,Germany,Hamburg,Hamburg,cust_00999,Terracotta Outdoor Cushion,Outdoor,Terra Garden,SKU-0060-02,,3,23.39,0,70.17,246.49,EUR,web
#1478,2025-10-05,paid,fulfilled,Germany,Hamburg,Hamburg,cust_00999,Marble Bath Mat,Bath,Pure Bath,SKU-0052-03,,3,31.82,0,95.46,246.49,EUR,web
#3260,2026-04-19,partially_refunded,fulfilled,Spain,Andalucía,Málaga,cust_00824,Marble Bath Mat,Bath,Pure Bath,SKU-0052-01,Small,2,31.82,0,63.64,77,EUR,web
#2362,2025-12-19,paid,fulfilled,Portugal,Lisboa,Cascais,cust_00907,Ceramic Tea Kettle,Kitchen,Aurora Kitchen,SKU-0009-01,Natural,2,13.93,0,27.86,86.97,EUR,web
#2362,2025-12-19,paid,fulfilled,Portugal,Lisboa,Cascais,cust_00907,Walnut Ceramic Bowl Set,Kitchen,Aurora Kitchen,SKU-0003-02,,1,44.02,0,44.02,86.97,EUR,web
#2893,2026-02-26,paid,fulfilled,Italy,Lazio,Roma,cust_00152,Marble Bath Mat,Bath,Pure Bath,SKU-0052-01,Charcoal,1,31.82,0,31.82,114.16,EUR,web
#2893,2026-02-26,paid,fulfilled,Italy,Lazio,Roma,cust_00152,Bamboo Garden Lantern,Outdoor,Terra Garden,SKU-0059-02,,1,40.04,3.21,36.83,114.16,EUR,web
#2893,2026-02-26,paid,fulfilled,Italy,Lazio,Roma,cust_00152,Marble Bath Towel Set,Bath,Pure Bath,SKU-0057-03,,1,25.7,0,25.7,114.16,EUR,web
#3448,2026-05-13,paid,fulfilled,Portugal,Porto,Braga,cust_01100,Bamboo Picture Frame,Decor,Casa Bonita,SKU-0042-01,,1,32.28,0,32.28,39.06,EUR,web
#1384,2025-09-23,paid,fulfilled,France,Île-de-France,Paris,cust_00648,Bamboo Bookend Pair,Decor,Casa Bonita,SKU-0047-01,,1,14.92,0,14.92,18.05,EUR,web
#1021,2025-08-03,paid,fulfilled,Spain,Cataluña,Girona,cust_00228,Linen Reading Light,Lighting,Lumen Co,SKU-0036-01,,2,30.35,0,60.7,73.45,EUR,web
#3701,2026-06-17,paid,fulfilled,Italy,Lazio,Roma,cust_00978,Oak Linen Duvet,Bedding,Nordic Sleep,SKU-0025-01,,4,28.38,0,113.52,137.36,EUR,web
#3088,2026-03-23,paid,fulfilled,Spain,Andalucía,Sevilla,cust_00495,Terracotta Outdoor Cushion,Outdoor,Terra Garden,SKU-0060-01,Large,1,23.39,3.91,19.48,23.57,EUR,web
#1073,2025-08-11,paid,fulfilled,France,Île-de-France,Versailles,cust_00304,Copper Picture Frame,Decor,Casa Bonita,SKU-0050-01,,1,17.19,0,17.19,20.8,EUR,web
#1295,2025-09-11,paid,fulfilled,Portugal,Lisboa,Lisboa,cust_00342,Bamboo Bookend Pair,Decor,Casa Bonita,SKU-0047-01,Charcoal,1,14.92,1.9,13.02,15.75,EUR,web
#2609,2026-01-10,partially_refunded,fulfilled,Italy,Lazio,Roma,cust_01045,Terracotta Wall Sconce,Lighting,Lumen Co,SKU-0033-01,,1,24.53,0,24.53,29.68,EUR,web
#1921,2025-11-16,partially_refunded,fulfilled,Spain,País Vasco,San Sebastián,cust_00275,Terracotta Woven Basket,Decor,Casa Bonita,SKU-0043-01,Charcoal,1,17.85,0,17.85,21.6,EUR,web
#1334,2025-09-17,paid,fulfilled,Netherlands,Zuid-Holland,Den Haag,cust_00957,Stone Robe,Bath,Pure Bath,SKU-0055-01,Natural,1,27.66,0,27.66,97.57,EUR,web
#1334,2025-09-17,paid,fulfilled,Netherlands,Zuid-Holland,Den Haag,cust_00957,Brass Floor Lamp,Lighting,Lumen Co,SKU-0039-02,,1,57.5,4.52,52.98,97.57,EUR,web
#1714,2025-10-29,paid,fulfilled,Germany,Hamburg,Hamburg,cust_00661,Bamboo Picture Frame,Decor,Casa Bonita,SKU-0042-01,,1,32.28,0,32.28,39.06,EUR,web
#3495,2026-05-20,paid,fulfilled,Germany,Berlin,Berlin,cust_00369,Terracotta Woven Basket,Decor,Casa Bonita,SKU-0043-01,,1,17.85,3.29,14.56,17.62,EUR,web
#1442,2025-10-01,paid,fulfilled,Netherlands,Noord-Holland,Haarlem,cust_00656,Stone Robe,Bath,Pure Bath,SKU-0055-01,,1,27.66,0,27.66,33.47,EUR,web
#2882,2026-02-24,paid,fulfilled,Italy,Lombardia,Milano,cust_00235,Linen Reading Light,Lighting,Lumen Co,SKU-0036-01,,1,30.35,0,30.35,36.72,EUR,web
#2886,2026-02-25,paid,fulfilled,Portugal,Lisboa,Lisboa,cust_00570,Bamboo Bookend Pair,Decor,Casa Bonita,SKU-0047-01,,1,14.92,0,14.92,18.05,EUR,web
#3192,2026-04-09,paid,fulfilled,Netherlands,Zuid-Holland,Rotterdam,cust_00281,Brass Wall Art Print,Decor,Casa Bonita,SKU-0044-01,Charcoal,2,23.35,0,46.7,56.51,EUR,web
#3719,2026-06-19,paid,fulfilled,France,Occitanie,Montpellier,cust_00548,Ceramic Cast Iron Pan,Kitchen,Aurora Kitchen,SKU-0014-01,,1,40.12,0,40.12,152.4,EUR,web
#3719,2026-06-19,paid,fulfilled,France,Occitanie,Montpellier,cust_00548,Terracotta Woven Basket,Decor,Casa Bonita,SKU-0043-02,Charcoal,1,17.85,0,17.85,152.4,EUR,web
#3719,2026-06-19,paid,fulfilled,France,Occitanie,Montpellier,cust_00548,Stone Quilted Bedspread,Bedding,Nordic Sleep,SKU-0029-03,,2,33.99,0,67.98,152.4,EUR,web
#1741,2025-11-01,paid,fulfilled,France,Île-de-France,Paris,cust_00204,Walnut Ceramic Bowl Set,Kitchen,Aurora Kitchen,SKU-0003-01,,1,44.02,0,44.02,53.26,EUR,web
#3033,2026-03-15,paid,fulfilled,Italy,Lazio,Roma,cust_00092,Bamboo Table Lamp,Lighting,Lumen Co,SKU-0037-01,,1,39.74,0,39.74,86.99,EUR,web
#3033,2026-03-15,paid,fulfilled,Italy,Lazio,Roma,cust_00092,Stone Quilted Bedspread,Bedding,Nordic Sleep,SKU-0029-02,,1,33.99,1.84,32.15,86.99,EUR,web
#3724,2026-06-20,paid,fulfilled,Italy,Lombardia,Milano,cust_00254,Stone Robe,Bath,Pure Bath,SKU-0055-01,Natural,1,27.66,0,27.66,33.47,EUR,web
#1026,2025-08-05,paid,fulfilled,Portugal,Porto,Porto,cust_00158,Bamboo Floor Lamp,Lighting,Lumen Co,SKU-0032-01,,2,46.35,0,92.7,143.39,EUR,web
#1026,2025-08-05,paid,fulfilled,Portugal,Porto,Porto,cust_00158,Marble Bath Mat,Bath,Pure Bath,SKU-0052-02,Medium,1,31.82,6.02,25.8,143.39,EUR,web
#1386,2025-09-23,refunded,fulfilled,France,Occitanie,Toulouse,cust_00022,Oak Vanity Tray,Bath,Pure Bath,SKU-0056-01,,1,24.8,0,24.8,89.43,EUR,web
#1386,2025-09-23,refunded,fulfilled,France,Occitanie,Toulouse,cust_00022,Bamboo Bookend Pair,Decor,Casa Bonita,SKU-0047-02,Large,1,14.92,1.51,13.41,89.43,EUR,web
#1386,2025-09-23,refunded,fulfilled,France,Occitanie,Toulouse,cust_00022,Terracotta Woven Basket,Decor,Casa Bonita,SKU-0043-03,,2,17.85,0,35.7,89.43,EUR,web
#2396,2025-12-21,paid,fulfilled,Germany,Hamburg,Hamburg,cust_00661,Marble Cotton Sheet Set,Bedding,Nordic Sleep,SKU-0026-01,Medium,1,66.77,8.81,57.96,111.26,EUR,web
#2396,2025-12-21,paid,fulfilled,Germany,Hamburg,Hamburg,cust_00661,Stone Quilted Bedspread,Bedding,Nordic Sleep,SKU-0029-02,,1,33.99,0,33.99,111.26,EUR,web
#3136,2026-04-02,paid,fulfilled,Germany,Berlin,Berlin,cust_01005,Brass Wall Art Print,Decor,Casa Bonita,SKU-0044-01,,1,23.35,0,23.35,101.7,EUR,web
#3136,2026-04-02,paid,fulfilled,Germany,Berlin,Berlin,cust_01005,Linen Reading Light,Lighting,Lumen Co,SKU-0036-02,Medium,2,30.35,0,60.7,101.7,EUR,web
#3206,2026-04-11,paid,fulfilled,Netherlands,Zuid-Holland,Rotterdam,cust_00281,Marble Cutting Board,Kitchen,Aurora Kitchen,SKU-0002-01,,1,13.17,0,13.17,134,EUR,mobile
#3206,2026-04-11,paid,fulfilled,Netherlands,Zuid-Holland,Rotterdam,cust_00281,Walnut Ceramic Bowl Set,Kitchen,Aurora Kitchen,SKU-0003-02,,1,44.02,0,44.02,134,EUR,mobile
#3206,2026-04-11,paid,fulfilled,Netherlands,Zuid-Holland,Rotterdam,cust_00281,Terracotta Woven Basket,Decor,Casa Bonita,SKU-0043-03,,3,17.85,0,53.55,134,EUR,mobile
#1853,2025-11-10,paid,fulfilled,France,Île-de-France,Versailles,cust_00304,Walnut Wool Throw,Bedding,Nordic Sleep,SKU-0027-01,Charcoal,1,63.89,0,63.89,77.31,EUR,web
#3707,2026-06-18,paid,fulfilled,Spain,Madrid,Alcalá de Henares,cust_00487,Bamboo Floor Lamp,Lighting,Lumen Co,SKU-0032-01,,1,46.35,0,46.35,56.08,EUR,web
#1520,2025-10-11,paid,fulfilled,Portugal,Lisboa,Cascais,cust_01196,Brass Wall Art Print,Decor,Casa Bonita,SKU-0044-01,Charcoal,1,23.35,4.42,18.93,36.7,EUR,web
#1520,2025-10-11,paid,fulfilled,Portugal,Lisboa,Cascais,cust_01196,Ceramic Tea Kettle,Kitchen,Aurora Kitchen,SKU-0009-02,,1,13.93,2.53,11.4,36.7,EUR,web
#1721,2025-10-30,paid,fulfilled,Spain,Andalucía,Sevilla,cust_01114,Marble Bath Towel Set,Bath,Pure Bath,SKU-0057-01,,4,25.7,0,102.8,142.44,EUR,mobile
#1721,2025-10-30,paid,fulfilled,Spain,Andalucía,Sevilla,cust_01114,Bamboo Bookend Pair,Decor,Casa Bonita,SKU-0047-02,,1,14.92,0,14.92,142.44,EUR,mobile
#2552,2026-01-02,paid,fulfilled,Spain,Cataluña,Barcelona,cust_00068,Oak Storage Jar,Kitchen,Aurora Kitchen,SKU-0016-01,Medium,1,23.74,0,23.74,69.1,EUR,web
#2552,2026-01-02,paid,fulfilled,Spain,Cataluña,Barcelona,cust_00068,Walnut Ceramic Bowl Set,Kitchen,Aurora Kitchen,SKU-0013-02,Small,1,41.03,7.66,33.37,69.1,EUR,web
#3582,2026-05-30,paid,fulfilled,Netherlands,Zuid-Holland,Rotterdam,cust_00131,Linen Reading Light,Lighting,Lumen Co,SKU-0036-01,Large,2,30.35,0,60.7,73.45,EUR,pos
#1811,2025-11-08,paid,fulfilled,Germany,Hamburg,Hamburg,cust_00263,Oak Bath Towel Set,Bath,Pure Bath,SKU-0051-01,Charcoal,1,25.27,3.77,21.5,131.83,EUR,web
#1811,2025-11-08,paid,fulfilled,Germany,Hamburg,Hamburg,cust_00263,Brass Wall Art Print,Decor,Casa Bonita,SKU-0044-02,,1,23.35,0,23.35,131.83,EUR,web
#1811,2025-11-08,paid,fulfilled,Germany,Hamburg,Hamburg,cust_00263,Marble Bath Mat,Bath,Pure Bath,SKU-0052-03,Charcoal,1,31.82,0,31.82,131.83,EUR,web
#1811,2025-11-08,paid,fulfilled,Germany,Hamburg,Hamburg,cust_00263,Bamboo Picture Frame,Decor,Casa Bonita,SKU-0042-04,,1,32.28,0,32.28,131.83,EUR,web
#3589,2026-05-31,paid,fulfilled,Germany,Berlin,Berlin,cust_01005,Marble Bath Towel Set,Bath,Pure Bath,SKU-0057-01,Small,1,25.7,0,25.7,60.79,EUR,web
#3589,2026-05-31,paid,fulfilled,Germany,Berlin,Berlin,cust_01005,Oak Chef Knife,Kitchen,Aurora Kitchen,SKU-0001-02,,1,24.54,0,24.54,60.79,EUR,web
#2964,2026-03-06,paid,fulfilled,Spain,Andalucía,Málaga,cust_00114,Terracotta Woven Basket,Decor,Casa Bonita,SKU-0043-01,,1,17.85,0,17.85,55.71,EUR,web
#2964,2026-03-06,paid,fulfilled,Spain,Andalucía,Málaga,cust_00114,Marble Bath Mat,Bath,Pure Bath,SKU-0052-02,,1,31.82,3.63,28.19,55.71,EUR,web
#2295,2025-12-14,paid,fulfilled,Spain,Madrid,Alcalá de Henares,cust_00074,Marble Bath Mat,Bath,Pure Bath,SKU-0052-01,,1,31.82,5.31,26.51,81.24,EUR,web
#2295,2025-12-14,paid,fulfilled,Spain,Madrid,Alcalá de Henares,cust_00074,Copper String Lights,Lighting,Lumen Co,SKU-0035-02,,1,40.63,0,40.63,81.24,EUR,web
#3319,2026-04-26,paid,fulfilled,Spain,Cataluña,Girona,cust_00811,Marble Cutting Board,Kitchen,Aurora Kitchen,SKU-0002-01,,2,13.17,0,26.34,31.87,EUR,web
#3354,2026-05-02,paid,fulfilled,Germany,Hamburg,Hamburg,cust_01144,Stone Espresso Mug,Kitchen,Aurora Kitchen,SKU-0015-01,,1,20.8,0,20.8,25.17,EUR,web
#1383,2025-09-23,paid,fulfilled,Germany,Hamburg,Hamburg,cust_00302,Walnut Mixing Bowl,Kitchen,Aurora Kitchen,SKU-0008-01,Small,2,38.08,0,76.16,156.8,EUR,web
#1383,2025-09-23,paid,fulfilled,Germany,Hamburg,Hamburg,cust_00302,Walnut Wool Throw,Bedding,Nordic Sleep,SKU-0027-02,,1,63.89,10.46,53.43,156.8,EUR,web
#3164,2026-04-05,paid,fulfilled,Germany,Hamburg,Hamburg,cust_01175,Bamboo Garden Lantern,Outdoor,Terra Garden,SKU-0059-01,Natural,3,40.04,0,120.12,145.35,EUR,pos
#1075,2025-08-11,paid,fulfilled,Spain,Valencia,Alicante,cust_00513,Marble Bath Towel Set,Bath,Pure Bath,SKU-0057-01,Large,1,25.7,0,25.7,31.1,EUR,web
#3893,2026-07-13,paid,fulfilled,France,Île-de-France,Versailles,cust_00027,Marble Bath Mat,Bath,Pure Bath,SKU-0052-01,,1,31.82,0,31.82,38.5,EUR,web
#3615,2026-06-03,paid,fulfilled,Spain,Andalucía,Málaga,cust_00010,Terracotta Outdoor Cushion,Outdoor,Terra Garden,SKU-0060-01,,2,23.39,0,46.78,190.47,EUR,web
#3615,2026-06-03,paid,fulfilled,Spain,Andalucía,Málaga,cust_00010,Bamboo Bookend Pair,Decor,Casa Bonita,SKU-0047-02,,1,14.92,0,14.92,190.47,EUR,web
#3615,2026-06-03,paid,fulfilled,Spain,Andalucía,Málaga,cust_00010,Marble Bath Mat,Bath,Pure Bath,SKU-0052-03,,1,31.82,0,31.82,190.47,EUR,web
#3615,2026-06-03,paid,fulfilled,Spain,Andalucía,Málaga,cust_00010,Walnut Wool Throw,Bedding,Nordic Sleep,SKU-0027-04,Natural,1,63.89,0,63.89,190.47,EUR,web
#2636,2026-01-14,paid,fulfilled,Germany,Hamburg,Hamburg,cust_00032,Walnut Soap Dispenser,Bath,Pure Bath,SKU-0053-01,Large,1,31.22,0,31.22,37.78,EUR,web
#1972,2025-11-20,paid,fulfilled,Spain,País Vasco,Bilbao,cust_01106,Bamboo Picture Frame,Decor,Casa Bonita,SKU-0042-01,Small,3,32.28,15.73,81.11,98.14,EUR,pos
#2284,2025-12-13,paid,fulfilled,France,Occitanie,Toulouse,cust_00316,Terracotta Wall Mirror,Decor,Casa Bonita,SKU-0048-01,Small,2,24.68,8.45,40.91,109.96,EUR,web
#2284,2025-12-13,paid,fulfilled,France,Occitanie,Toulouse,cust_00316,Walnut Mixing Bowl,Kitchen,Aurora Kitchen,SKU-0008-02,,1,38.08,0,38.08,109.96,EUR,web
#2284,2025-12-13,paid,fulfilled,France,Occitanie,Toulouse,cust_00316,Marble Cutting Board,Kitchen,Aurora Kitchen,SKU-0002-03,,1,13.17,1.28,11.89,109.96,EUR,web
#1778,2025-11-05,paid,fulfilled,Germany,Bayern,Nürnberg,cust_00265,Ceramic Cast Iron Pan,Kitchen,Aurora Kitchen,SKU-0004-01,,1,22.58,0,22.58,27.32,EUR,web
#3880,2026-07-12,paid,partial,Spain,Galicia,A Coruña,cust_00272,Walnut Soap Dispenser,Bath,Pure Bath,SKU-0053-01,,1,31.22,0,31.22,37.78,EUR,web
#2136,2025-12-03,paid,fulfilled,Spain,País Vasco,Bilbao,cust_00315,Copper Wall Mirror,Decor,Casa Bonita,SKU-0040-01,Natural,1,15.19,0,15.19,18.38,EUR,mobile
#3139,2026-04-02,paid,fulfilled,France,Occitanie,Montpellier,cust_00861,Marble Cutting Board,Kitchen,Aurora Kitchen,SKU-0002-01,,2,13.17,0,26.34,31.87,EUR,web
#3552,2026-05-27,paid,fulfilled,Netherlands,Noord-Holland,Haarlem,cust_00210,Ceramic Tea Kettle,Kitchen,Aurora Kitchen,SKU-0009-01,Natural,3,13.93,0,41.79,112.76,EUR,web
#3552,2026-05-27,paid,fulfilled,Netherlands,Noord-Holland,Haarlem,cust_00210,Marble Bath Towel Set,Bath,Pure Bath,SKU-0057-02,Small,2,25.7,0,51.4,112.76,EUR,web
#1619,2025-10-20,paid,fulfilled,France,Île-de-France,Versailles,cust_00442,Linen Table Runner,Decor,Casa Bonita,SKU-0046-01,,1,22.74,0,22.74,27.52,EUR,pos
#2937,2026-03-03,paid,fulfilled,Spain,Andalucía,Sevilla,cust_01114,Oak Chef Knife,Kitchen,Aurora Kitchen,SKU-0011-01,,2,33.15,0,66.3,80.22,EUR,mobile
#1875,2025-11-12,paid,fulfilled,Spain,Madrid,Alcalá de Henares,cust_00074,Marble Bath Towel Set,Bath,Pure Bath,SKU-0057-01,Medium,1,25.7,0,25.7,108.4,EUR,web
#1875,2025-11-12,paid,fulfilled,Spain,Madrid,Alcalá de Henares,cust_00074,Walnut Wool Throw,Bedding,Nordic Sleep,SKU-0027-02,,1,63.89,0,63.89,108.4,EUR,web
#1409,2025-09-26,paid,fulfilled,Spain,País Vasco,Bilbao,cust_00461,Marble Bath Towel Set,Bath,Pure Bath,SKU-0057-01,,1,25.7,0,25.7,31.1,EUR,web
#1767,2025-11-04,paid,fulfilled,Germany,Hamburg,Hamburg,cust_00039,Brass Wall Art Print,Decor,Casa Bonita,SKU-0044-01,,2,23.35,5.55,41.15,138.87,EUR,web
#1767,2025-11-04,paid,fulfilled,Germany,Hamburg,Hamburg,cust_00039,Oak Chef Knife,Kitchen,Aurora Kitchen,SKU-0001-02,,3,24.54,0,73.62,138.87,EUR,web
#3280,2026-04-20,paid,fulfilled,Spain,Cataluña,Girona,cust_00949,Linen Planter Pot,Outdoor,Terra Garden,SKU-0058-01,,1,32.68,0,32.68,96.05,EUR,web
#3280,2026-04-20,paid,fulfilled,Spain,Cataluña,Girona,cust_00949,Brass Wall Art Print,Decor,Casa Bonita,SKU-0044-02,,2,23.35,0,46.7,96.05,EUR,web
#2002,2025-11-22,paid,fulfilled,France,Provence,Nice,cust_00514,Copper Wall Mirror,Decor,Casa Bonita,SKU-0040-01,,1,15.19,0,15.19,94.27,EUR,web
#2002,2025-11-22,paid,fulfilled,France,Provence,Nice,cust_00514,Ceramic Weighted Blanket,Bedding,Nordic Sleep,SKU-0023-02,,2,19.09,0,38.18,94.27,EUR,web
#2002,2025-11-22,paid,fulfilled,France,Provence,Nice,cust_00514,Oak Chef Knife,Kitchen,Aurora Kitchen,SKU-0001-03,,1,24.54,0,24.54,94.27,EUR,web
#2891,2026-02-26,refunded,fulfilled,Spain,Madrid,Madrid,cust_00631,Walnut Linen Duvet,Bedding,Nordic Sleep,SKU-0017-01,,3,44.07,0,132.21,308.44,EUR,web
#2891,2026-02-26,refunded,fulfilled,Spain,Madrid,Madrid,cust_00631,Stone Quilted Bedspread,Bedding,Nordic Sleep,SKU-0029-02,,1,33.99,0,33.99,308.44,EUR,web
#2891,2026-02-26,refunded,fulfilled,Spain,Madrid,Madrid,cust_00631,Linen Planter Pot,Outdoor,Terra Garden,SKU-0058-03,Natural,2,32.68,0,65.36,308.44,EUR,web
#2891,2026-02-26,refunded,fulfilled,Spain,Madrid,Madrid,cust_00631,Brass Wall Art Print,Decor,Casa Bonita,SKU-0044-04,,1,23.35,0,23.35,308.44,EUR,web
#3800,2026-06-29,paid,fulfilled,Germany,Hamburg,Hamburg,cust_00302,Marble Bath Towel Set,Bath,Pure Bath,SKU-0057-01,,1,25.7,0,25.7,31.1,EUR,web
#2471,2025-12-27,paid,fulfilled,Germany,Bayern,Nürnberg,cust_01074,Walnut Wool Throw,Bedding,Nordic Sleep,SKU-0027-01,,2,63.89,0,127.78,185.71,EUR,web
#2471,2025-12-27,paid,fulfilled,Germany,Bayern,Nürnberg,cust_01074,Marble Bath Towel Set,Bath,Pure Bath,SKU-0057-02,,1,25.7,0,25.7,185.71,EUR,web
#1736,2025-11-01,paid,fulfilled,France,Île-de-France,Versailles,cust_00379,Terracotta Woven Basket,Decor,Casa Bonita,SKU-0043-01,Small,1,17.85,0,17.85,21.6,EUR,mobile
#2755,2026-02-03,paid,fulfilled,Italy,Lazio,Roma,cust_00790,Terracotta Pendant Light,Lighting,Lumen Co,SKU-0038-01,,1,38.48,0,38.48,46.56,EUR,web
#3971,2026-07-26,paid,fulfilled,Spain,Madrid,Madrid,cust_00311,Marble Bath Towel Set,Bath,Pure Bath,SKU-0057-01,,1,25.7,4.76,20.94,56.77,EUR,mobile
#3971,2026-07-26,paid,fulfilled,Spain,Madrid,Madrid,cust_00311,Bamboo Picture Frame,Decor,Casa Bonita,SKU-0042-02,Large,1,32.28,6.3,25.98,56.77,EUR,mobile
#3107,2026-03-28,paid,fulfilled,Spain,Madrid,Madrid,cust_01095,Terracotta Outdoor Cushion,Outdoor,Terra Garden,SKU-0060-01,,1,23.39,0,23.39,28.3,EUR,mobile
#1795,2025-11-07,refunded,fulfilled,Spain,Galicia,Vigo,cust_00802,Bamboo Bookend Pair,Decor,Casa Bonita,SKU-0047-01,Large,1,14.92,0,14.92,68.09,EUR,web
#1795,2025-11-07,refunded,fulfilled,Spain,Galicia,Vigo,cust_00802,Brass Wall Art Print,Decor,Casa Bonita,SKU-0044-02,,2,23.35,5.35,41.35,68.09,EUR,web
#1171,2025-08-26,refunded,fulfilled,Spain,Madrid,Alcalá de Henares,cust_01024,Terracotta Outdoor Cushion,Outdoor,Terra Garden,SKU-0060-01,,1,23.39,0,23.39,81.07,EUR,web
#1171,2025-08-26,refunded,fulfilled,Spain,Madrid,Alcalá de Henares,cust_01024,Brass Candle Holder,Lighting,Lumen Co,SKU-0034-02,Large,1,43.61,0,43.61,81.07,EUR,web
#2079,2025-11-29,paid,fulfilled,Netherlands,Zuid-Holland,Rotterdam,cust_00346,Bamboo Garden Lantern,Outdoor,Terra Garden,SKU-0059-01,,1,40.04,2.47,37.57,45.46,EUR,web
#3301,2026-04-25,paid,fulfilled,Germany,Hamburg,Hamburg,cust_00263,Marble Bath Towel Set,Bath,Pure Bath,SKU-0057-01,,1,25.7,1.46,24.24,29.33,EUR,web
#2825,2026-02-14,paid,fulfilled,Italy,Lombardia,Milano,cust_00646,Ceramic Cotton Sheet Set,Bedding,Nordic Sleep,SKU-0018-01,,1,49.14,0,49.14,59.46,EUR,web
#3180,2026-04-08,paid,fulfilled,Spain,Andalucía,Sevilla,cust_01048,Linen Table Runner,Decor,Casa Bonita,SKU-0046-01,,1,22.74,4.01,18.73,22.66,EUR,web
#3218,2026-04-13,paid,fulfilled,France,Occitanie,Toulouse,cust_00844,Bamboo Table Lamp,Lighting,Lumen Co,SKU-0037-01,,1,39.74,0,39.74,96.13,EUR,web
#3218,2026-04-13,paid,fulfilled,France,Occitanie,Toulouse,cust_00844,Stone Bed Runner,Bedding,Nordic Sleep,SKU-0024-02,Small,1,47.82,8.11,39.71,96.13,EUR,web
#2689,2026-01-22,paid,fulfilled,Portugal,Porto,Porto,cust_00865,Walnut Linen Duvet,Bedding,Nordic Sleep,SKU-0017-01,Large,2,44.07,0,88.14,106.65,EUR,web
#3334,2026-04-29,paid,fulfilled,Spain,Madrid,Madrid,cust_00468,Walnut Wool Throw,Bedding,Nordic Sleep,SKU-0027-01,,3,63.89,0,191.67,383.8,EUR,web
#3334,2026-04-29,paid,fulfilled,Spain,Madrid,Madrid,cust_00468,Walnut Mattress Topper,Bedding,Nordic Sleep,SKU-0022-02,,2,62.76,0,125.52,383.8,EUR,web
#1562,2025-10-15,paid,fulfilled,France,Île-de-France,Paris,cust_00580,Marble Cotton Sheet Set,Bedding,Nordic Sleep,SKU-0026-01,,1,66.77,0,66.77,80.79,EUR,web
#3684,2026-06-15,paid,fulfilled,Portugal,Lisboa,Lisboa,cust_00848,Marble Bath Mat,Bath,Pure Bath,SKU-0052-01,,2,31.82,0,63.64,77,EUR,web
#3699,2026-06-17,paid,fulfilled,Spain,Valencia,Valencia,cust_00188,Stone Quilted Bedspread,Bedding,Nordic Sleep,SKU-0029-01,Charcoal,1,33.99,0,33.99,91.45,EUR,web
#3699,2026-06-17,paid,fulfilled,Spain,Valencia,Valencia,cust_00188,Oak Storage Jar,Kitchen,Aurora Kitchen,SKU-0016-02,,1,23.74,0,23.74,91.45,EUR,web
#3699,2026-06-17,paid,fulfilled,Spain,Valencia,Valencia,cust_00188,Terracotta Woven Basket,Decor,Casa Bonita,SKU-0043-03,,1,17.85,0,17.85,91.45,EUR,web
#1989,2025-11-21,paid,fulfilled,Germany,Bayern,München,cust_00673,Marble Cutting Board,Kitchen,Aurora Kitchen,SKU-0002-01,,2,13.17,5.1,21.24,25.7,EUR,pos
#3562,2026-05-28,paid,fulfilled,Spain,Valencia,Alicante,cust_00393,Ceramic Cast Iron Pan,Kitchen,Aurora Kitchen,SKU-0004-01,,1,22.58,0,22.58,63.25,EUR,web
#3562,2026-05-28,paid,fulfilled,Spain,Valencia,Alicante,cust_00393,Bamboo Picture Frame,Decor,Casa Bonita,SKU-0042-02,Medium,1,32.28,2.59,29.69,63.25,EUR,web
#3412,2026-05-10,paid,fulfilled,Spain,Andalucía,Málaga,cust_01121,Marble Bath Mat,Bath,Pure Bath,SKU-0052-01,,1,31.82,0,31.82,38.5,EUR,mobile
#1251,2025-09-06,paid,fulfilled,Spain,Andalucía,Sevilla,cust_00248,Ceramic Cast Iron Pan,Kitchen,Aurora Kitchen,SKU-0004-01,Small,1,22.58,2.08,20.5,24.81,EUR,web
#3631,2026-06-06,paid,fulfilled,France,Occitanie,Toulouse,cust_00104,Walnut Ceramic Bowl Set,Kitchen,Aurora Kitchen,SKU-0003-01,,1,44.02,0,44.02,81.52,EUR,mobile
#3631,2026-06-06,paid,fulfilled,France,Occitanie,Toulouse,cust_00104,Brass Wall Art Print,Decor,Casa Bonita,SKU-0044-02,,1,23.35,0,23.35,81.52,EUR,mobile
#3884,2026-07-12,paid,fulfilled,Spain,Galicia,A Coruña,cust_01105,Terracotta Woven Basket,Decor,Casa Bonita,SKU-0043-01,Natural,1,17.85,0,17.85,62.73,EUR,web
#3884,2026-07-12,paid,fulfilled,Spain,Galicia,A Coruña,cust_01105,Stone Quilted Bedspread,Bedding,Nordic Sleep,SKU-0029-02,,1,33.99,0,33.99,62.73,EUR,web
#3216,2026-04-13,paid,fulfilled,Spain,Andalucía,Sevilla,cust_01022,Marble Bath Mat,Bath,Pure Bath,SKU-0052-01,Small,1,31.82,0,31.82,38.5,EUR,web
#1502,2025-10-09,paid,fulfilled,Spain,Cataluña,Girona,cust_00365,Brass Wall Art Print,Decor,Casa Bonita,SKU-0044-01,,1,23.35,0,23.35,28.25,EUR,web
#2215,2025-12-08,paid,fulfilled,France,Provence,Nice,cust_00125,Ceramic Cast Iron Pan,Kitchen,Aurora Kitchen,SKU-0004-01,,1,22.58,3.45,19.13,23.15,EUR,web
#3416,2026-05-10,paid,fulfilled,Germany,Bayern,München,cust_00662,Oak Chef Knife,Kitchen,Aurora Kitchen,SKU-0001-01,,1,24.54,0,24.54,45.63,EUR,web
#3416,2026-05-10,paid,fulfilled,Germany,Bayern,München,cust_00662,Marble Cutting Board,Kitchen,Aurora Kitchen,SKU-0002-02,,1,13.17,0,13.17,45.63,EUR,web
#2491,2025-12-29,paid,fulfilled,Spain,Madrid,Alcalá de Henares,cust_00107,Stone Robe,Bath,Pure Bath,SKU-0055-01,,1,27.66,0,27.66,33.47,EUR,web
#3874,2026-07-10,paid,partial,Spain,Andalucía,Málaga,cust_00686,Stone Quilted Bedspread,Bedding,Nordic Sleep,SKU-0029-01,Natural,1,33.99,0,33.99,95.29,EUR,web
#3874,2026-07-10,paid,partial,Spain,Andalucía,Málaga,cust_00686,Bamboo Bookend Pair,Decor,Casa Bonita,SKU-0047-02,,3,14.92,0,44.76,95.29,EUR,web
#3750,2026-06-23,paid,fulfilled,Spain,País Vasco,San Sebastián,cust_00251,Bamboo Picture Frame,Decor,Casa Bonita,SKU-0042-01,Medium,1,32.28,0,32.28,202.75,EUR,web
#3750,2026-06-23,paid,fulfilled,Spain,País Vasco,San Sebastián,cust_00251,Ceramic Cast Iron Pan,Kitchen,Aurora Kitchen,SKU-0014-02,,2,40.12,0,80.24,202.75,EUR,web
#3750,2026-06-23,paid,fulfilled,Spain,País Vasco,San Sebastián,cust_00251,Oak Storage Jar,Kitchen,Aurora Kitchen,SKU-0006-03,,2,27.52,0,55.04,202.75,EUR,web
#3304,2026-04-25,paid,fulfilled,Spain,Andalucía,Málaga,cust_00030,Walnut Mixing Bowl,Kitchen,Aurora Kitchen,SKU-0008-01,,1,38.08,5.09,32.99,151.92,EUR,web
#3304,2026-04-25,paid,fulfilled,Spain,Andalucía,Málaga,cust_00030,Terracotta Wall Mirror,Decor,Casa Bonita,SKU-0048-02,,1,24.68,0,24.68,151.92,EUR,web
#3304,2026-04-25,paid,fulfilled,Spain,Andalucía,Málaga,cust_00030,Marble Cutting Board,Kitchen,Aurora Kitchen,SKU-0012-03,Medium,1,15.09,0,15.09,151.92,EUR,web
#3304,2026-04-25,paid,fulfilled,Spain,Andalucía,Málaga,cust_00030,Ceramic Shower Curtain,Bath,Pure Bath,SKU-0054-04,,2,32.3,11.81,52.79,151.92,EUR,web
#2519,2025-12-30,paid,fulfilled,France,Île-de-France,Paris,cust_00414,Copper Wall Mirror,Decor,Casa Bonita,SKU-0040-01,,2,15.19,0,30.38,36.76,EUR,web
#3966,2026-07-25,paid,unfulfilled,Spain,Andalucía,Sevilla,cust_01137,Brass Wall Art Print,Decor,Casa Bonita,SKU-0044-01,Medium,1,23.35,3.57,19.78,166.79,EUR,web
#3966,2026-07-25,paid,unfulfilled,Spain,Andalucía,Sevilla,cust_01137,Terracotta Woven Basket,Decor,Casa Bonita,SKU-0043-02,Small,2,17.85,3.3,32.4,166.79,EUR,web
#3966,2026-07-25,paid,unfulfilled,Spain,Andalucía,Sevilla,cust_01137,Marble Bath Mat,Bath,Pure Bath,SKU-0052-03,,3,31.82,9.8,85.66,166.79,EUR,web
#1733,2025-11-01,paid,fulfilled,Spain,Galicia,Vigo,cust_00503,Walnut Wool Throw,Bedding,Nordic Sleep,SKU-0027-01,,1,63.89,0,63.89,93.24,EUR,web
#1733,2025-11-01,paid,fulfilled,Spain,Galicia,Vigo,cust_00503,Marble Cutting Board,Kitchen,Aurora Kitchen,SKU-0002-02,,1,13.17,0,13.17,93.24,EUR,web
#2880,2026-02-24,partially_refunded,fulfilled,France,Occitanie,Toulouse,cust_00732,Ceramic Cast Iron Pan,Kitchen,Aurora Kitchen,SKU-0004-01,,1,22.58,0,22.58,48.63,EUR,mobile
#2880,2026-02-24,partially_refunded,fulfilled,France,Occitanie,Toulouse,cust_00732,Ceramic Weighted Blanket,Bedding,Nordic Sleep,SKU-0023-02,,1,19.09,1.48,17.61,48.63,EUR,mobile
#2769,2026-02-05,paid,fulfilled,Spain,Valencia,Valencia,cust_01051,Stone Quilted Bedspread,Bedding,Nordic Sleep,SKU-0029-01,,1,33.99,6.29,27.7,33.52,EUR,mobile
#1821,2025-11-08,paid,fulfilled,Italy,Lazio,Roma,cust_00088,Ceramic Cast Iron Pan,Kitchen,Aurora Kitchen,SKU-0004-01,,1,22.58,0,22.58,27.32,EUR,web
#3249,2026-04-18,partially_refunded,fulfilled,Germany,Hamburg,Hamburg,cust_00394,Brass Wall Art Print,Decor,Casa Bonita,SKU-0044-01,Charcoal,1,23.35,0,23.35,219.2,EUR,web
#3249,2026-04-18,partially_refunded,fulfilled,Germany,Hamburg,Hamburg,cust_00394,Stone Quilted Bedspread,Bedding,Nordic Sleep,SKU-0029-02,,4,33.99,16.14,119.82,219.2,EUR,web
#3249,2026-04-18,partially_refunded,fulfilled,Germany,Hamburg,Hamburg,cust_00394,Linen Ceramic Vase,Decor,Casa Bonita,SKU-0041-03,,1,37.99,0,37.99,219.2,EUR,web
#1628,2025-10-21,paid,fulfilled,France,Occitanie,Toulouse,cust_00734,Bamboo Picture Frame,Decor,Casa Bonita,SKU-0042-01,,1,32.28,0,32.28,66.38,EUR,web
#1628,2025-10-21,paid,fulfilled,France,Occitanie,Toulouse,cust_00734,Ceramic Cast Iron Pan,Kitchen,Aurora Kitchen,SKU-0004-02,,1,22.58,0,22.58,66.38,EUR,web
#1808,2025-11-07,paid,fulfilled,France,Île-de-France,Versailles,cust_00047,Ceramic Tea Kettle,Kitchen,Aurora Kitchen,SKU-0009-01,Natural,4,13.93,0,55.72,118.14,EUR,web
#1808,2025-11-07,paid,fulfilled,France,Île-de-France,Versailles,cust_00047,Marble Bath Towel Set,Bath,Pure Bath,SKU-0057-02,Small,1,25.7,0,25.7,118.14,EUR,web
#1808,2025-11-07,paid,fulfilled,France,Île-de-France,Versailles,cust_00047,Brass Ceramic Vase,Decor,Casa Bonita,SKU-0049-03,,1,16.22,0,16.22,118.14,EUR,web
#1794,2025-11-07,paid,fulfilled,France,Île-de-France,Paris,cust_00521,Marble Bath Mat,Bath,Pure Bath,SKU-0052-01,,1,31.82,3.83,27.99,33.87,EUR,web
#1269,2025-09-08,paid,fulfilled,Germany,Hamburg,Hamburg,cust_00302,Marble Cutting Board,Kitchen,Aurora Kitchen,SKU-0002-01,,2,13.17,0,26.34,153.25,EUR,web
#1269,2025-09-08,paid,fulfilled,Germany,Hamburg,Hamburg,cust_00302,Marble Bath Towel Set,Bath,Pure Bath,SKU-0057-02,,2,25.7,0,51.4,153.25,EUR,web
#1269,2025-09-08,paid,fulfilled,Germany,Hamburg,Hamburg,cust_00302,Bamboo Bookend Pair,Decor,Casa Bonita,SKU-0047-03,,1,14.92,0,14.92,153.25,EUR,web
#1269,2025-09-08,paid,fulfilled,Germany,Hamburg,Hamburg,cust_00302,Stone Quilted Bedspread,Bedding,Nordic Sleep,SKU-0029-04,,1,33.99,0,33.99,153.25,EUR,web
#2892,2026-02-26,paid,fulfilled,France,Occitanie,Toulouse,cust_00356,Walnut Wool Throw,Bedding,Nordic Sleep,SKU-0027-01,Small,1,63.89,0,63.89,96.93,EUR,web
#2892,2026-02-26,paid,fulfilled,France,Occitanie,Toulouse,cust_00356,Brass Ceramic Vase,Decor,Casa Bonita,SKU-0049-02,,1,16.22,0,16.22,96.93,EUR,web
#3239,2026-04-16,paid,fulfilled,Germany,Bayern,München,cust_00334,Linen Table Runner,Decor,Casa Bonita,SKU-0046-01,,1,22.74,0,22.74,27.52,EUR,web
#1569,2025-10-16,paid,fulfilled,Germany,Hamburg,Hamburg,cust_00661,Stone Robe,Bath,Pure Bath,SKU-0055-01,Medium,1,27.66,0,27.66,33.47,EUR,web
#1638,2025-10-21,paid,fulfilled,Spain,Andalucía,Sevilla,cust_01151,Ceramic Tea Kettle,Kitchen,Aurora Kitchen,SKU-0009-01,,1,13.93,2.72,11.21,13.56,EUR,web
#3560,2026-05-27,paid,fulfilled,Portugal,Lisboa,Cascais,cust_00625,Stone Quilted Bedspread,Bedding,Nordic Sleep,SKU-0029-01,,1,33.99,6.43,27.56,71.12,EUR,web
#3560,2026-05-27,paid,fulfilled,Portugal,Lisboa,Cascais,cust_00625,Walnut Soap Dispenser,Bath,Pure Bath,SKU-0053-02,,1,31.22,0,31.22,71.12,EUR,web
#1507,2025-10-09,paid,fulfilled,Portugal,Lisboa,Lisboa,cust_00570,Marble Bath Mat,Bath,Pure Bath,SKU-0052-01,,1,31.82,0,31.82,38.5,EUR,web
#2426,2025-12-23,paid,fulfilled,France,Île-de-France,Paris,cust_00574,Ceramic Pillow Case Pair,Bedding,Nordic Sleep,SKU-0028-01,,1,43.58,0,43.58,52.73,EUR,pos
#3236,2026-04-16,paid,fulfilled,Spain,Andalucía,Sevilla,cust_00942,Walnut Linen Duvet,Bedding,Nordic Sleep,SKU-0017-01,,1,44.07,2.76,41.31,49.99,EUR,web
#1731,2025-10-31,paid,fulfilled,Italy,Lombardia,Bergamo,cust_00914,Ceramic Tea Kettle,Kitchen,Aurora Kitchen,SKU-0009-01,,2,13.93,3.14,24.72,29.91,EUR,web
#2019,2025-11-24,refunded,fulfilled,Spain,Galicia,A Coruña,cust_01037,Brass Wall Art Print,Decor,Casa Bonita,SKU-0044-01,,1,23.35,0,23.35,28.25,EUR,web
#2432,2025-12-24,paid,fulfilled,Germany,Hamburg,Hamburg,cust_00039,Oak Storage Jar,Kitchen,Aurora Kitchen,SKU-0006-01,Medium,1,27.52,0,27.52,33.3,EUR,web
#1268,2025-09-08,paid,fulfilled,Spain,Valencia,Valencia,cust_00997,Brass Ceramic Vase,Decor,Casa Bonita,SKU-0049-01,,2,16.22,3,29.44,35.62,EUR,mobile
#1839,2025-11-10,paid,fulfilled,Netherlands,Noord-Holland,Amsterdam,cust_00038,Terracotta Woven Basket,Decor,Casa Bonita,SKU-0043-01,,1,17.85,0,17.85,21.6,EUR,web
#1784,2025-11-06,paid,fulfilled,Spain,Galicia,A Coruña,cust_00149,Walnut Mixing Bowl,Kitchen,Aurora Kitchen,SKU-0008-01,Large,1,38.08,0,38.08,46.08,EUR,web
#1408,2025-09-26,paid,fulfilled,France,Île-de-France,Paris,cust_00574,Marble Bath Mat,Bath,Pure Bath,SKU-0052-01,Large,1,31.82,0,31.82,155.75,EUR,web
#1408,2025-09-26,paid,fulfilled,France,Île-de-France,Paris,cust_00574,Ceramic Shower Curtain,Bath,Pure Bath,SKU-0054-02,Charcoal,3,32.3,0,96.9,155.75,EUR,web
#3629,2026-06-06,paid,fulfilled,Germany,Hamburg,Hamburg,cust_00470,Stone Quilted Bedspread,Bedding,Nordic Sleep,SKU-0029-01,Charcoal,1,33.99,0,33.99,73,EUR,web
#3629,2026-06-06,paid,fulfilled,Germany,Hamburg,Hamburg,cust_00470,Marble Cutting Board,Kitchen,Aurora Kitchen,SKU-0002-02,Medium,2,13.17,0,26.34,73,EUR,web
#2128,2025-12-02,paid,fulfilled,Spain,Andalucía,Sevilla,cust_00534,Stone Quilted Bedspread,Bedding,Nordic Sleep,SKU-0029-01,,2,33.99,0,67.98,82.26,EUR,mobile
#2135,2025-12-03,paid,fulfilled,Italy,Lazio,Roma,cust_00008,Ceramic Cast Iron Pan,Kitchen,Aurora Kitchen,SKU-0004-01,Medium,1,22.58,0,22.58,84.53,EUR,mobile
#2135,2025-12-03,paid,fulfilled,Italy,Lazio,Roma,cust_00008,Linen Table Runner,Decor,Casa Bonita,SKU-0046-02,,1,22.74,0,22.74,84.53,EUR,mobile
#2135,2025-12-03,paid,fulfilled,Italy,Lazio,Roma,cust_00008,Oak Chef Knife,Kitchen,Aurora Kitchen,SKU-0001-03,,1,24.54,0,24.54,84.53,EUR,mobile
#3837,2026-07-04,paid,unfulfilled,Netherlands,Noord-Holland,Haarlem,cust_01182,Brass Wall Art Print,Decor,Casa Bonita,SKU-0044-01,,2,23.35,0,46.7,56.51,EUR,web
#3862,2026-07-09,paid,partial,Portugal,Lisboa,Lisboa,cust_00848,Marble Utensil Holder,Kitchen,Aurora Kitchen,SKU-0007-01,Charcoal,1,17.14,2.76,14.38,42.35,EUR,pos
#3862,2026-07-09,paid,partial,Portugal,Lisboa,Lisboa,cust_00848,Brass Wall Art Print,Decor,Casa Bonita,SKU-0044-02,,1,23.35,2.73,20.62,42.35,EUR,pos
#2792,2026-02-09,paid,fulfilled,Spain,Madrid,Madrid,cust_00774,Copper Picture Frame,Decor,Casa Bonita,SKU-0050-01,,1,17.19,0,17.19,20.8,EUR,web
#2210,2025-12-08,paid,fulfilled,Spain,Andalucía,Sevilla,cust_01114,Brass Ceramic Vase,Decor,Casa Bonita,SKU-0049-01,,1,16.22,0,16.22,19.63,EUR,web
#2570,2026-01-04,paid,fulfilled,France,Occitanie,Montpellier,cust_00603,Stone Quilted Bedspread,Bedding,Nordic Sleep,SKU-0029-01,,3,33.99,0,101.97,251.8,EUR,web
#2570,2026-01-04,paid,fulfilled,France,Occitanie,Montpellier,cust_00603,Bamboo Bookend Pair,Decor,Casa Bonita,SKU-0047-02,Small,1,14.92,0,14.92,251.8,EUR,web
#2570,2026-01-04,paid,fulfilled,France,Occitanie,Montpellier,cust_00603,Ceramic Cast Iron Pan,Kitchen,Aurora Kitchen,SKU-0014-03,,2,40.12,9.83,70.41,251.8,EUR,web
#2570,2026-01-04,paid,fulfilled,France,Occitanie,Montpellier,cust_00603,Stone Espresso Mug,Kitchen,Aurora Kitchen,SKU-0015-04,,1,20.8,0,20.8,251.8,EUR,web
#2193,2025-12-07,refunded,fulfilled,Netherlands,Noord-Holland,Haarlem,cust_00981,Stone Serving Platter,Kitchen,Aurora Kitchen,SKU-0010-01,Natural,2,28.1,5.65,50.55,61.17,EUR,web
#1362,2025-09-20,paid,fulfilled,Spain,País Vasco,Bilbao,cust_00280,Oak Vanity Tray,Bath,Pure Bath,SKU-0056-01,Natural,2,24.8,0,49.6,60.02,EUR,mobile
#2235,2025-12-10,paid,fulfilled,France,Provence,Nice,cust_00431,Bamboo Bookend Pair,Decor,Casa Bonita,SKU-0047-01,,1,14.92,1.73,13.19,172.2,EUR,web
#2235,2025-12-10,paid,fulfilled,France,Provence,Nice,cust_00431,Bamboo Picture Frame,Decor,Casa Bonita,SKU-0042-02,Large,4,32.28,0,129.12,172.2,EUR,web
#3695,2026-06-16,paid,fulfilled,Spain,Galicia,A Coruña,cust_00643,Terracotta Woven Basket,Decor,Casa Bonita,SKU-0043-01,Small,2,17.85,0,35.7,71.5,EUR,web
#3695,2026-06-16,paid,fulfilled,Spain,Galicia,A Coruña,cust_00643,Terracotta Outdoor Cushion,Outdoor,Terra Garden,SKU-0060-02,Small,1,23.39,0,23.39,71.5,EUR,web
#3594,2026-06-01,paid,fulfilled,France,Provence,Nice,cust_00218,Brass Ceramic Vase,Decor,Casa Bonita,SKU-0049-01,,2,16.22,4.97,27.47,33.24,EUR,web
#3618,2026-06-04,paid,fulfilled,France,Île-de-France,Paris,cust_00195,Marble Bath Towel Set,Bath,Pure Bath,SKU-0057-01,,1,25.7,0,25.7,51.84,EUR,web
#3618,2026-06-04,paid,fulfilled,France,Île-de-France,Paris,cust_00195,Marble Utensil Holder,Kitchen,Aurora Kitchen,SKU-0007-02,,1,17.14,0,17.14,51.84,EUR,web
#2429,2025-12-24,refunded,fulfilled,Portugal,Lisboa,Cascais,cust_01043,Brass Ceramic Vase,Decor,Casa Bonita,SKU-0049-01,,1,16.22,0,16.22,101.59,EUR,web
#2429,2025-12-24,refunded,fulfilled,Portugal,Lisboa,Cascais,cust_01043,Ceramic Cast Iron Pan,Kitchen,Aurora Kitchen,SKU-0004-02,Natural,3,22.58,0,67.74,101.59,EUR,web
#2082,2025-11-29,paid,fulfilled,Spain,Galicia,A Coruña,cust_01070,Bamboo Picture Frame,Decor,Casa Bonita,SKU-0042-01,,1,32.28,0,32.28,122.26,EUR,web
#2082,2025-11-29,paid,fulfilled,Spain,Galicia,A Coruña,cust_01070,Copper Picture Frame,Decor,Casa Bonita,SKU-0050-02,,4,17.19,0,68.76,122.26,EUR,web
#3835,2026-07-04,paid,fulfilled,Spain,Valencia,Valencia,cust_00657,Brass Wall Art Print,Decor,Casa Bonita,SKU-0044-01,Small,1,23.35,0,23.35,48.84,EUR,web
#3835,2026-07-04,paid,fulfilled,Spain,Valencia,Valencia,cust_00657,Stone Espresso Mug,Kitchen,Aurora Kitchen,SKU-0005-02,,1,17.01,0,17.01,48.84,EUR,web
#3394,2026-05-07,paid,fulfilled,France,Provence,Marseille,cust_00097,Oak Linen Duvet,Bedding,Nordic Sleep,SKU-0025-01,,1,28.38,0,28.38,114.55,EUR,pos
#3394,2026-05-07,paid,fulfilled,France,Provence,Marseille,cust_00097,Stone Quilted Bedspread,Bedding,Nordic Sleep,SKU-0029-02,,1,33.99,0,33.99,114.55,EUR,pos
#3394,2026-05-07,paid,fulfilled,France,Provence,Marseille,cust_00097,Ceramic Shower Curtain,Bath,Pure Bath,SKU-0054-03,,1,32.3,0,32.3,114.55,EUR,pos
#3320,2026-04-26,partially_refunded,fulfilled,France,Provence,Marseille,cust_00952,Stone Espresso Mug,Kitchen,Aurora Kitchen,SKU-0015-01,,2,20.8,0,41.6,50.34,EUR,web
#1923,2025-11-16,paid,fulfilled,Portugal,Lisboa,Cascais,cust_00907,Stone Serving Platter,Kitchen,Aurora Kitchen,SKU-0010-01,,1,28.1,1.53,26.57,32.15,EUR,web
#2484,2025-12-28,paid,fulfilled,Netherlands,Zuid-Holland,Rotterdam,cust_00739,Oak Chef Knife,Kitchen,Aurora Kitchen,SKU-0011-01,,1,33.15,0,33.15,40.11,EUR,web
#2475,2025-12-27,paid,fulfilled,Germany,Hamburg,Hamburg,cust_00822,Marble Bath Towel Set,Bath,Pure Bath,SKU-0057-01,,2,25.7,0,51.4,132.66,EUR,web
#2475,2025-12-27,paid,fulfilled,Germany,Hamburg,Hamburg,cust_00822,Terracotta Woven Basket,Decor,Casa Bonita,SKU-0043-02,Charcoal,1,17.85,0,17.85,132.66,EUR,web
#2475,2025-12-27,paid,fulfilled,Germany,Hamburg,Hamburg,cust_00822,Bamboo Bookend Pair,Decor,Casa Bonita,SKU-0047-03,Natural,1,14.92,2.91,12.01,132.66,EUR,web
#2475,2025-12-27,paid,fulfilled,Germany,Hamburg,Hamburg,cust_00822,Oak Linen Duvet,Bedding,Nordic Sleep,SKU-0025-04,Medium,1,28.38,0,28.38,132.66,EUR,web
#1399,2025-09-24,paid,fulfilled,France,Occitanie,Toulouse,cust_00732,Oak Chef Knife,Kitchen,Aurora Kitchen,SKU-0001-01,,1,24.54,0,24.54,29.69,EUR,web
#2560,2026-01-03,paid,fulfilled,Spain,Madrid,Madrid,cust_00685,Brass Wall Art Print,Decor,Casa Bonita,SKU-0044-01,Charcoal,1,23.35,0,23.35,28.25,EUR,mobile
#2343,2025-12-17,paid,fulfilled,Portugal,Lisboa,Lisboa,cust_00848,Marble Bath Mat,Bath,Pure Bath,SKU-0052-01,Charcoal,1,31.82,2.48,29.34,35.5,EUR,web
#3484,2026-05-17,paid,fulfilled,Netherlands,Zuid-Holland,Rotterdam,cust_00155,Copper Wall Mirror,Decor,Casa Bonita,SKU-0040-01,Small,1,15.19,0,15.19,54.49,EUR,web
#3484,2026-05-17,paid,fulfilled,Netherlands,Zuid-Holland,Rotterdam,cust_00155,Bamboo Bookend Pair,Decor,Casa Bonita,SKU-0047-02,,2,14.92,0,29.84,54.49,EUR,web
#1698,2025-10-28,paid,fulfilled,Netherlands,Zuid-Holland,Den Haag,cust_01199,Marble Bath Mat,Bath,Pure Bath,SKU-0052-01,Medium,4,31.82,0,127.28,154.01,EUR,web
#3122,2026-03-31,paid,fulfilled,Spain,Madrid,Madrid,cust_00045,Terracotta Woven Basket,Decor,Casa Bonita,SKU-0043-01,Charcoal,1,17.85,3.01,14.84,17.96,EUR,web
#2325,2025-12-16,paid,fulfilled,Spain,Galicia,A Coruña,cust_00947,Marble Bath Mat,Bath,Pure Bath,SKU-0052-01,Charcoal,1,31.82,0,31.82,38.5,EUR,web
#1188,2025-08-28,paid,fulfilled,Spain,Galicia,A Coruña,cust_01128,Brass Ceramic Vase,Decor,Casa Bonita,SKU-0049-01,,3,16.22,0,48.66,58.88,EUR,web
#2174,2025-12-05,paid,fulfilled,Spain,Andalucía,Sevilla,cust_01114,Brass Wall Art Print,Decor,Casa Bonita,SKU-0044-01,,2,23.35,5.03,41.67,50.42,EUR,web
#2230,2025-12-09,paid,fulfilled,Italy,Lombardia,Milano,cust_00710,Oak Chef Knife,Kitchen,Aurora Kitchen,SKU-0001-01,Medium,1,24.54,0,24.54,29.69,EUR,web
#1716,2025-10-29,paid,fulfilled,Spain,Andalucía,Sevilla,cust_01137,Marble Bath Mat,Bath,Pure Bath,SKU-0052-01,,1,31.82,0,31.82,38.5,EUR,web
#1315,2025-09-14,paid,fulfilled,Spain,Andalucía,Sevilla,cust_01137,Stone Robe,Bath,Pure Bath,SKU-0055-01,Large,2,27.66,0,55.32,66.94,EUR,web
#2145,2025-12-04,paid,fulfilled,Spain,País Vasco,San Sebastián,cust_00599,Marble Bath Mat,Bath,Pure Bath,SKU-0052-01,,2,31.82,0,63.64,77,EUR,web
#1113,2025-08-17,paid,fulfilled,Netherlands,Zuid-Holland,Rotterdam,cust_00380,Marble Bath Mat,Bath,Pure Bath,SKU-0052-01,,1,31.82,0,31.82,38.5,EUR,pos
#1648,2025-10-23,paid,fulfilled,Portugal,Lisboa,Cascais,cust_00625,Walnut Ceramic Bowl Set,Kitchen,Aurora Kitchen,SKU-0003-01,,1,44.02,2.46,41.56,50.29,EUR,web
#3030,2026-03-15,refunded,fulfilled,France,Île-de-France,Versailles,cust_00420,Marble Bath Mat,Bath,Pure Bath,SKU-0052-01,,1,31.82,0,31.82,38.5,EUR,web
#1715,2025-10-29,paid,fulfilled,Portugal,Lisboa,Cascais,cust_01043,Marble Cutting Board,Kitchen,Aurora Kitchen,SKU-0002-01,,1,13.17,1.61,11.56,13.99,EUR,web
#3742,2026-06-22,paid,fulfilled,Portugal,Lisboa,Lisboa,cust_00570,Brass Candle Holder,Lighting,Lumen Co,SKU-0034-01,Small,1,43.61,0,43.61,52.77,EUR,web
#2692,2026-01-23,paid,fulfilled,Italy,Lombardia,Bergamo,cust_00791,Brass Wall Art Print,Decor,Casa Bonita,SKU-0044-01,Medium,1,23.35,0,23.35,28.25,EUR,pos
#2053,2025-11-26,paid,fulfilled,Italy,Lombardia,Milano,cust_00690,Brass Wall Art Print,Decor,Casa Bonita,SKU-0044-01,Natural,4,23.35,0,93.4,113.01,EUR,web
#3475,2026-05-16,paid,fulfilled,Germany,Berlin,Berlin,cust_00369,Brass Wall Art Print,Decor,Casa Bonita,SKU-0044-01,,3,23.35,0,70.05,84.76,EUR,web
#1252,2025-09-06,paid,fulfilled,Spain,Andalucía,Málaga,cust_00242,Bamboo Picture Frame,Decor,Casa Bonita,SKU-0042-01,Natural,1,32.28,0,32.28,39.06,EUR,web
#2933,2026-03-03,paid,fulfilled,France,Île-de-France,Versailles,cust_00943,Ceramic Cast Iron Pan,Kitchen,Aurora Kitchen,SKU-0004-01,Charcoal,1,22.58,0,22.58,27.32,EUR,web
#2184,2025-12-06,paid,fulfilled,France,Occitanie,Montpellier,cust_00548,Stone Quilted Bedspread,Bedding,Nordic Sleep,SKU-0029-01,,1,33.99,0,33.99,98.26,EUR,web
#2184,2025-12-06,paid,fulfilled,France,Occitanie,Montpellier,cust_00548,Ceramic Shower Curtain,Bath,Pure Bath,SKU-0054-02,,1,32.3,0,32.3,98.26,EUR,web
#2184,2025-12-06,paid,fulfilled,France,Occitanie,Montpellier,cust_00548,Bamboo Bookend Pair,Decor,Casa Bonita,SKU-0047-03,,1,14.92,0,14.92,98.26,EUR,web
#1277,2025-09-09,paid,fulfilled,Portugal,Porto,Braga,cust_00930,Marble Bath Mat,Bath,Pure Bath,SKU-0052-01,,3,31.82,0,95.46,115.51,EUR,mobile
#2146,2025-12-04,paid,fulfilled,Netherlands,Zuid-Holland,Rotterdam,cust_00346,Linen Reading Light,Lighting,Lumen Co,SKU-0036-01,Medium,1,30.35,0,30.35,215.1,EUR,pos
#2146,2025-12-04,paid,fulfilled,Netherlands,Zuid-Holland,Rotterdam,cust_00346,Ceramic Cotton Sheet Set,Bedding,Nordic Sleep,SKU-0018-02,,3,49.14,0,147.42,215.1,EUR,pos
#2899,2026-02-26,paid,fulfilled,Portugal,Lisboa,Lisboa,cust_00557,Oak Storage Jar,Kitchen,Aurora Kitchen,SKU-0006-01,,1,27.52,0,27.52,33.3,EUR,mobile
#2500,2025-12-29,paid,fulfilled,Italy,Lazio,Roma,cust_00341,Walnut Mixing Bowl,Kitchen,Aurora Kitchen,SKU-0008-01,Charcoal,1,38.08,5.16,32.92,68.09,EUR,web
#2500,2025-12-29,paid,fulfilled,Italy,Lazio,Roma,cust_00341,Brass Wall Art Print,Decor,Casa Bonita,SKU-0044-02,,1,23.35,0,23.35,68.09,EUR,web
#2052,2025-11-26,paid,fulfilled,Spain,Valencia,Alicante,cust_01184,Marble Quilted Bedspread,Bedding,Nordic Sleep,SKU-0021-01,Medium,1,63.83,0,63.83,145.24,EUR,web
#2052,2025-11-26,paid,fulfilled,Spain,Valencia,Alicante,cust_01184,Stone Serving Platter,Kitchen,Aurora Kitchen,SKU-0010-02,,2,28.1,0,56.2,145.24,EUR,web
#1521,2025-10-11,paid,fulfilled,Italy,Lazio,Roma,cust_00578,Marble Cutting Board,Kitchen,Aurora Kitchen,SKU-0002-01,,1,13.17,1,12.17,59.05,EUR,pos
#1521,2025-10-11,paid,fulfilled,Italy,Lazio,Roma,cust_00578,Brass Wall Art Print,Decor,Casa Bonita,SKU-0044-02,,1,23.35,3.73,19.62,59.05,EUR,pos
#1521,2025-10-11,paid,fulfilled,Italy,Lazio,Roma,cust_00578,Stone Espresso Mug,Kitchen,Aurora Kitchen,SKU-0005-03,,1,17.01,0,17.01,59.05,EUR,pos
#1046,2025-08-07,paid,fulfilled,France,Île-de-France,Versailles,cust_00758,Walnut Ceramic Bowl Set,Kitchen,Aurora Kitchen,SKU-0013-01,Charcoal,2,41.03,0,82.06,130.39,EUR,web
#1046,2025-08-07,paid,fulfilled,France,Île-de-France,Versailles,cust_00758,Marble Bath Towel Set,Bath,Pure Bath,SKU-0057-02,Medium,1,25.7,0,25.7,130.39,EUR,web
#3620,2026-06-05,paid,fulfilled,Netherlands,Zuid-Holland,Den Haag,cust_00644,Copper Picture Frame,Decor,Casa Bonita,SKU-0050-01,,1,17.19,0,17.19,20.8,EUR,mobile
#2503,2025-12-29,paid,fulfilled,Netherlands,Noord-Holland,Haarlem,cust_00212,Terracotta Woven Basket,Decor,Casa Bonita,SKU-0043-01,,1,17.85,0,17.85,21.6,EUR,web
#3314,2026-04-26,paid,fulfilled,France,Occitanie,Montpellier,cust_00576,Stone Quilted Bedspread,Bedding,Nordic Sleep,SKU-0029-01,,1,33.99,3.5,30.49,137.12,EUR,web
#3314,2026-04-26,paid,fulfilled,France,Occitanie,Montpellier,cust_00576,Ceramic Cast Iron Pan,Kitchen,Aurora Kitchen,SKU-0004-02,,3,22.58,0,67.74,137.12,EUR,web
#3314,2026-04-26,paid,fulfilled,France,Occitanie,Montpellier,cust_00576,Marble Cutting Board,Kitchen,Aurora Kitchen,SKU-0012-03,,1,15.09,0,15.09,137.12,EUR,web
#2806,2026-02-11,paid,fulfilled,France,Provence,Marseille,cust_01176,Terracotta Outdoor Cushion,Outdoor,Terra Garden,SKU-0060-01,,1,23.39,0,23.39,28.3,EUR,web
#1069,2025-08-10,paid,fulfilled,Spain,Valencia,Valencia,cust_01108,Marble Bath Mat,Bath,Pure Bath,SKU-0052-01,Small,1,31.82,0,31.82,38.5,EUR,web
#3690,2026-06-15,paid,fulfilled,Spain,Valencia,Alicante,cust_01169,Brass Wall Art Print,Decor,Casa Bonita,SKU-0044-01,,2,23.35,0,46.7,125.27,EUR,web
#3690,2026-06-15,paid,fulfilled,Spain,Valencia,Alicante,cust_01169,Terracotta Wall Sconce,Lighting,Lumen Co,SKU-0033-02,,1,24.53,0,24.53,125.27,EUR,web
#3690,2026-06-15,paid,fulfilled,Spain,Valencia,Alicante,cust_01169,Ceramic Shower Curtain,Bath,Pure Bath,SKU-0054-03,,1,32.3,0,32.3,125.27,EUR,web
#1218,2025-09-01,paid,fulfilled,France,Provence,Nice,cust_00070,Oak Chef Knife,Kitchen,Aurora Kitchen,SKU-0001-01,Natural,2,24.54,2.88,46.2,55.9,EUR,web
#3863,2026-07-09,paid,fulfilled,Spain,Valencia,Alicante,cust_00731,Terracotta Outdoor Cushion,Outdoor,Terra Garden,SKU-0060-01,Medium,2,23.39,0,46.78,116.33,EUR,web
#3863,2026-07-09,paid,fulfilled,Spain,Valencia,Alicante,cust_00731,Terracotta Wall Mirror,Decor,Casa Bonita,SKU-0048-02,,2,24.68,0,49.36,116.33,EUR,web
#2260,2025-12-12,paid,fulfilled,Spain,Madrid,Madrid,cust_00903,Stone Quilted Bedspread,Bedding,Nordic Sleep,SKU-0029-01,,1,33.99,6.61,27.38,33.13,EUR,web
#2300,2025-12-15,paid,fulfilled,Spain,Andalucía,Málaga,cust_00824,Ceramic Cast Iron Pan,Kitchen,Aurora Kitchen,SKU-0004-01,Natural,2,22.58,4.26,40.9,49.49,EUR,web
#3827,2026-07-03,paid,fulfilled,France,Île-de-France,Versailles,cust_00986,Bamboo Bookend Pair,Decor,Casa Bonita,SKU-0047-01,,3,14.92,3.81,40.95,49.55,EUR,web
#3511,2026-05-21,refunded,fulfilled,Netherlands,Zuid-Holland,Den Haag,cust_00736,Bamboo Garden Lantern,Outdoor,Terra Garden,SKU-0059-01,Charcoal,1,40.04,0,40.04,48.45,EUR,web
#2931,2026-03-02,paid,fulfilled,Spain,Galicia,A Coruña,cust_01105,Stone Quilted Bedspread,Bedding,Nordic Sleep,SKU-0029-01,,1,33.99,0,33.99,41.13,EUR,web
#1322,2025-09-15,paid,fulfilled,Spain,Andalucía,Sevilla,cust_01137,Marble Cutting Board,Kitchen,Aurora Kitchen,SKU-0002-01,,1,13.17,0,13.17,107.76,EUR,web
#1322,2025-09-15,paid,fulfilled,Spain,Andalucía,Sevilla,cust_01137,Walnut Linen Duvet,Bedding,Nordic Sleep,SKU-0017-02,,1,44.07,0,44.07,107.76,EUR,web
#1322,2025-09-15,paid,fulfilled,Spain,Andalucía,Sevilla,cust_01137,Marble Bath Mat,Bath,Pure Bath,SKU-0052-03,,1,31.82,0,31.82,107.76,EUR,web
#3282,2026-04-20,refunded,fulfilled,Spain,Valencia,Valencia,cust_00082,Marble Quilted Bedspread,Bedding,Nordic Sleep,SKU-0021-01,,1,63.83,0,63.83,77.23,EUR,web
#2710,2026-01-26,paid,fulfilled,Spain,Cataluña,Girona,cust_00852,Oak Chef Knife,Kitchen,Aurora Kitchen,SKU-0001-01,Medium,1,24.54,4,20.54,24.85,EUR,web
#3009,2026-03-13,paid,fulfilled,Spain,Madrid,Alcalá de Henares,cust_00422,Stone Espresso Mug,Kitchen,Aurora Kitchen,SKU-0015-01,,1,20.8,0,20.8,25.17,EUR,web
#3395,2026-05-07,paid,fulfilled,Germany,Bayern,Nürnberg,cust_00019,Bamboo Bookend Pair,Decor,Casa Bonita,SKU-0047-01,,1,14.92,0,14.92,18.05,EUR,web
#3816,2026-07-01,paid,unfulfilled,Portugal,Lisboa,Lisboa,cust_00570,Brass Wall Art Print,Decor,Casa Bonita,SKU-0044-01,Natural,1,23.35,0,23.35,74.81,EUR,web
#3816,2026-07-01,paid,unfulfilled,Portugal,Lisboa,Lisboa,cust_00570,Terracotta Pendant Light,Lighting,Lumen Co,SKU-0038-02,Natural,1,38.48,0,38.48,74.81,EUR,web
#2945,2026-03-04,paid,fulfilled,Spain,Galicia,A Coruña,cust_00119,Marble Bath Mat,Bath,Pure Bath,SKU-0052-01,,1,31.82,0,31.82,38.5,EUR,web
#3400,2026-05-08,paid,fulfilled,Spain,Galicia,Vigo,cust_00893,Brass Ceramic Vase,Decor,Casa Bonita,SKU-0049-01,,1,16.22,0,16.22,44.54,EUR,web
#3400,2026-05-08,paid,fulfilled,Spain,Galicia,Vigo,cust_00893,Brass Wall Art Print,Decor,Casa Bonita,SKU-0044-02,Charcoal,1,23.35,2.76,20.59,44.54,EUR,web
#1947,2025-11-18,paid,fulfilled,France,Île-de-France,Paris,cust_00592,Linen Reading Light,Lighting,Lumen Co,SKU-0036-01,Small,1,30.35,0,30.35,36.72,EUR,mobile
#2706,2026-01-25,paid,fulfilled,Spain,Andalucía,Málaga,cust_00179,Linen Reading Light,Lighting,Lumen Co,SKU-0036-01,,2,30.35,0,60.7,73.45,EUR,pos
#2405,2025-12-22,paid,fulfilled,France,Occitanie,Toulouse,cust_00834,Bamboo Picture Frame,Decor,Casa Bonita,SKU-0042-01,,1,32.28,0,32.28,39.06,EUR,web
#1981,2025-11-20,paid,fulfilled,Germany,Bayern,Nürnberg,cust_01174,Stone Espresso Mug,Kitchen,Aurora Kitchen,SKU-0005-01,Medium,1,17.01,2.87,14.14,17.11,EUR,web
#2635,2026-01-14,paid,fulfilled,Spain,Madrid,Alcalá de Henares,cust_00004,Ceramic Tea Kettle,Kitchen,Aurora Kitchen,SKU-0009-01,,2,13.93,0,27.86,89.79,EUR,web
#2635,2026-01-14,paid,fulfilled,Spain,Madrid,Alcalá de Henares,cust_00004,Bamboo Floor Lamp,Lighting,Lumen Co,SKU-0032-02,,1,46.35,0,46.35,89.79,EUR,web
#1235,2025-09-03,paid,fulfilled,Spain,Cataluña,Girona,cust_00949,Bamboo Picture Frame,Decor,Casa Bonita,SKU-0042-01,Medium,1,32.28,4.96,27.32,33.06,EUR,web
#1154,2025-08-24,paid,fulfilled,Spain,Valencia,Alicante,cust_00147,Brass Wall Art Print,Decor,Casa Bonita,SKU-0044-01,Small,1,23.35,0,23.35,28.25,EUR,mobile
#1942,2025-11-17,paid,fulfilled,Germany,Bayern,Nürnberg,cust_00220,Linen Reading Light,Lighting,Lumen Co,SKU-0036-01,,2,30.35,0,60.7,296.81,EUR,web
#1942,2025-11-17,paid,fulfilled,Germany,Bayern,Nürnberg,cust_00220,Stone Quilted Bedspread,Bedding,Nordic Sleep,SKU-0029-02,Charcoal,1,33.99,0,33.99,296.81,EUR,web
#1942,2025-11-17,paid,fulfilled,Germany,Bayern,Nürnberg,cust_00220,Oak Chef Knife,Kitchen,Aurora Kitchen,SKU-0001-03,Small,1,24.54,0,24.54,296.81,EUR,web
#1942,2025-11-17,paid,fulfilled,Germany,Bayern,Nürnberg,cust_00220,Terracotta Pendant Light,Lighting,Lumen Co,SKU-0038-04,,4,38.48,27.85,126.07,296.81,EUR,web
#2625,2026-01-12,paid,fulfilled,Portugal,Lisboa,Cascais,cust_01196,Terracotta Woven Basket,Decor,Casa Bonita,SKU-0043-01,Natural,1,17.85,0,17.85,21.6,EUR,web
#3094,2026-03-24,paid,fulfilled,France,Occitanie,Toulouse,cust_00834,Linen Table Runner,Decor,Casa Bonita,SKU-0046-01,Small,1,22.74,0,22.74,27.52,EUR,web
#1832,2025-11-09,paid,fulfilled,Spain,Madrid,Alcalá de Henares,cust_00074,Walnut Wool Throw,Bedding,Nordic Sleep,SKU-0027-01,Small,1,63.89,12.39,51.5,87.48,EUR,web
#1832,2025-11-09,paid,fulfilled,Spain,Madrid,Alcalá de Henares,cust_00074,Stone Espresso Mug,Kitchen,Aurora Kitchen,SKU-0015-02,Large,1,20.8,0,20.8,87.48,EUR,web
#1005,2025-08-01,paid,fulfilled,Portugal,Lisboa,Cascais,cust_00571,Terracotta Woven Basket,Decor,Casa Bonita,SKU-0043-01,,1,17.85,0,17.85,21.6,EUR,web
#1787,2025-11-06,paid,fulfilled,Spain,Galicia,A Coruña,cust_00607,Marble Cutting Board,Kitchen,Aurora Kitchen,SKU-0002-01,,1,13.17,0,13.17,74.94,EUR,pos
#1787,2025-11-06,paid,fulfilled,Spain,Galicia,A Coruña,cust_00607,Copper Scented Candle,Decor,Casa Bonita,SKU-0045-02,,4,8.24,0,32.96,74.94,EUR,pos
#1787,2025-11-06,paid,fulfilled,Spain,Galicia,A Coruña,cust_00607,Stone Espresso Mug,Kitchen,Aurora Kitchen,SKU-0005-03,Natural,1,17.01,1.21,15.8,74.94,EUR,pos
#1855,2025-11-11,paid,fulfilled,Spain,Madrid,Alcalá de Henares,cust_00234,Stone Quilted Bedspread,Bedding,Nordic Sleep,SKU-0029-01,,1,33.99,0,33.99,41.13,EUR,web
#2674,2026-01-20,paid,fulfilled,Spain,Galicia,Vigo,cust_00063,Walnut Linen Duvet,Bedding,Nordic Sleep,SKU-0017-01,,1,44.07,0,44.07,146.63,EUR,web
#2674,2026-01-20,paid,fulfilled,Spain,Galicia,Vigo,cust_00063,Ceramic Tea Kettle,Kitchen,Aurora Kitchen,SKU-0009-02,,1,13.93,2.12,11.81,146.63,EUR,web
#2674,2026-01-20,paid,fulfilled,Spain,Galicia,Vigo,cust_00063,Brass Ceramic Vase,Decor,Casa Bonita,SKU-0049-03,,1,16.22,0,16.22,146.63,EUR,web
#2674,2026-01-20,paid,fulfilled,Spain,Galicia,Vigo,cust_00063,Oak Chef Knife,Kitchen,Aurora Kitchen,SKU-0001-04,,2,24.54,0,49.08,146.63,EUR,web
#1364,2025-09-20,paid,fulfilled,Spain,Madrid,Alcalá de Henares,cust_00056,Bamboo Garden Lantern,Outdoor,Terra Garden,SKU-0059-01,,1,40.04,2.42,37.62,185.2,EUR,pos
#1364,2025-09-20,paid,fulfilled,Spain,Madrid,Alcalá de Henares,cust_00056,Terracotta Pendant Light,Lighting,Lumen Co,SKU-0038-02,Large,3,38.48,0,115.44,185.2,EUR,pos
#3381,2026-05-05,paid,fulfilled,Germany,Hamburg,Hamburg,cust_00167,Oak Pillow Case Pair,Bedding,Nordic Sleep,SKU-0020-01,Large,1,54.3,5.36,48.94,126,EUR,web
#3381,2026-05-05,paid,fulfilled,Germany,Hamburg,Hamburg,cust_00167,Marble Cotton Sheet Set,Bedding,Nordic Sleep,SKU-0026-02,,1,66.77,11.58,55.19,126,EUR,web
#1187,2025-08-28,paid,fulfilled,Netherlands,Noord-Holland,Haarlem,cust_00656,Linen Reading Light,Lighting,Lumen Co,SKU-0036-01,,1,30.35,0,30.35,36.72,EUR,web
#3548,2026-05-26,paid,fulfilled,Portugal,Porto,Braga,cust_00785,Terracotta Woven Basket,Decor,Casa Bonita,SKU-0043-01,,1,17.85,0,17.85,21.6,EUR,web
#1433,2025-09-29,paid,fulfilled,Germany,Berlin,Berlin,cust_00034,Ceramic Shower Curtain,Bath,Pure Bath,SKU-0054-01,,1,32.3,0,32.3,39.08,EUR,web
#1350,2025-09-18,paid,fulfilled,Spain,Madrid,Alcalá de Henares,cust_00240,Linen Reading Light,Lighting,Lumen Co,SKU-0036-01,,1,30.35,0,30.35,36.72,EUR,web
#3955,2026-07-23,paid,fulfilled,Netherlands,Zuid-Holland,Rotterdam,cust_00346,Marble Bath Towel Set,Bath,Pure Bath,SKU-0057-01,,1,25.7,0,25.7,31.1,EUR,web
#2551,2026-01-02,paid,fulfilled,France,Provence,Nice,cust_00241,Copper Wall Mirror,Decor,Casa Bonita,SKU-0040-01,,1,15.19,0,15.19,45.7,EUR,web
#2551,2026-01-02,paid,fulfilled,France,Provence,Nice,cust_00241,Ceramic Cast Iron Pan,Kitchen,Aurora Kitchen,SKU-0004-02,,1,22.58,0,22.58,45.7,EUR,web
#2106,2025-12-01,paid,fulfilled,Spain,Andalucía,Sevilla,cust_01022,Marble Quilted Bedspread,Bedding,Nordic Sleep,SKU-0021-01,Small,1,63.83,0,63.83,105.49,EUR,web
#2106,2025-12-01,paid,fulfilled,Spain,Andalucía,Sevilla,cust_01022,Brass Wall Art Print,Decor,Casa Bonita,SKU-0044-02,,1,23.35,0,23.35,105.49,EUR,web
#1178,2025-08-27,paid,fulfilled,Spain,Valencia,Valencia,cust_01115,Oak Chef Knife,Kitchen,Aurora Kitchen,SKU-0001-01,,2,24.54,0,49.08,181.14,EUR,web
#1178,2025-08-27,paid,fulfilled,Spain,Valencia,Valencia,cust_01115,Marble Bath Towel Set,Bath,Pure Bath,SKU-0057-02,Large,1,25.7,2.04,23.66,181.14,EUR,web
#1178,2025-08-27,paid,fulfilled,Spain,Valencia,Valencia,cust_01115,Terracotta Pendant Light,Lighting,Lumen Co,SKU-0038-03,Large,2,38.48,0,76.96,181.14,EUR,web
#2099,2025-12-01,paid,fulfilled,Spain,Andalucía,Málaga,cust_00293,Walnut Wool Throw,Bedding,Nordic Sleep,SKU-0027-01,Small,1,63.89,10.52,53.37,64.58,EUR,web
#2738,2026-01-30,paid,fulfilled,France,Occitanie,Toulouse,cust_00732,Bamboo Floor Lamp,Lighting,Lumen Co,SKU-0032-01,,1,46.35,0,46.35,87.18,EUR,web
#2738,2026-01-30,paid,fulfilled,France,Occitanie,Toulouse,cust_00732,Marble Bath Towel Set,Bath,Pure Bath,SKU-0057-02,Large,1,25.7,0,25.7,87.18,EUR,web
#3802,2026-06-29,paid,fulfilled,France,Provence,Marseille,cust_00504,Oak Chef Knife,Kitchen,Aurora Kitchen,SKU-0001-01,,1,24.54,0,24.54,29.69,EUR,web
#3166,2026-04-06,paid,fulfilled,Netherlands,Zuid-Holland,Rotterdam,cust_00281,Ceramic Tea Kettle,Kitchen,Aurora Kitchen,SKU-0009-01,,1,13.93,0,13.93,16.86,EUR,web
#1524,2025-10-11,paid,fulfilled,Spain,Andalucía,Málaga,cust_00306,Ceramic Tea Kettle,Kitchen,Aurora Kitchen,SKU-0009-01,,1,13.93,0,13.93,16.86,EUR,web
#1395,2025-09-24,paid,fulfilled,France,Île-de-France,Paris,cust_00794,Marble Bath Towel Set,Bath,Pure Bath,SKU-0057-01,,1,25.7,0,25.7,51.68,EUR,web
#1395,2025-09-24,paid,fulfilled,France,Île-de-France,Paris,cust_00794,Stone Espresso Mug,Kitchen,Aurora Kitchen,SKU-0005-02,Small,1,17.01,0,17.01,51.68,EUR,web
#3151,2026-04-04,paid,fulfilled,France,Occitanie,Montpellier,cust_00505,Brass Ceramic Vase,Decor,Casa Bonita,SKU-0049-01,,4,16.22,0,64.88,78.5,EUR,web
#1425,2025-09-28,paid,fulfilled,Germany,Bayern,München,cust_00544,Stone Serving Platter,Kitchen,Aurora Kitchen,SKU-0010-01,Medium,1,28.1,0,28.1,34,EUR,mobile
#2286,2025-12-14,paid,fulfilled,Portugal,Lisboa,Lisboa,cust_01028,Walnut Ceramic Bowl Set,Kitchen,Aurora Kitchen,SKU-0003-01,Medium,1,44.02,0,44.02,53.26,EUR,web
#2666,2026-01-19,paid,fulfilled,Italy,Lazio,Roma,cust_00256,Brass Wall Art Print,Decor,Casa Bonita,SKU-0044-01,Charcoal,2,23.35,2.57,44.13,176.78,EUR,web
#2666,2026-01-19,paid,fulfilled,Italy,Lazio,Roma,cust_00256,Stone Quilted Bedspread,Bedding,Nordic Sleep,SKU-0029-02,Small,3,33.99,0,101.97,176.78,EUR,web
#1083,2025-08-12,paid,fulfilled,France,Provence,Marseille,cust_01119,Walnut Linen Duvet,Bedding,Nordic Sleep,SKU-0017-01,,1,44.07,7.24,36.83,44.56,EUR,web
#2632,2026-01-14,paid,fulfilled,Spain,Galicia,A Coruña,cust_00227,Bamboo Bookend Pair,Decor,Casa Bonita,SKU-0047-01,,1,14.92,0,14.92,18.05,EUR,web
#3102,2026-03-26,paid,fulfilled,Spain,Madrid,Alcalá de Henares,cust_00688,Ceramic Tea Kettle,Kitchen,Aurora Kitchen,SKU-0009-01,Charcoal,1,13.93,0,13.93,76.58,EUR,web
#3102,2026-03-26,paid,fulfilled,Spain,Madrid,Alcalá de Henares,cust_00688,Terracotta Wall Mirror,Decor,Casa Bonita,SKU-0048-02,,2,24.68,0,49.36,76.58,EUR,web
#1975,2025-11-20,paid,fulfilled,Spain,Galicia,Vigo,cust_00491,Stone Quilted Bedspread,Bedding,Nordic Sleep,SKU-0029-01,,3,33.99,0,101.97,123.38,EUR,web
#3244,2026-04-17,paid,fulfilled,Spain,Andalucía,Málaga,cust_00242,Oak Pillow Case Pair,Bedding,Nordic Sleep,SKU-0020-01,Medium,1,54.3,4.15,50.15,78.73,EUR,web
#3244,2026-04-17,paid,fulfilled,Spain,Andalucía,Málaga,cust_00242,Bamboo Bookend Pair,Decor,Casa Bonita,SKU-0047-02,,1,14.92,0,14.92,78.73,EUR,web
#2127,2025-12-02,partially_refunded,fulfilled,Germany,Berlin,Berlin,cust_00567,Copper Scented Candle,Decor,Casa Bonita,SKU-0045-01,,1,8.24,0,8.24,9.97,EUR,web
#2465,2025-12-26,paid,fulfilled,Spain,Galicia,Vigo,cust_00802,Copper Scented Candle,Decor,Casa Bonita,SKU-0045-01,,1,8.24,0,8.24,85.91,EUR,web
#2465,2025-12-26,paid,fulfilled,Spain,Galicia,Vigo,cust_00802,Walnut Mattress Topper,Bedding,Nordic Sleep,SKU-0022-02,Small,1,62.76,0,62.76,85.91,EUR,web
#3016,2026-03-14,paid,fulfilled,Italy,Lombardia,Bergamo,cust_00791,Marble Cutting Board,Kitchen,Aurora Kitchen,SKU-0002-01,,2,13.17,2.16,24.18,29.26,EUR,web
#2981,2026-03-08,paid,fulfilled,France,Provence,Marseille,cust_01187,Brass Ceramic Vase,Decor,Casa Bonita,SKU-0049-01,Large,1,16.22,0,16.22,51.38,EUR,web
#2981,2026-03-08,paid,fulfilled,France,Provence,Marseille,cust_01187,Bamboo Picture Frame,Decor,Casa Bonita,SKU-0042-02,,1,32.28,6.04,26.24,51.38,EUR,web
#2401,2025-12-21,paid,fulfilled,Germany,Berlin,Berlin,cust_01078,Marble Bath Mat,Bath,Pure Bath,SKU-0052-01,,1,31.82,0,31.82,38.5,EUR,web
#3060,2026-03-19,paid,fulfilled,Portugal,Lisboa,Cascais,cust_00625,Marble Bath Towel Set,Bath,Pure Bath,SKU-0057-01,,1,25.7,0,25.7,60.96,EUR,web
#3060,2026-03-19,paid,fulfilled,Portugal,Lisboa,Cascais,cust_00625,Terracotta Wall Mirror,Decor,Casa Bonita,SKU-0048-02,,1,24.68,0,24.68,60.96,EUR,web
#1970,2025-11-20,paid,fulfilled,Spain,Cataluña,Barcelona,cust_00898,Marble Bath Mat,Bath,Pure Bath,SKU-0052-01,,1,31.82,0,31.82,77.75,EUR,web
#1970,2025-11-20,paid,fulfilled,Spain,Cataluña,Barcelona,cust_00898,Brass Ceramic Vase,Decor,Casa Bonita,SKU-0049-02,Large,2,16.22,0,32.44,77.75,EUR,web
#1389,2025-09-23,paid,fulfilled,Germany,Berlin,Berlin,cust_01192,Brass Ceramic Vase,Decor,Casa Bonita,SKU-0049-01,Large,1,16.22,0,16.22,19.63,EUR,web
#3215,2026-04-13,paid,fulfilled,Spain,Madrid,Madrid,cust_01050,Marble Cutting Board,Kitchen,Aurora Kitchen,SKU-0012-01,,2,15.09,0,30.18,36.52,EUR,web
#2887,2026-02-25,paid,fulfilled,Spain,Galicia,A Coruña,cust_01070,Linen Reading Light,Lighting,Lumen Co,SKU-0036-01,Large,1,30.35,0,30.35,167.66,EUR,web
#2887,2026-02-25,paid,fulfilled,Spain,Galicia,A Coruña,cust_01070,Brass Ceramic Vase,Decor,Casa Bonita,SKU-0049-02,,1,16.22,0,16.22,167.66,EUR,web
#2887,2026-02-25,paid,fulfilled,Spain,Galicia,A Coruña,cust_01070,Walnut Wool Throw,Bedding,Nordic Sleep,SKU-0027-03,Medium,1,63.89,0,63.89,167.66,EUR,web
#2887,2026-02-25,paid,fulfilled,Spain,Galicia,A Coruña,cust_01070,Stone Serving Platter,Kitchen,Aurora Kitchen,SKU-0010-04,,1,28.1,0,28.1,167.66,EUR,web
#3616,2026-06-04,paid,fulfilled,Italy,Lazio,Roma,cust_00720,Ceramic Tea Kettle,Kitchen,Aurora Kitchen,SKU-0009-01,Medium,3,13.93,0,41.79,50.57,EUR,web
#2253,2025-12-11,paid,fulfilled,Netherlands,Zuid-Holland,Rotterdam,cust_00281,Stone Robe,Bath,Pure Bath,SKU-0055-01,Small,3,27.66,16.25,66.73,107.91,EUR,web
#2253,2025-12-11,paid,fulfilled,Netherlands,Zuid-Holland,Rotterdam,cust_00281,Marble Bath Towel Set,Bath,Pure Bath,SKU-0057-02,,1,25.7,3.25,22.45,107.91,EUR,web
#1752,2025-11-02,paid,fulfilled,Germany,Hamburg,Hamburg,cust_00493,Ceramic Cast Iron Pan,Kitchen,Aurora Kitchen,SKU-0014-01,,1,40.12,0,40.12,48.55,EUR,web
#2823,2026-02-14,paid,fulfilled,Portugal,Lisboa,Lisboa,cust_00570,Marble Bath Towel Set,Bath,Pure Bath,SKU-0057-01,,1,25.7,0,25.7,186.51,EUR,web
#2823,2026-02-14,paid,fulfilled,Portugal,Lisboa,Lisboa,cust_00570,Oak Linen Duvet,Bedding,Nordic Sleep,SKU-0025-02,Charcoal,4,28.38,0,113.52,186.51,EUR,web
#2823,2026-02-14,paid,fulfilled,Portugal,Lisboa,Lisboa,cust_00570,Bamboo Bookend Pair,Decor,Casa Bonita,SKU-0047-03,,1,14.92,0,14.92,186.51,EUR,web
#2092,2025-11-30,paid,fulfilled,Netherlands,Noord-Holland,Haarlem,cust_00656,Oak Bath Towel Set,Bath,Pure Bath,SKU-0051-01,Small,1,25.27,3.2,22.07,80.03,EUR,web
#2092,2025-11-30,paid,fulfilled,Netherlands,Noord-Holland,Haarlem,cust_00656,Walnut Linen Duvet,Bedding,Nordic Sleep,SKU-0017-02,,1,44.07,0,44.07,80.03,EUR,web
#1790,2025-11-06,paid,fulfilled,Portugal,Lisboa,Lisboa,cust_00557,Stone Espresso Mug,Kitchen,Aurora Kitchen,SKU-0015-01,,3,20.8,0,62.4,75.5,EUR,web
#3267,2026-04-19,paid,fulfilled,Spain,Valencia,Valencia,cust_00611,Stone Quilted Bedspread,Bedding,Nordic Sleep,SKU-0029-01,Small,1,33.99,5.44,28.55,34.55,EUR,web
#2682,2026-01-21,paid,fulfilled,Spain,Madrid,Alcalá de Henares,cust_00240,Terracotta Woven Basket,Decor,Casa Bonita,SKU-0043-01,Small,1,17.85,0,17.85,21.6,EUR,web
#3091,2026-03-24,paid,fulfilled,Spain,Andalucía,Sevilla,cust_01022,Marble Cutting Board,Kitchen,Aurora Kitchen,SKU-0002-01,,1,13.17,1.75,11.42,13.82,EUR,web
#3077,2026-03-22,paid,fulfilled,Spain,Andalucía,Sevilla,cust_01137,Marble Bath Mat,Bath,Pure Bath,SKU-0052-01,,1,31.82,0,31.82,251.18,EUR,web
#3077,2026-03-22,paid,fulfilled,Spain,Andalucía,Sevilla,cust_01137,Walnut Wool Throw,Bedding,Nordic Sleep,SKU-0027-02,Natural,3,63.89,15.9,175.77,251.18,EUR,web
#2279,2025-12-13,paid,fulfilled,France,Provence,Nice,cust_00514,Stone Quilted Bedspread,Bedding,Nordic Sleep,SKU-0029-01,,1,33.99,0,33.99,41.13,EUR,web
#3542,2026-05-25,paid,fulfilled,Spain,Madrid,Madrid,cust_00026,Brass Wall Art Print,Decor,Casa Bonita,SKU-0044-01,,1,23.35,0,23.35,28.25,EUR,web
#2751,2026-02-02,paid,fulfilled,Portugal,Lisboa,Cascais,cust_00700,Copper Scented Candle,Decor,Casa Bonita,SKU-0045-01,,1,8.24,0,8.24,62.64,EUR,web
#2751,2026-02-02,paid,fulfilled,Portugal,Lisboa,Cascais,cust_00700,Linen Reading Light,Lighting,Lumen Co,SKU-0036-02,,1,30.35,0,30.35,62.64,EUR,web
#2751,2026-02-02,paid,fulfilled,Portugal,Lisboa,Cascais,cust_00700,Copper Wall Mirror,Decor,Casa Bonita,SKU-0040-03,,1,15.19,2.01,13.18,62.64,EUR,web
#3353,2026-05-02,paid,fulfilled,France,Occitanie,Toulouse,cust_00022,Brass Ceramic Vase,Decor,Casa Bonita,SKU-0049-01,,1,16.22,0,16.22,58.13,EUR,mobile
#3353,2026-05-02,paid,fulfilled,France,Occitanie,Toulouse,cust_00022,Marble Bath Mat,Bath,Pure Bath,SKU-0052-02,,1,31.82,0,31.82,58.13,EUR,mobile
#3110,2026-03-28,paid,fulfilled,France,Provence,Nice,cust_00514,Stone Quilted Bedspread,Bedding,Nordic Sleep,SKU-0029-01,,1,33.99,0,33.99,62.73,EUR,web
#3110,2026-03-28,paid,fulfilled,France,Provence,Nice,cust_00514,Terracotta Woven Basket,Decor,Casa Bonita,SKU-0043-02,Charcoal,1,17.85,0,17.85,62.73,EUR,web
#3570,2026-05-28,paid,fulfilled,France,Occitanie,Montpellier,cust_00829,Marble Bath Towel Set,Bath,Pure Bath,SKU-0057-01,,1,25.7,0,25.7,117.89,EUR,web
#3570,2026-05-28,paid,fulfilled,France,Occitanie,Montpellier,cust_00829,Walnut Linen Duvet,Bedding,Nordic Sleep,SKU-0017-02,,1,44.07,0,44.07,117.89,EUR,web
#3570,2026-05-28,paid,fulfilled,France,Occitanie,Montpellier,cust_00829,Stone Robe,Bath,Pure Bath,SKU-0055-03,,1,27.66,0,27.66,117.89,EUR,web
#3293,2026-04-23,paid,fulfilled,Netherlands,Noord-Holland,Haarlem,cust_00904,Bamboo Picture Frame,Decor,Casa Bonita,SKU-0042-01,Small,1,32.28,0,32.28,39.06,EUR,web
#2839,2026-02-17,paid,fulfilled,Spain,Valencia,Valencia,cust_00085,Oak Linen Duvet,Bedding,Nordic Sleep,SKU-0025-01,,1,28.38,0,28.38,90.58,EUR,web
#2839,2026-02-17,paid,fulfilled,Spain,Valencia,Valencia,cust_00085,Stone Robe,Bath,Pure Bath,SKU-0055-02,,1,27.66,3.76,23.9,90.58,EUR,web
#2839,2026-02-17,paid,fulfilled,Spain,Valencia,Valencia,cust_00085,Ceramic Cast Iron Pan,Kitchen,Aurora Kitchen,SKU-0004-03,,1,22.58,0,22.58,90.58,EUR,web
#2148,2025-12-04,paid,fulfilled,Spain,Madrid,Madrid,cust_00963,Marble Cutting Board,Kitchen,Aurora Kitchen,SKU-0002-01,Large,2,13.17,0,26.34,31.87,EUR,web
#3335,2026-04-29,paid,fulfilled,Italy,Lazio,Roma,cust_00578,Marble Bath Towel Set,Bath,Pure Bath,SKU-0057-01,Natural,1,25.7,2.49,23.21,28.08,EUR,web
#2327,2025-12-16,paid,fulfilled,France,Occitanie,Montpellier,cust_00652,Marble Bath Towel Set,Bath,Pure Bath,SKU-0057-01,Charcoal,1,25.7,2.12,23.58,120.76,EUR,mobile
#2327,2025-12-16,paid,fulfilled,France,Occitanie,Montpellier,cust_00652,Linen Pendant Light,Lighting,Lumen Co,SKU-0031-02,Small,1,45.87,0,45.87,120.76,EUR,mobile
#2327,2025-12-16,paid,fulfilled,France,Occitanie,Montpellier,cust_00652,Linen Reading Light,Lighting,Lumen Co,SKU-0036-03,Natural,1,30.35,0,30.35,120.76,EUR,mobile
#1644,2025-10-22,paid,fulfilled,Spain,Madrid,Alcalá de Henares,cust_00074,Marble Bath Towel Set,Bath,Pure Bath,SKU-0057-01,,1,25.7,0,25.7,104.54,EUR,web
#1644,2025-10-22,paid,fulfilled,Spain,Madrid,Alcalá de Henares,cust_00074,Linen Reading Light,Lighting,Lumen Co,SKU-0036-02,,2,30.35,0,60.7,104.54,EUR,web
#3579,2026-05-29,paid,fulfilled,Netherlands,Zuid-Holland,Rotterdam,cust_00368,Bamboo Picture Frame,Decor,Casa Bonita,SKU-0042-01,,1,32.28,0,32.28,39.06,EUR,web
#2096,2025-12-01,paid,fulfilled,Germany,Hamburg,Hamburg,cust_00998,Copper Picture Frame,Decor,Casa Bonita,SKU-0050-01,,1,17.19,0,17.19,30.77,EUR,web
#2096,2025-12-01,paid,fulfilled,Germany,Hamburg,Hamburg,cust_00998,Copper Scented Candle,Decor,Casa Bonita,SKU-0045-02,,1,8.24,0,8.24,30.77,EUR,web
#3515,2026-05-22,paid,fulfilled,Spain,Galicia,A Coruña,cust_00239,Oak Storage Jar,Kitchen,Aurora Kitchen,SKU-0016-01,,3,23.74,0,71.22,122.13,EUR,web
#3515,2026-05-22,paid,fulfilled,Spain,Galicia,A Coruña,cust_00239,Bamboo Picture Frame,Decor,Casa Bonita,SKU-0042-02,,1,32.28,2.57,29.71,122.13,EUR,web
#2050,2025-11-26,paid,fulfilled,France,Occitanie,Toulouse,cust_01094,Marble Cotton Sheet Set,Bedding,Nordic Sleep,SKU-0026-01,,2,66.77,17.26,116.28,140.7,EUR,web
#2516,2025-12-30,paid,fulfilled,Spain,Cataluña,Girona,cust_00391,Bamboo Bookend Pair,Decor,Casa Bonita,SKU-0047-01,Charcoal,1,14.92,0,14.92,18.05,EUR,web
#3014,2026-03-14,paid,fulfilled,Spain,Valencia,Valencia,cust_00561,Ceramic Tea Kettle,Kitchen,Aurora Kitchen,SKU-0009-01,,1,13.93,0,13.93,16.86,EUR,web
#2804,2026-02-11,paid,fulfilled,France,Occitanie,Montpellier,cust_00190,Stone Quilted Bedspread,Bedding,Nordic Sleep,SKU-0029-01,Medium,2,33.99,0,67.98,82.26,EUR,web
#3540,2026-05-25,paid,fulfilled,Spain,Galicia,A Coruña,cust_01070,Marble Bath Mat,Bath,Pure Bath,SKU-0052-01,,2,31.82,0,63.64,92.94,EUR,web
#3540,2026-05-25,paid,fulfilled,Spain,Galicia,A Coruña,cust_01070,Marble Cutting Board,Kitchen,Aurora Kitchen,SKU-0002-02,,1,13.17,0,13.17,92.94,EUR,web
#1141,2025-08-22,refunded,fulfilled,France,Île-de-France,Paris,cust_00451,Bamboo Picture Frame,Decor,Casa Bonita,SKU-0042-01,,1,32.28,0,32.28,39.06,EUR,web
#3957,2026-07-23,paid,fulfilled,Portugal,Porto,Braga,cust_00930,Oak Vanity Tray,Bath,Pure Bath,SKU-0056-01,,3,24.8,0,74.4,150.98,EUR,web
#3957,2026-07-23,paid,fulfilled,Portugal,Porto,Braga,cust_00930,Marble Bath Towel Set,Bath,Pure Bath,SKU-0057-02,,1,25.7,0,25.7,150.98,EUR,web
#3957,2026-07-23,paid,fulfilled,Portugal,Porto,Braga,cust_00930,Terracotta Wall Mirror,Decor,Casa Bonita,SKU-0048-03,Large,1,24.68,0,24.68,150.98,EUR,web
#2784,2026-02-08,paid,fulfilled,Spain,Andalucía,Sevilla,cust_01022,Brass Wall Art Print,Decor,Casa Bonita,SKU-0044-01,,1,23.35,0,23.35,74.22,EUR,web
#2784,2026-02-08,paid,fulfilled,Spain,Andalucía,Sevilla,cust_01022,Linen Ceramic Vase,Decor,Casa Bonita,SKU-0041-02,,1,37.99,0,37.99,74.22,EUR,web
#2818,2026-02-13,paid,fulfilled,Germany,Berlin,Berlin,cust_00864,Marble Cutting Board,Kitchen,Aurora Kitchen,SKU-0002-01,,1,13.17,1.36,11.81,32.34,EUR,web
#2818,2026-02-13,paid,fulfilled,Germany,Berlin,Berlin,cust_00864,Bamboo Bookend Pair,Decor,Casa Bonita,SKU-0047-02,,1,14.92,0,14.92,32.34,EUR,web
#2958,2026-03-05,paid,fulfilled,Spain,Madrid,Madrid,cust_00371,Marble Cutting Board,Kitchen,Aurora Kitchen,SKU-0002-01,Small,1,13.17,2.17,11,13.31,EUR,web
#1503,2025-10-09,paid,fulfilled,Germany,Hamburg,Hamburg,cust_00778,Marble Bath Mat,Bath,Pure Bath,SKU-0052-01,,2,31.82,0,63.64,127.68,EUR,web
#1503,2025-10-09,paid,fulfilled,Germany,Hamburg,Hamburg,cust_00778,Brass Wall Art Print,Decor,Casa Bonita,SKU-0044-02,,1,23.35,0,23.35,127.68,EUR,web
#1503,2025-10-09,paid,fulfilled,Germany,Hamburg,Hamburg,cust_00778,Ceramic Cast Iron Pan,Kitchen,Aurora Kitchen,SKU-0004-03,,1,22.58,4.05,18.53,127.68,EUR,web
#2535,2025-12-31,paid,fulfilled,Portugal,Lisboa,Lisboa,cust_00848,Ceramic Pillow Case Pair,Bedding,Nordic Sleep,SKU-0028-01,,1,43.58,0,43.58,52.73,EUR,web
#1465,2025-10-04,refunded,fulfilled,Spain,Valencia,Valencia,cust_00085,Brass Ceramic Vase,Decor,Casa Bonita,SKU-0049-01,,1,16.22,0,16.22,19.63,EUR,web
#2161,2025-12-05,partially_refunded,fulfilled,France,Île-de-France,Paris,cust_00108,Copper Wall Mirror,Decor,Casa Bonita,SKU-0040-01,,1,15.19,0,15.19,18.38,EUR,web
#2960,2026-03-06,paid,fulfilled,Germany,Hamburg,Hamburg,cust_00471,Marble Cutting Board,Kitchen,Aurora Kitchen,SKU-0002-01,Large,1,13.17,1.78,11.39,13.78,EUR,web
#2901,2026-02-27,paid,fulfilled,France,Provence,Marseille,cust_00516,Marble Cutting Board,Kitchen,Aurora Kitchen,SKU-0002-01,Charcoal,1,13.17,0,13.17,15.94,EUR,web
#1288,2025-09-10,paid,fulfilled,Spain,Valencia,Alicante,cust_00170,Stone Quilted Bedspread,Bedding,Nordic Sleep,SKU-0029-01,,4,33.99,0,135.96,164.51,EUR,pos
#2550,2026-01-02,partially_refunded,fulfilled,Spain,Madrid,Alcalá de Henares,cust_00074,Brass Wall Art Print,Decor,Casa Bonita,SKU-0044-01,,1,23.35,0,23.35,28.25,EUR,web
#1914,2025-11-15,paid,fulfilled,France,Île-de-France,Paris,cust_01044,Linen Reading Light,Lighting,Lumen Co,SKU-0036-01,,1,30.35,0,30.35,133.62,EUR,mobile
#1914,2025-11-15,paid,fulfilled,France,Île-de-France,Paris,cust_01044,Bamboo Garden Lantern,Outdoor,Terra Garden,SKU-0059-02,,2,40.04,0,80.08,133.62,EUR,mobile
#3121,2026-03-30,paid,fulfilled,Portugal,Porto,Porto,cust_00403,Marble Bath Mat,Bath,Pure Bath,SKU-0052-01,Charcoal,1,31.82,0,31.82,38.5,EUR,web
#2165,2025-12-05,paid,fulfilled,Netherlands,Noord-Holland,Amsterdam,cust_01101,Walnut Mixing Bowl,Kitchen,Aurora Kitchen,SKU-0008-01,Small,1,38.08,0,38.08,46.08,EUR,web
#3774,2026-06-26,partially_refunded,fulfilled,France,Occitanie,Montpellier,cust_00274,Oak Storage Jar,Kitchen,Aurora Kitchen,SKU-0016-01,Charcoal,1,23.74,0,23.74,28.73,EUR,web
#2805,2026-02-11,partially_refunded,fulfilled,Netherlands,Zuid-Holland,Rotterdam,cust_00549,Brass Wall Art Print,Decor,Casa Bonita,SKU-0044-01,,1,23.35,0,23.35,81.58,EUR,mobile
#2805,2026-02-11,partially_refunded,fulfilled,Netherlands,Zuid-Holland,Rotterdam,cust_00549,Walnut Linen Duvet,Bedding,Nordic Sleep,SKU-0017-02,,1,44.07,0,44.07,81.58,EUR,mobile
#3327,2026-04-27,paid,fulfilled,Italy,Lazio,Roma,cust_00465,Walnut Mattress Topper,Bedding,Nordic Sleep,SKU-0022-01,,3,62.76,30.89,157.39,220.3,EUR,web
#3327,2026-04-27,paid,fulfilled,Italy,Lazio,Roma,cust_00465,Terracotta Wall Mirror,Decor,Casa Bonita,SKU-0048-02,,1,24.68,0,24.68,220.3,EUR,web
#3866,2026-07-09,paid,fulfilled,Portugal,Porto,Braga,cust_01100,Terracotta Woven Basket,Decor,Casa Bonita,SKU-0043-01,,1,17.85,0,17.85,80.79,EUR,mobile
#3866,2026-07-09,paid,fulfilled,Portugal,Porto,Braga,cust_01100,Linen Table Runner,Decor,Casa Bonita,SKU-0046-02,Large,1,22.74,0,22.74,80.79,EUR,mobile
#3866,2026-07-09,paid,fulfilled,Portugal,Porto,Braga,cust_01100,Brass Ceramic Vase,Decor,Casa Bonita,SKU-0049-03,,2,16.22,6.26,26.18,80.79,EUR,mobile
#3920,2026-07-18,paid,fulfilled,Netherlands,Noord-Holland,Amsterdam,cust_00464,Linen Planter Pot,Outdoor,Terra Garden,SKU-0058-01,,2,32.68,0,65.36,79.09,EUR,web
#3341,2026-04-30,partially_refunded,fulfilled,France,Occitanie,Toulouse,cust_00866,Ceramic Tea Kettle,Kitchen,Aurora Kitchen,SKU-0009-01,,1,13.93,1.74,12.19,14.75,EUR,web
#3534,2026-05-24,paid,fulfilled,Italy,Lombardia,Bergamo,cust_00776,Copper Picture Frame,Decor,Casa Bonita,SKU-0050-01,Natural,1,17.19,0,17.19,20.8,EUR,web
#2641,2026-01-16,paid,fulfilled,France,Île-de-France,Paris,cust_00935,Walnut Linen Duvet,Bedding,Nordic Sleep,SKU-0017-01,Medium,2,44.07,0,88.14,106.65,EUR,web
#1523,2025-10-11,paid,fulfilled,Portugal,Porto,Braga,cust_00878,Brass Floor Lamp,Lighting,Lumen Co,SKU-0039-01,,2,57.5,10,105,127.05,EUR,web
#2469,2025-12-27,paid,fulfilled,Netherlands,Zuid-Holland,Rotterdam,cust_00281,Brass Ceramic Vase,Decor,Casa Bonita,SKU-0049-01,,1,16.22,2.24,13.98,50.38,EUR,mobile
#2469,2025-12-27,paid,fulfilled,Netherlands,Zuid-Holland,Rotterdam,cust_00281,Stone Robe,Bath,Pure Bath,SKU-0055-02,Large,1,27.66,0,27.66,50.38,EUR,mobile
#3398,2026-05-08,paid,fulfilled,Spain,Andalucía,Málaga,cust_00242,Stone Quilted Bedspread,Bedding,Nordic Sleep,SKU-0029-01,Natural,1,33.99,0,33.99,41.13,EUR,web
#1419,2025-09-27,paid,fulfilled,France,Provence,Nice,cust_00808,Ceramic Cast Iron Pan,Kitchen,Aurora Kitchen,SKU-0004-01,Large,1,22.58,0,22.58,27.32,EUR,web
#3510,2026-05-21,paid,fulfilled,Spain,Galicia,A Coruña,cust_01070,Linen Table Runner,Decor,Casa Bonita,SKU-0046-01,,1,22.74,0,22.74,27.52,EUR,web
#2068,2025-11-27,paid,fulfilled,Germany,Berlin,Berlin,cust_00667,Marble Cutting Board,Kitchen,Aurora Kitchen,SKU-0002-01,Charcoal,2,13.17,0,26.34,96.49,EUR,web
#2068,2025-11-27,paid,fulfilled,Germany,Berlin,Berlin,cust_00667,Bamboo Bookend Pair,Decor,Casa Bonita,SKU-0047-02,Small,1,14.92,0,14.92,96.49,EUR,web
#2068,2025-11-27,paid,fulfilled,Germany,Berlin,Berlin,cust_00667,Terracotta Pendant Light,Lighting,Lumen Co,SKU-0038-03,,1,38.48,0,38.48,96.49,EUR,web
#2878,2026-02-24,paid,fulfilled,Italy,Lombardia,Milano,cust_00710,Oak Storage Jar,Kitchen,Aurora Kitchen,SKU-0016-01,,2,23.74,0,47.48,57.45,EUR,web
#2916,2026-02-28,paid,fulfilled,France,Provence,Nice,cust_00291,Marble Bath Towel Set,Bath,Pure Bath,SKU-0057-01,,3,25.7,0,77.1,93.29,EUR,web
#2382,2025-12-20,paid,fulfilled,Spain,Andalucía,Málaga,cust_00242,Walnut Ceramic Bowl Set,Kitchen,Aurora Kitchen,SKU-0013-01,,1,41.03,7.38,33.65,40.72,EUR,web
#1020,2025-08-03,paid,fulfilled,Italy,Lombardia,Bergamo,cust_00776,Linen Planter Pot,Outdoor,Terra Garden,SKU-0058-01,,1,32.68,0,32.68,39.54,EUR,web
#1287,2025-09-09,paid,fulfilled,Germany,Berlin,Berlin,cust_00864,Stone Robe,Bath,Pure Bath,SKU-0055-01,,1,27.66,0,27.66,189.7,EUR,mobile
#1287,2025-09-09,paid,fulfilled,Germany,Berlin,Berlin,cust_00864,Bamboo Picture Frame,Decor,Casa Bonita,SKU-0042-02,Natural,4,32.28,0,129.12,189.7,EUR,mobile
#2776,2026-02-06,paid,fulfilled,Italy,Lombardia,Bergamo,cust_00780,Ceramic Cast Iron Pan,Kitchen,Aurora Kitchen,SKU-0004-01,,2,22.58,0,45.16,54.64,EUR,web
#3227,2026-04-15,paid,fulfilled,France,Île-de-France,Versailles,cust_00387,Copper Scented Candle,Decor,Casa Bonita,SKU-0045-01,Natural,1,8.24,0,8.24,9.97,EUR,pos
#3155,2026-04-04,paid,fulfilled,Italy,Lombardia,Bergamo,cust_00791,Ceramic Shower Curtain,Bath,Pure Bath,SKU-0054-01,,1,32.3,0,32.3,119.87,EUR,pos
#3155,2026-04-04,paid,fulfilled,Italy,Lombardia,Bergamo,cust_00791,Marble Cotton Sheet Set,Bedding,Nordic Sleep,SKU-0026-02,Small,1,66.77,0,66.77,119.87,EUR,pos
#1512,2025-10-10,paid,fulfilled,Portugal,Porto,Porto,cust_00972,Terracotta Woven Basket,Decor,Casa Bonita,SKU-0043-01,,1,17.85,0,17.85,21.6,EUR,web
#1595,2025-10-18,paid,fulfilled,Netherlands,Noord-Holland,Haarlem,cust_00448,Brass Wall Art Print,Decor,Casa Bonita,SKU-0044-01,,2,23.35,0,46.7,56.51,EUR,web
#3006,2026-03-13,paid,fulfilled,France,Provence,Marseille,cust_00444,Oak Storage Jar,Kitchen,Aurora Kitchen,SKU-0006-01,,1,27.52,0,27.52,206.27,EUR,web
#3006,2026-03-13,paid,fulfilled,France,Provence,Marseille,cust_00444,Stone Serving Platter,Kitchen,Aurora Kitchen,SKU-0010-02,Natural,1,28.1,0,28.1,206.27,EUR,web
#3006,2026-03-13,paid,fulfilled,France,Provence,Marseille,cust_00444,Copper String Lights,Lighting,Lumen Co,SKU-0035-03,,3,40.63,7.04,114.85,206.27,EUR,web
#2270,2025-12-12,paid,fulfilled,Germany,Berlin,Berlin,cust_00864,Walnut Wool Throw,Bedding,Nordic Sleep,SKU-0027-01,,4,63.89,0,255.56,350.36,EUR,web
#2270,2025-12-12,paid,fulfilled,Germany,Berlin,Berlin,cust_00864,Stone Quilted Bedspread,Bedding,Nordic Sleep,SKU-0029-02,,1,33.99,0,33.99,350.36,EUR,web
#3928,2026-07-19,paid,fulfilled,France,Île-de-France,Paris,cust_00259,Marble Cutting Board,Kitchen,Aurora Kitchen,SKU-0012-01,Small,1,15.09,0,15.09,18.26,EUR,web
#2837,2026-02-17,paid,fulfilled,Spain,Valencia,Alicante,cust_00513,Brass Wall Art Print,Decor,Casa Bonita,SKU-0044-01,Large,1,23.35,0,23.35,28.25,EUR,web
#1683,2025-10-26,paid,fulfilled,Spain,Cataluña,Barcelona,cust_00786,Ceramic Cast Iron Pan,Kitchen,Aurora Kitchen,SKU-0004-01,Large,1,22.58,0,22.58,27.32,EUR,web
#3574,2026-05-29,paid,fulfilled,Spain,Andalucía,Málaga,cust_00033,Ceramic Tea Kettle,Kitchen,Aurora Kitchen,SKU-0009-01,,1,13.93,0,13.93,201.49,EUR,web
#3574,2026-05-29,paid,fulfilled,Spain,Andalucía,Málaga,cust_00033,Marble Bath Towel Set,Bath,Pure Bath,SKU-0057-02,,1,25.7,4.44,21.26,201.49,EUR,web
#3574,2026-05-29,paid,fulfilled,Spain,Andalucía,Málaga,cust_00033,Marble Cotton Sheet Set,Bedding,Nordic Sleep,SKU-0026-03,Small,1,66.77,0,66.77,201.49,EUR,web
#3574,2026-05-29,paid,fulfilled,Spain,Andalucía,Málaga,cust_00033,Bamboo Picture Frame,Decor,Casa Bonita,SKU-0042-04,,2,32.28,0,64.56,201.49,EUR,web
#2688,2026-01-22,paid,fulfilled,Germany,Berlin,Berlin,cust_00828,Brass Ceramic Vase,Decor,Casa Bonita,SKU-0049-01,,1,16.22,0,16.22,46.95,EUR,web
#2688,2026-01-22,paid,fulfilled,Germany,Berlin,Berlin,cust_00828,Ceramic Cast Iron Pan,Kitchen,Aurora Kitchen,SKU-0004-02,,1,22.58,0,22.58,46.95,EUR,web
#2069,2025-11-27,paid,fulfilled,France,Provence,Nice,cust_00766,Brass Floor Lamp,Lighting,Lumen Co,SKU-0039-01,,1,57.5,4.4,53.1,64.25,EUR,web
#2742,2026-01-30,paid,fulfilled,Spain,Madrid,Madrid,cust_00054,Terracotta Woven Basket,Decor,Casa Bonita,SKU-0043-01,Small,4,17.85,0,71.4,154.19,EUR,web
#2742,2026-01-30,paid,fulfilled,Spain,Madrid,Madrid,cust_00054,Brass Wall Art Print,Decor,Casa Bonita,SKU-0044-02,,1,23.35,0,23.35,154.19,EUR,web
#2742,2026-01-30,paid,fulfilled,Spain,Madrid,Madrid,cust_00054,Linen Planter Pot,Outdoor,Terra Garden,SKU-0058-03,,1,32.68,0,32.68,154.19,EUR,web
#3811,2026-06-30,refunded,fulfilled,Germany,Hamburg,Hamburg,cust_00920,Walnut Mixing Bowl,Kitchen,Aurora Kitchen,SKU-0008-01,Natural,2,38.08,0,76.16,205.48,EUR,web
#3811,2026-06-30,refunded,fulfilled,Germany,Hamburg,Hamburg,cust_00920,Walnut Soap Dispenser,Bath,Pure Bath,SKU-0053-02,Charcoal,3,31.22,0,93.66,205.48,EUR,web
#1734,2025-11-01,paid,fulfilled,France,Occitanie,Montpellier,cust_00652,Copper Scented Candle,Decor,Casa Bonita,SKU-0045-01,,4,8.24,3.26,29.7,35.94,EUR,web
#2180,2025-12-06,paid,fulfilled,Spain,Galicia,A Coruña,cust_00958,Oak Chef Knife,Kitchen,Aurora Kitchen,SKU-0001-01,,1,24.54,2.9,21.64,129.76,EUR,web
#2180,2025-12-06,paid,fulfilled,Spain,Galicia,A Coruña,cust_00958,Brass Floor Lamp,Lighting,Lumen Co,SKU-0039-02,,1,57.5,0,57.5,129.76,EUR,web
#2180,2025-12-06,paid,fulfilled,Spain,Galicia,A Coruña,cust_00958,Stone Serving Platter,Kitchen,Aurora Kitchen,SKU-0010-03,Medium,1,28.1,0,28.1,129.76,EUR,web
#3924,2026-07-19,paid,partial,Spain,País Vasco,Bilbao,cust_00635,Oak Vanity Tray,Bath,Pure Bath,SKU-0056-01,,1,24.8,0,24.8,171.65,EUR,web
#3924,2026-07-19,paid,partial,Spain,País Vasco,Bilbao,cust_00635,Oak Chef Knife,Kitchen,Aurora Kitchen,SKU-0001-02,,2,24.54,0,49.08,171.65,EUR,web
#3924,2026-07-19,paid,partial,Spain,País Vasco,Bilbao,cust_00635,Stone Quilted Bedspread,Bedding,Nordic Sleep,SKU-0029-03,Small,2,33.99,0,67.98,171.65,EUR,web
#1689,2025-10-27,paid,fulfilled,France,Île-de-France,Versailles,cust_00575,Terracotta Outdoor Cushion,Outdoor,Terra Garden,SKU-0060-01,,1,23.39,1.49,21.9,79.64,EUR,mobile
#1689,2025-10-27,paid,fulfilled,France,Île-de-France,Versailles,cust_00575,Terracotta Woven Basket,Decor,Casa Bonita,SKU-0043-02,,1,17.85,0,17.85,79.64,EUR,mobile
#1689,2025-10-27,paid,fulfilled,France,Île-de-France,Versailles,cust_00575,Brass Ceramic Vase,Decor,Casa Bonita,SKU-0049-03,,2,16.22,6.37,26.07,79.64,EUR,mobile
#3815,2026-07-01,partially_refunded,unfulfilled,France,Île-de-France,Versailles,cust_00027,Brass Wall Art Print,Decor,Casa Bonita,SKU-0044-01,,4,23.35,13.27,80.13,150.22,EUR,web
#3815,2026-07-01,partially_refunded,unfulfilled,France,Île-de-France,Versailles,cust_00027,Walnut Ceramic Bowl Set,Kitchen,Aurora Kitchen,SKU-0003-02,,1,44.02,0,44.02,150.22,EUR,web
#2948,2026-03-04,paid,fulfilled,Spain,Madrid,Alcalá de Henares,cust_00727,Ceramic Tea Kettle,Kitchen,Aurora Kitchen,SKU-0009-01,Medium,1,13.93,0,13.93,35.11,EUR,web
#2948,2026-03-04,paid,fulfilled,Spain,Madrid,Alcalá de Henares,cust_00727,Marble Cutting Board,Kitchen,Aurora Kitchen,SKU-0012-02,,1,15.09,0,15.09,35.11,EUR,web
#2848,2026-02-19,paid,fulfilled,Spain,Madrid,Madrid,cust_00053,Bamboo Picture Frame,Decor,Casa Bonita,SKU-0042-01,,1,32.28,0,32.28,39.06,EUR,mobile
#1713,2025-10-29,paid,fulfilled,Spain,Galicia,A Coruña,cust_01132,Ceramic Cast Iron Pan,Kitchen,Aurora Kitchen,SKU-0004-01,,3,22.58,6.65,61.09,138.98,EUR,web
#1713,2025-10-29,paid,fulfilled,Spain,Galicia,A Coruña,cust_01132,Marble Quilted Bedspread,Bedding,Nordic Sleep,SKU-0021-02,,1,63.83,10.06,53.77,138.98,EUR,web
#2059,2025-11-27,paid,fulfilled,Spain,Andalucía,Sevilla,cust_00248,Walnut Mixing Bowl,Kitchen,Aurora Kitchen,SKU-0008-01,Medium,1,38.08,0,38.08,71.98,EUR,web
#2059,2025-11-27,paid,fulfilled,Spain,Andalucía,Sevilla,cust_00248,Marble Cutting Board,Kitchen,Aurora Kitchen,SKU-0002-02,,1,13.17,0,13.17,71.98,EUR,web
#2059,2025-11-27,paid,fulfilled,Spain,Andalucía,Sevilla,cust_00248,Copper Scented Candle,Decor,Casa Bonita,SKU-0045-03,,1,8.24,0,8.24,71.98,EUR,web
#2011,2025-11-23,refunded,fulfilled,Portugal,Porto,Porto,cust_01077,Brass Wall Art Print,Decor,Casa Bonita,SKU-0044-01,Large,1,23.35,0,23.35,28.25,EUR,mobile
#2947,2026-03-04,paid,fulfilled,Spain,Galicia,A Coruña,cust_01070,Stone Quilted Bedspread,Bedding,Nordic Sleep,SKU-0029-01,,1,33.99,6.28,27.71,140.18,EUR,web
#2947,2026-03-04,paid,fulfilled,Spain,Galicia,A Coruña,cust_01070,Walnut Linen Duvet,Bedding,Nordic Sleep,SKU-0017-02,,2,44.07,0,88.14,140.18,EUR,web
#2049,2025-11-26,paid,fulfilled,Netherlands,Zuid-Holland,Den Haag,cust_00798,Marble Bath Towel Set,Bath,Pure Bath,SKU-0057-01,,1,25.7,0,25.7,61.19,EUR,web
#2049,2025-11-26,paid,fulfilled,Netherlands,Zuid-Holland,Den Haag,cust_00798,Stone Robe,Bath,Pure Bath,SKU-0055-02,Natural,1,27.66,2.79,24.87,61.19,EUR,web
#3791,2026-06-28,paid,fulfilled,Spain,Galicia,Vigo,cust_00847,Terracotta Woven Basket,Decor,Casa Bonita,SKU-0043-01,Natural,1,17.85,0,17.85,21.6,EUR,web
#2956,2026-03-05,paid,fulfilled,Spain,Galicia,Vigo,cust_00503,Brass Wall Art Print,Decor,Casa Bonita,SKU-0044-01,,1,23.35,0,23.35,28.25,EUR,web
#3272,2026-04-19,paid,fulfilled,France,Île-de-France,Versailles,cust_00950,Ceramic Cotton Sheet Set,Bedding,Nordic Sleep,SKU-0018-01,,2,49.14,0,98.28,170.97,EUR,web
#3272,2026-04-19,paid,fulfilled,France,Île-de-France,Versailles,cust_00950,Stone Serving Platter,Kitchen,Aurora Kitchen,SKU-0010-02,Large,1,28.1,0,28.1,170.97,EUR,web
#3272,2026-04-19,paid,fulfilled,France,Île-de-France,Versailles,cust_00950,Bamboo Bookend Pair,Decor,Casa Bonita,SKU-0047-03,,1,14.92,0,14.92,170.97,EUR,web
#1064,2025-08-09,paid,fulfilled,Netherlands,Zuid-Holland,Rotterdam,cust_01023,Oak Linen Duvet,Bedding,Nordic Sleep,SKU-0025-01,,4,28.38,0,113.52,288.52,EUR,pos
#1064,2025-08-09,paid,fulfilled,Netherlands,Zuid-Holland,Rotterdam,cust_01023,Marble Cutting Board,Kitchen,Aurora Kitchen,SKU-0002-02,Small,1,13.17,0,13.17,288.52,EUR,pos
#1064,2025-08-09,paid,fulfilled,Netherlands,Zuid-Holland,Rotterdam,cust_01023,Walnut Ceramic Bowl Set,Kitchen,Aurora Kitchen,SKU-0003-03,,1,44.02,0,44.02,288.52,EUR,pos
#1064,2025-08-09,paid,fulfilled,Netherlands,Zuid-Holland,Rotterdam,cust_01023,Ceramic Cast Iron Pan,Kitchen,Aurora Kitchen,SKU-0004-04,,3,22.58,0,67.74,288.52,EUR,pos
#3981,2026-07-28,paid,partial,Spain,Valencia,Alicante,cust_00731,Bamboo Bookend Pair,Decor,Casa Bonita,SKU-0047-01,Large,1,14.92,0,14.92,87.33,EUR,web
#3981,2026-07-28,paid,partial,Spain,Valencia,Alicante,cust_00731,Marble Bath Mat,Bath,Pure Bath,SKU-0052-02,Small,1,31.82,0,31.82,87.33,EUR,web
#3981,2026-07-28,paid,partial,Spain,Valencia,Alicante,cust_00731,Copper Picture Frame,Decor,Casa Bonita,SKU-0050-03,,1,17.19,0,17.19,87.33,EUR,web
#3981,2026-07-28,paid,partial,Spain,Valencia,Alicante,cust_00731,Copper Scented Candle,Decor,Casa Bonita,SKU-0045-04,,1,8.24,0,8.24,87.33,EUR,web
#3200,2026-04-10,paid,fulfilled,Netherlands,Noord-Holland,Amsterdam,cust_00749,Marble Bath Mat,Bath,Pure Bath,SKU-0052-01,,1,31.82,0,31.82,79.63,EUR,web
#3200,2026-04-10,paid,fulfilled,Netherlands,Noord-Holland,Amsterdam,cust_00749,Stone Quilted Bedspread,Bedding,Nordic Sleep,SKU-0029-02,,1,33.99,0,33.99,79.63,EUR,web
#1717,2025-10-30,paid,fulfilled,Spain,Andalucía,Málaga,cust_00242,Stone Espresso Mug,Kitchen,Aurora Kitchen,SKU-0005-01,,1,17.01,0,17.01,77.19,EUR,web
#1717,2025-10-30,paid,fulfilled,Spain,Andalucía,Málaga,cust_00242,Terracotta Outdoor Cushion,Outdoor,Terra Garden,SKU-0060-02,Medium,2,23.39,0,46.78,77.19,EUR,web
#1867,2025-11-12,paid,fulfilled,Netherlands,Noord-Holland,Amsterdam,cust_01101,Terracotta Woven Basket,Decor,Casa Bonita,SKU-0043-01,,1,17.85,0,17.85,21.6,EUR,web
#3517,2026-05-22,paid,fulfilled,Netherlands,Noord-Holland,Haarlem,cust_00448,Marble Utensil Holder,Kitchen,Aurora Kitchen,SKU-0007-01,Medium,1,17.14,1.27,15.87,37.26,EUR,web
#3517,2026-05-22,paid,fulfilled,Netherlands,Noord-Holland,Haarlem,cust_00448,Bamboo Bookend Pair,Decor,Casa Bonita,SKU-0047-02,Natural,1,14.92,0,14.92,37.26,EUR,web
#3099,2026-03-25,paid,fulfilled,France,Île-de-France,Versailles,cust_00173,Ceramic Tea Kettle,Kitchen,Aurora Kitchen,SKU-0009-01,,2,13.93,0,27.86,33.71,EUR,web
#2004,2025-11-22,paid,fulfilled,France,Provence,Nice,cust_01089,Terracotta Woven Basket,Decor,Casa Bonita,SKU-0043-01,Small,1,17.85,0,17.85,74.92,EUR,web
#2004,2025-11-22,paid,fulfilled,France,Provence,Nice,cust_01089,Walnut Linen Duvet,Bedding,Nordic Sleep,SKU-0017-02,,1,44.07,0,44.07,74.92,EUR,web
#2953,2026-03-05,paid,fulfilled,Spain,Cataluña,Barcelona,cust_00618,Ceramic Cotton Sheet Set,Bedding,Nordic Sleep,SKU-0018-01,Charcoal,2,49.14,0,98.28,118.92,EUR,web
#1830,2025-11-09,refunded,fulfilled,Germany,Berlin,Berlin,cust_00659,Terracotta Woven Basket,Decor,Casa Bonita,SKU-0043-01,,1,17.85,0,17.85,21.6,EUR,web
#3525,2026-05-23,paid,fulfilled,France,Île-de-France,Paris,cust_00935,Walnut Linen Duvet,Bedding,Nordic Sleep,SKU-0017-01,Charcoal,1,44.07,0,44.07,53.32,EUR,web
#3124,2026-03-31,paid,fulfilled,Italy,Lazio,Roma,cust_00678,Terracotta Outdoor Cushion,Outdoor,Terra Garden,SKU-0060-01,Small,2,23.39,0,46.78,95.86,EUR,web
#3124,2026-03-31,paid,fulfilled,Italy,Lazio,Roma,cust_00678,Brass Ceramic Vase,Decor,Casa Bonita,SKU-0049-02,Small,2,16.22,0,32.44,95.86,EUR,web
#3709,2026-06-18,paid,fulfilled,Spain,Galicia,A Coruña,cust_00227,Marble Cutting Board,Kitchen,Aurora Kitchen,SKU-0002-01,Medium,1,13.17,0,13.17,15.94,EUR,web
#1247,2025-09-06,paid,fulfilled,Netherlands,Zuid-Holland,Den Haag,cust_00296,Bamboo Bookend Pair,Decor,Casa Bonita,SKU-0047-01,,1,14.92,0,14.92,59.18,EUR,web
#1247,2025-09-06,paid,fulfilled,Netherlands,Zuid-Holland,Den Haag,cust_00296,Stone Quilted Bedspread,Bedding,Nordic Sleep,SKU-0029-02,,1,33.99,0,33.99,59.18,EUR,web
#1390,2025-09-23,paid,fulfilled,Germany,Berlin,Berlin,cust_00828,Terracotta Woven Basket,Decor,Casa Bonita,SKU-0043-01,Natural,2,17.85,0,35.7,84.32,EUR,web
#1390,2025-09-23,paid,fulfilled,Germany,Berlin,Berlin,cust_00828,Stone Quilted Bedspread,Bedding,Nordic Sleep,SKU-0029-02,,1,33.99,0,33.99,84.32,EUR,web
#1769,2025-11-04,refunded,fulfilled,Italy,Lombardia,Milano,cust_00690,Bamboo Picture Frame,Decor,Casa Bonita,SKU-0042-01,,1,32.28,0,32.28,70.16,EUR,web
#1769,2025-11-04,refunded,fulfilled,Italy,Lombardia,Milano,cust_00690,Marble Bath Towel Set,Bath,Pure Bath,SKU-0057-02,Natural,1,25.7,0,25.7,70.16,EUR,web
#1997,2025-11-22,paid,fulfilled,Spain,Andalucía,Sevilla,cust_01114,Ceramic Tea Kettle,Kitchen,Aurora Kitchen,SKU-0009-01,Small,1,13.93,0,13.93,16.86,EUR,web
#3752,2026-06-23,paid,fulfilled,Spain,País Vasco,Bilbao,cust_00482,Terracotta Woven Basket,Decor,Casa Bonita,SKU-0043-01,Medium,1,17.85,0,17.85,21.6,EUR,pos
#3635,2026-06-07,paid,fulfilled,Germany,Hamburg,Hamburg,cust_00998,Walnut Soap Dispenser,Bath,Pure Bath,SKU-0053-01,Medium,2,31.22,0,62.44,75.55,EUR,web
#2288,2025-12-14,paid,fulfilled,Spain,Madrid,Alcalá de Henares,cust_00934,Terracotta Woven Basket,Decor,Casa Bonita,SKU-0043-01,,1,17.85,0,17.85,21.6,EUR,web
#1365,2025-09-21,paid,fulfilled,Germany,Hamburg,Hamburg,cust_01175,Terracotta Woven Basket,Decor,Casa Bonita,SKU-0043-01,,3,17.85,0,53.55,93.05,EUR,web
#1365,2025-09-21,paid,fulfilled,Germany,Hamburg,Hamburg,cust_01175,Brass Wall Art Print,Decor,Casa Bonita,SKU-0044-02,Charcoal,1,23.35,0,23.35,93.05,EUR,web
#3371,2026-05-04,paid,fulfilled,Germany,Berlin,Berlin,cust_00208,Oak Bath Towel Set,Bath,Pure Bath,SKU-0051-01,,1,25.27,0,25.27,30.58,EUR,web
#2660,2026-01-18,paid,fulfilled,Portugal,Porto,Braga,cust_01081,Bamboo Picture Frame,Decor,Casa Bonita,SKU-0042-01,,1,32.28,0,32.28,66.57,EUR,web
#2660,2026-01-18,paid,fulfilled,Portugal,Porto,Braga,cust_01081,Linen Table Runner,Decor,Casa Bonita,SKU-0046-02,Natural,1,22.74,0,22.74,66.57,EUR,web
#1674,2025-10-26,paid,fulfilled,France,Provence,Marseille,cust_01176,Marble Bath Mat,Bath,Pure Bath,SKU-0052-01,Charcoal,4,31.82,0,127.28,154.01,EUR,web
#3116,2026-03-29,paid,fulfilled,Germany,Hamburg,Hamburg,cust_00263,Terracotta Pendant Light,Lighting,Lumen Co,SKU-0038-01,,1,38.48,0,38.48,46.56,EUR,pos
#2087,2025-11-30,paid,fulfilled,Germany,Bayern,München,cust_00544,Brass Wall Art Print,Decor,Casa Bonita,SKU-0044-01,Natural,1,23.35,0,23.35,28.25,EUR,web
#1961,2025-11-19,paid,fulfilled,Spain,Andalucía,Sevilla,cust_00889,Ceramic Cast Iron Pan,Kitchen,Aurora Kitchen,SKU-0004-01,,1,22.58,0,22.58,27.32,EUR,web
#2118,2025-12-02,partially_refunded,fulfilled,Germany,Hamburg,Hamburg,cust_00276,Marble Bath Towel Set,Bath,Pure Bath,SKU-0057-01,,1,25.7,1.6,24.1,138.29,EUR,mobile
#2118,2025-12-02,partially_refunded,fulfilled,Germany,Hamburg,Hamburg,cust_00276,Stone Quilted Bedspread,Bedding,Nordic Sleep,SKU-0029-02,Charcoal,1,33.99,0,33.99,138.29,EUR,mobile
#2118,2025-12-02,partially_refunded,fulfilled,Germany,Hamburg,Hamburg,cust_00276,Stone Serving Platter,Kitchen,Aurora Kitchen,SKU-0010-03,Natural,2,28.1,0,56.2,138.29,EUR,mobile
#3418,2026-05-11,paid,fulfilled,Netherlands,Zuid-Holland,Rotterdam,cust_00668,Brass Wall Art Print,Decor,Casa Bonita,SKU-0044-01,,1,23.35,0,23.35,28.25,EUR,web
#1212,2025-09-01,paid,fulfilled,France,Île-de-France,Versailles,cust_00027,Marble Bath Towel Set,Bath,Pure Bath,SKU-0057-01,Large,1,25.7,0,25.7,31.1,EUR,web
#1898,2025-11-14,refunded,fulfilled,France,Île-de-France,Paris,cust_00935,Marble Bath Towel Set,Bath,Pure Bath,SKU-0057-01,,1,25.7,0,25.7,31.1,EUR,web
#2555,2026-01-03,paid,fulfilled,Germany,Bayern,München,cust_01040,Walnut Mixing Bowl,Kitchen,Aurora Kitchen,SKU-0008-01,,1,38.08,0,38.08,46.08,EUR,web
#2014,2025-11-23,paid,fulfilled,Germany,Hamburg,Hamburg,cust_00276,Marble Cutting Board,Kitchen,Aurora Kitchen,SKU-0002-01,Large,2,13.17,0,26.34,31.87,EUR,web
#2803,2026-02-11,paid,fulfilled,France,Occitanie,Toulouse,cust_01094,Stone Serving Platter,Kitchen,Aurora Kitchen,SKU-0010-01,,1,28.1,0,28.1,113.01,EUR,web
#2803,2026-02-11,paid,fulfilled,France,Occitanie,Toulouse,cust_01094,Brass Ceramic Vase,Decor,Casa Bonita,SKU-0049-02,,1,16.22,0,16.22,113.01,EUR,web
#2803,2026-02-11,paid,fulfilled,France,Occitanie,Toulouse,cust_01094,Oak Chef Knife,Kitchen,Aurora Kitchen,SKU-0001-03,,2,24.54,0,49.08,113.01,EUR,web
#3233,2026-04-15,paid,fulfilled,Spain,Cataluña,Girona,cust_01159,Walnut Linen Duvet,Bedding,Nordic Sleep,SKU-0017-01,Charcoal,1,44.07,0,44.07,53.32,EUR,web
#1538,2025-10-12,paid,fulfilled,Germany,Hamburg,Hamburg,cust_00096,Brass Wall Art Print,Decor,Casa Bonita,SKU-0044-01,Small,2,23.35,0,46.7,56.51,EUR,web
#1836,2025-11-09,paid,fulfilled,France,Occitanie,Toulouse,cust_00698,Bamboo Bookend Pair,Decor,Casa Bonita,SKU-0047-01,,1,14.92,0,14.92,105.1,EUR,web
#1836,2025-11-09,paid,fulfilled,France,Occitanie,Toulouse,cust_00698,Ceramic Tea Kettle,Kitchen,Aurora Kitchen,SKU-0009-02,Small,4,13.93,0,55.72,105.1,EUR,web
#1836,2025-11-09,paid,fulfilled,France,Occitanie,Toulouse,cust_00698,Brass Ceramic Vase,Decor,Casa Bonita,SKU-0049-03,,1,16.22,0,16.22,105.1,EUR,web
#3609,2026-06-03,paid,fulfilled,Netherlands,Noord-Holland,Amsterdam,cust_01101,Bamboo Picture Frame,Decor,Casa Bonita,SKU-0042-01,,1,32.28,0,32.28,144.32,EUR,mobile
#3609,2026-06-03,paid,fulfilled,Netherlands,Noord-Holland,Amsterdam,cust_01101,Marble Bath Mat,Bath,Pure Bath,SKU-0052-02,Large,2,31.82,0,63.64,144.32,EUR,mobile
#3609,2026-06-03,paid,fulfilled,Netherlands,Noord-Holland,Amsterdam,cust_01101,Brass Wall Art Print,Decor,Casa Bonita,SKU-0044-03,Natural,1,23.35,0,23.35,144.32,EUR,mobile
#2787,2026-02-08,paid,fulfilled,France,Provence,Marseille,cust_00443,Oak Bath Towel Set,Bath,Pure Bath,SKU-0051-01,,1,25.27,0,25.27,30.58,EUR,web
#1230,2025-09-03,paid,fulfilled,Spain,Galicia,Vigo,cust_00965,Terracotta Outdoor Cushion,Outdoor,Terra Garden,SKU-0060-01,,1,23.39,0,23.39,28.3,EUR,web
#3490,2026-05-19,paid,fulfilled,France,Île-de-France,Paris,cust_00347,Oak Bath Towel Set,Bath,Pure Bath,SKU-0051-01,,1,25.27,1.37,23.9,260.84,EUR,web
#3490,2026-05-19,paid,fulfilled,France,Île-de-France,Paris,cust_00347,Walnut Wool Throw,Bedding,Nordic Sleep,SKU-0027-02,Natural,3,63.89,0,191.67,260.84,EUR,web
#2051,2025-11-26,paid,fulfilled,Spain,País Vasco,Bilbao,cust_00938,Terracotta Woven Basket,Decor,Casa Bonita,SKU-0043-01,,1,17.85,2.01,15.84,52.64,EUR,web
#2051,2025-11-26,paid,fulfilled,Spain,País Vasco,Bilbao,cust_00938,Stone Robe,Bath,Pure Bath,SKU-0055-02,,1,27.66,0,27.66,52.64,EUR,web
#1339,2025-09-17,paid,fulfilled,Spain,Andalucía,Sevilla,cust_00889,Brass Candle Holder,Lighting,Lumen Co,SKU-0034-01,,1,43.61,0,43.61,52.77,EUR,web
#3261,2026-04-19,paid,fulfilled,Spain,Andalucía,Sevilla,cust_00154,Bamboo Table Lamp,Lighting,Lumen Co,SKU-0037-01,,1,39.74,3.6,36.14,43.73,EUR,web
#3823,2026-07-03,paid,fulfilled,Spain,Galicia,A Coruña,cust_00227,Bamboo Picture Frame,Decor,Casa Bonita,SKU-0042-01,Small,1,32.28,0,32.28,250.13,EUR,web
#3823,2026-07-03,paid,fulfilled,Spain,Galicia,A Coruña,cust_00227,Brass Candle Holder,Lighting,Lumen Co,SKU-0034-02,,4,43.61,0,174.44,250.13,EUR,web
#1743,2025-11-01,paid,fulfilled,Portugal,Porto,Braga,cust_00458,Marble Quilted Bedspread,Bedding,Nordic Sleep,SKU-0021-01,Natural,1,63.83,0,63.83,77.23,EUR,web
#1612,2025-10-19,paid,fulfilled,Spain,Galicia,A Coruña,cust_01069,Marble Bath Towel Set,Bath,Pure Bath,SKU-0057-01,,1,25.7,0,25.7,104.51,EUR,pos
#1612,2025-10-19,paid,fulfilled,Spain,Galicia,A Coruña,cust_01069,Oak Chef Knife,Kitchen,Aurora Kitchen,SKU-0011-02,Medium,1,33.15,0,33.15,104.51,EUR,pos
#1612,2025-10-19,paid,fulfilled,Spain,Galicia,A Coruña,cust_01069,Oak Storage Jar,Kitchen,Aurora Kitchen,SKU-0006-03,,1,27.52,0,27.52,104.51,EUR,pos
#3315,2026-04-26,partially_refunded,fulfilled,Spain,Valencia,Valencia,cust_00166,Bamboo Picture Frame,Decor,Casa Bonita,SKU-0042-01,,1,32.28,4.04,28.24,34.17,EUR,mobile
#3337,2026-04-29,paid,fulfilled,Spain,Galicia,Vigo,cust_00503,Marble Bath Mat,Bath,Pure Bath,SKU-0052-01,Large,1,31.82,0,31.82,38.5,EUR,pos
#2840,2026-02-17,paid,fulfilled,Spain,Andalucía,Sevilla,cust_00534,Ceramic Cast Iron Pan,Kitchen,Aurora Kitchen,SKU-0004-01,,1,22.58,2.13,20.45,24.74,EUR,web
#2186,2025-12-07,refunded,fulfilled,Germany,Hamburg,Hamburg,cust_01008,Stone Quilted Bedspread,Bedding,Nordic Sleep,SKU-0029-01,Charcoal,1,33.99,0,33.99,170.36,EUR,web
#2186,2025-12-07,refunded,fulfilled,Germany,Hamburg,Hamburg,cust_01008,Brass Wall Art Print,Decor,Casa Bonita,SKU-0044-02,,1,23.35,0,23.35,170.36,EUR,web
#2186,2025-12-07,refunded,fulfilled,Germany,Hamburg,Hamburg,cust_01008,Walnut Soap Dispenser,Bath,Pure Bath,SKU-0053-03,Small,1,31.22,0,31.22,170.36,EUR,web
#2186,2025-12-07,refunded,fulfilled,Germany,Hamburg,Hamburg,cust_01008,Stone Serving Platter,Kitchen,Aurora Kitchen,SKU-0010-04,,2,28.1,3.97,52.23,170.36,EUR,web
#3879,2026-07-12,paid,fulfilled,Spain,Galicia,Vigo,cust_00319,Brass Candle Holder,Lighting,Lumen Co,SKU-0034-01,,1,43.61,3.63,39.98,169.78,EUR,web
#3879,2026-07-12,paid,fulfilled,Spain,Galicia,Vigo,cust_00319,Walnut Wool Throw,Bedding,Nordic Sleep,SKU-0027-02,,1,63.89,0,63.89,169.78,EUR,web
#3879,2026-07-12,paid,fulfilled,Spain,Galicia,Vigo,cust_00319,Ceramic Cast Iron Pan,Kitchen,Aurora Kitchen,SKU-0014-03,Natural,1,40.12,3.68,36.44,169.78,EUR,web
#3059,2026-03-19,paid,fulfilled,Spain,Galicia,Vigo,cust_00301,Brass Ceramic Vase,Decor,Casa Bonita,SKU-0049-01,,1,16.22,3.17,13.05,15.79,EUR,web
#3666,2026-06-12,paid,fulfilled,Spain,Galicia,Vigo,cust_00617,Linen Reading Light,Lighting,Lumen Co,SKU-0036-01,,1,30.35,3.17,27.18,32.89,EUR,mobile
#3566,2026-05-28,paid,fulfilled,France,Occitanie,Toulouse,cust_00734,Marble Cutting Board,Kitchen,Aurora Kitchen,SKU-0002-01,Natural,1,13.17,0,13.17,73.39,EUR,web
#3566,2026-05-28,paid,fulfilled,France,Occitanie,Toulouse,cust_00734,Oak Storage Jar,Kitchen,Aurora Kitchen,SKU-0016-02,,2,23.74,0,47.48,73.39,EUR,web
#1978,2025-11-20,paid,fulfilled,Spain,Galicia,A Coruña,cust_00607,Linen Reading Light,Lighting,Lumen Co,SKU-0036-01,,2,30.35,0,60.7,73.45,EUR,web
#1807,2025-11-07,paid,fulfilled,Spain,Madrid,Alcalá de Henares,cust_00153,Bamboo Bookend Pair,Decor,Casa Bonita,SKU-0047-01,Small,1,14.92,0,14.92,231.35,EUR,web
#1807,2025-11-07,paid,fulfilled,Spain,Madrid,Alcalá de Henares,cust_00153,Walnut Mattress Topper,Bedding,Nordic Sleep,SKU-0022-02,,3,62.76,28.48,159.8,231.35,EUR,web
#1807,2025-11-07,paid,fulfilled,Spain,Madrid,Alcalá de Henares,cust_00153,Copper Scented Candle,Decor,Casa Bonita,SKU-0045-03,Charcoal,2,8.24,0,16.48,231.35,EUR,web
#3601,2026-06-02,paid,fulfilled,Italy,Lombardia,Bergamo,cust_00914,Bamboo Picture Frame,Decor,Casa Bonita,SKU-0042-01,,1,32.28,0,32.28,39.06,EUR,web
#2202,2025-12-07,refunded,fulfilled,Spain,Andalucía,Málaga,cust_00187,Oak Bath Towel Set,Bath,Pure Bath,SKU-0051-01,,2,25.27,0,50.54,133.38,EUR,web
#2202,2025-12-07,refunded,fulfilled,Spain,Andalucía,Málaga,cust_00187,Marble Bath Towel Set,Bath,Pure Bath,SKU-0057-02,Charcoal,1,25.7,0,25.7,133.38,EUR,web
#2202,2025-12-07,refunded,fulfilled,Spain,Andalucía,Málaga,cust_00187,Stone Quilted Bedspread,Bedding,Nordic Sleep,SKU-0029-03,,1,33.99,0,33.99,133.38,EUR,web
#3533,2026-05-24,paid,fulfilled,France,Provence,Nice,cust_00808,Ceramic Cast Iron Pan,Kitchen,Aurora Kitchen,SKU-0004-01,,1,22.58,0,22.58,134.76,EUR,web
#3533,2026-05-24,paid,fulfilled,France,Provence,Nice,cust_00808,Stone Espresso Mug,Kitchen,Aurora Kitchen,SKU-0015-02,,1,20.8,2.06,18.74,134.76,EUR,web
#3533,2026-05-24,paid,fulfilled,France,Provence,Nice,cust_00808,Brass Wall Art Print,Decor,Casa Bonita,SKU-0044-03,,3,23.35,0,70.05,134.76,EUR,web
#1617,2025-10-20,paid,fulfilled,Spain,Galicia,Vigo,cust_00893,Terracotta Pendant Light,Lighting,Lumen Co,SKU-0038-01,,1,38.48,3.86,34.62,60.15,EUR,web
#1617,2025-10-20,paid,fulfilled,Spain,Galicia,Vigo,cust_00893,Marble Cutting Board,Kitchen,Aurora Kitchen,SKU-0012-02,,1,15.09,0,15.09,60.15,EUR,web
#3473,2026-05-16,paid,fulfilled,Spain,Galicia,Vigo,cust_00617,Copper Wall Mirror,Decor,Casa Bonita,SKU-0040-01,,2,15.19,0,30.38,36.76,EUR,web
#2077,2025-11-29,paid,fulfilled,France,Île-de-France,Paris,cust_00521,Marble Bath Towel Set,Bath,Pure Bath,SKU-0057-01,,1,25.7,0,25.7,127.99,EUR,web
#2077,2025-11-29,paid,fulfilled,France,Île-de-France,Paris,cust_00521,Bamboo Garden Lantern,Outdoor,Terra Garden,SKU-0059-02,Charcoal,2,40.04,0,80.08,127.99,EUR,web
#1751,2025-11-02,paid,fulfilled,France,Île-de-France,Paris,cust_00069,Copper Scented Candle,Decor,Casa Bonita,SKU-0045-01,,1,8.24,0,8.24,58.06,EUR,mobile
#1751,2025-11-02,paid,fulfilled,France,Île-de-France,Paris,cust_00069,Bamboo Table Lamp,Lighting,Lumen Co,SKU-0037-02,,1,39.74,0,39.74,58.06,EUR,mobile
#3917,2026-07-17,paid,unfulfilled,Portugal,Lisboa,Lisboa,cust_00570,Bamboo Bookend Pair,Decor,Casa Bonita,SKU-0047-01,Large,1,14.92,0,14.92,124.58,EUR,web
#3917,2026-07-17,paid,unfulfilled,Portugal,Lisboa,Lisboa,cust_00570,Walnut Ceramic Bowl Set,Kitchen,Aurora Kitchen,SKU-0003-02,,2,44.02,0,88.04,124.58,EUR,web
#3873,2026-07-10,paid,unfulfilled,Italy,Lazio,Roma,cust_01157,Terracotta Outdoor Cushion,Outdoor,Terra Garden,SKU-0060-02,,1,23.39,0,23.39,83.8,EUR,web
#3873,2026-07-10,paid,unfulfilled,Italy,Lazio,Roma,cust_01157,Linen Pendant Light,Lighting,Lumen Co,SKU-0031-03,Medium,1,45.87,0,45.87,83.8,EUR,web
#2307,2025-12-15,paid,fulfilled,Germany,Berlin,Berlin,cust_00417,Bamboo Bookend Pair,Decor,Casa Bonita,SKU-0047-01,,1,14.92,0,14.92,115.14,EUR,web
#2307,2025-12-15,paid,fulfilled,Germany,Berlin,Berlin,cust_00417,Ceramic Cast Iron Pan,Kitchen,Aurora Kitchen,SKU-0014-02,,2,40.12,0,80.24,115.14,EUR,web
#1356,2025-09-20,partially_refunded,fulfilled,Italy,Lombardia,Milano,cust_01006,Bamboo Bookend Pair,Decor,Casa Bonita,SKU-0047-01,Small,1,14.92,0,14.92,18.05,EUR,web
#1504,2025-10-09,paid,fulfilled,Spain,Cataluña,Girona,cust_00787,Bamboo Floor Lamp,Lighting,Lumen Co,SKU-0032-01,,2,46.35,6.47,86.23,136.21,EUR,web
#1504,2025-10-09,paid,fulfilled,Spain,Cataluña,Girona,cust_00787,Marble Cutting Board,Kitchen,Aurora Kitchen,SKU-0002-02,,2,13.17,0,26.34,136.21,EUR,web
#3619,2026-06-05,refunded,fulfilled,Spain,Galicia,A Coruña,cust_00215,Brass Ceramic Vase,Decor,Casa Bonita,SKU-0049-01,,1,16.22,0,16.22,19.63,EUR,web
#3896,2026-07-14,paid,partial,Netherlands,Zuid-Holland,Rotterdam,cust_00525,Ceramic Shower Curtain,Bath,Pure Bath,SKU-0054-01,,1,32.3,6.31,25.99,67.55,EUR,web
#3896,2026-07-14,paid,partial,Netherlands,Zuid-Holland,Rotterdam,cust_00525,Bamboo Bookend Pair,Decor,Casa Bonita,SKU-0047-02,Medium,2,14.92,0,29.84,67.55,EUR,web
#1720,2025-10-30,paid,fulfilled,Spain,Galicia,A Coruña,cust_00669,Marble Bath Mat,Bath,Pure Bath,SKU-0052-01,Small,1,31.82,0,31.82,94.27,EUR,web
#1720,2025-10-30,paid,fulfilled,Spain,Galicia,A Coruña,cust_00669,Brass Wall Art Print,Decor,Casa Bonita,SKU-0044-02,,1,23.35,0,23.35,94.27,EUR,web
#1720,2025-10-30,paid,fulfilled,Spain,Galicia,A Coruña,cust_00669,Linen Table Runner,Decor,Casa Bonita,SKU-0046-03,,1,22.74,0,22.74,94.27,EUR,web
#1494,2025-10-07,paid,fulfilled,Portugal,Porto,Porto,cust_00865,Marble Cutting Board,Kitchen,Aurora Kitchen,SKU-0002-01,Medium,2,13.17,0,26.34,31.87,EUR,web
#2258,2025-12-11,paid,fulfilled,Portugal,Lisboa,Lisboa,cust_00848,Bamboo Picture Frame,Decor,Casa Bonita,SKU-0042-01,,2,32.28,0,64.56,131.59,EUR,web
#2258,2025-12-11,paid,fulfilled,Portugal,Lisboa,Lisboa,cust_00848,Marble Cutting Board,Kitchen,Aurora Kitchen,SKU-0002-02,Large,2,13.17,0,26.34,131.59,EUR,web
#2258,2025-12-11,paid,fulfilled,Portugal,Lisboa,Lisboa,cust_00848,Terracotta Woven Basket,Decor,Casa Bonita,SKU-0043-03,,1,17.85,0,17.85,131.59,EUR,web
#1097,2025-08-14,refunded,fulfilled,Portugal,Porto,Braga,cust_00886,Bamboo Picture Frame,Decor,Casa Bonita,SKU-0042-01,Medium,1,32.28,0,32.28,66.57,EUR,web
#1097,2025-08-14,refunded,fulfilled,Portugal,Porto,Braga,cust_00886,Linen Table Runner,Decor,Casa Bonita,SKU-0046-02,Large,1,22.74,0,22.74,66.57,EUR,web
#3760,2026-06-24,paid,fulfilled,Spain,Cataluña,Barcelona,cust_00924,Stone Quilted Bedspread,Bedding,Nordic Sleep,SKU-0029-01,,1,33.99,0,33.99,41.13,EUR,web
#3994,2026-07-31,paid,partial,Spain,Andalucía,Sevilla,cust_00606,Marble Bath Towel Set,Bath,Pure Bath,SKU-0057-01,Charcoal,1,25.7,0,25.7,31.1,EUR,web
#3019,2026-03-14,paid,fulfilled,Spain,País Vasco,San Sebastián,cust_00432,Ceramic Cast Iron Pan,Kitchen,Aurora Kitchen,SKU-0004-01,,4,22.58,0,90.32,109.29,EUR,web
#2460,2025-12-26,paid,fulfilled,France,Île-de-France,Versailles,cust_00424,Ceramic Cast Iron Pan,Kitchen,Aurora Kitchen,SKU-0004-01,,1,22.58,0,22.58,75.77,EUR,web
#2460,2025-12-26,paid,fulfilled,France,Île-de-France,Versailles,cust_00424,Bamboo Garden Lantern,Outdoor,Terra Garden,SKU-0059-02,,1,40.04,0,40.04,75.77,EUR,web
#2713,2026-01-26,paid,fulfilled,Spain,Galicia,A Coruña,cust_00404,Linen Table Runner,Decor,Casa Bonita,SKU-0046-01,,1,22.74,1.17,21.57,115.72,EUR,web
#2713,2026-01-26,paid,fulfilled,Spain,Galicia,A Coruña,cust_00404,Ceramic Tea Kettle,Kitchen,Aurora Kitchen,SKU-0009-02,,3,13.93,0,41.79,115.72,EUR,web
#2713,2026-01-26,paid,fulfilled,Spain,Galicia,A Coruña,cust_00404,Bamboo Picture Frame,Decor,Casa Bonita,SKU-0042-03,,1,32.28,0,32.28,115.72,EUR,web
#2151,2025-12-04,refunded,fulfilled,France,Île-de-France,Versailles,cust_00621,Brass Wall Art Print,Decor,Casa Bonita,SKU-0044-01,,1,23.35,0,23.35,186.61,EUR,web
#2151,2025-12-04,refunded,fulfilled,France,Île-de-France,Versailles,cust_00621,Marble Bath Mat,Bath,Pure Bath,SKU-0052-02,Natural,1,31.82,0,31.82,186.61,EUR,web
#2151,2025-12-04,refunded,fulfilled,France,Île-de-France,Versailles,cust_00621,Marble Cotton Sheet Set,Bedding,Nordic Sleep,SKU-0026-03,Medium,1,66.77,0,66.77,186.61,EUR,web
#2151,2025-12-04,refunded,fulfilled,France,Île-de-France,Versailles,cust_00621,Bamboo Picture Frame,Decor,Casa Bonita,SKU-0042-04,,1,32.28,0,32.28,186.61,EUR,web
#1223,2025-09-02,paid,fulfilled,France,Occitanie,Montpellier,cust_00203,Ceramic Cast Iron Pan,Kitchen,Aurora Kitchen,SKU-0004-01,,2,22.58,0,45.16,54.64,EUR,mobile
#1739,2025-11-01,paid,fulfilled,Spain,Valencia,Alicante,cust_00116,Terracotta Wall Mirror,Decor,Casa Bonita,SKU-0048-01,,1,24.68,2.79,21.89,65.55,EUR,web
#1739,2025-11-01,paid,fulfilled,Spain,Valencia,Alicante,cust_00116,Bamboo Picture Frame,Decor,Casa Bonita,SKU-0042-02,,1,32.28,0,32.28,65.55,EUR,web
#1653,2025-10-23,paid,fulfilled,Italy,Lombardia,Milano,cust_00690,Brass Ceramic Vase,Decor,Casa Bonita,SKU-0049-01,Natural,1,16.22,0,16.22,19.63,EUR,mobile
#1266,2025-09-08,paid,fulfilled,Spain,Madrid,Madrid,cust_00899,Terracotta Woven Basket,Decor,Casa Bonita,SKU-0043-01,,1,17.85,0,17.85,79,EUR,web
#1266,2025-09-08,paid,fulfilled,Spain,Madrid,Madrid,cust_00899,Brass Ceramic Vase,Decor,Casa Bonita,SKU-0049-02,,1,16.22,0,16.22,79,EUR,web
#1266,2025-09-08,paid,fulfilled,Spain,Madrid,Madrid,cust_00899,Walnut Soap Dispenser,Bath,Pure Bath,SKU-0053-03,,1,31.22,0,31.22,79,EUR,web
#1029,2025-08-05,paid,fulfilled,France,Occitanie,Toulouse,cust_00866,Terracotta Outdoor Cushion,Outdoor,Terra Garden,SKU-0060-01,,3,23.39,0,70.17,169.33,EUR,web
#1029,2025-08-05,paid,fulfilled,France,Occitanie,Toulouse,cust_00866,Marble Bath Towel Set,Bath,Pure Bath,SKU-0057-02,,1,25.7,0,25.7,169.33,EUR,web
#1029,2025-08-05,paid,fulfilled,France,Occitanie,Toulouse,cust_00866,Walnut Linen Duvet,Bedding,Nordic Sleep,SKU-0017-03,,1,44.07,0,44.07,169.33,EUR,web
#2070,2025-11-28,paid,fulfilled,Germany,Bayern,Nürnberg,cust_00019,Oak Chef Knife,Kitchen,Aurora Kitchen,SKU-0001-01,,1,24.54,0,24.54,138.74,EUR,web
#2070,2025-11-28,paid,fulfilled,Germany,Bayern,Nürnberg,cust_00019,Brass Wall Art Print,Decor,Casa Bonita,SKU-0044-02,,1,23.35,0,23.35,138.74,EUR,web
#2070,2025-11-28,paid,fulfilled,Germany,Bayern,Nürnberg,cust_00019,Marble Cotton Sheet Set,Bedding,Nordic Sleep,SKU-0026-03,,1,66.77,0,66.77,138.74,EUR,web
#2315,2025-12-15,paid,fulfilled,Netherlands,Zuid-Holland,Den Haag,cust_00537,Walnut Linen Duvet,Bedding,Nordic Sleep,SKU-0017-01,Natural,1,44.07,0,44.07,53.32,EUR,pos
#2642,2026-01-16,paid,fulfilled,Spain,Cataluña,Barcelona,cust_00764,Ceramic Cast Iron Pan,Kitchen,Aurora Kitchen,SKU-0004-01,,3,22.58,0,67.74,96.95,EUR,web
#2642,2026-01-16,paid,fulfilled,Spain,Cataluña,Barcelona,cust_00764,Marble Cutting Board,Kitchen,Aurora Kitchen,SKU-0002-02,,1,13.17,0.79,12.38,96.95,EUR,web
#2024,2025-11-24,paid,fulfilled,Spain,Cataluña,Barcelona,cust_00453,Bamboo Picture Frame,Decor,Casa Bonita,SKU-0042-01,,1,32.28,3.45,28.83,53.14,EUR,mobile
#2024,2025-11-24,paid,fulfilled,Spain,Cataluña,Barcelona,cust_00453,Marble Cutting Board,Kitchen,Aurora Kitchen,SKU-0012-02,Charcoal,1,15.09,0,15.09,53.14,EUR,mobile
#1817,2025-11-08,paid,fulfilled,Portugal,Lisboa,Lisboa,cust_01107,Marble Bath Mat,Bath,Pure Bath,SKU-0052-01,Small,1,31.82,0,31.82,38.5,EUR,web
#3278,2026-04-20,paid,fulfilled,Germany,Hamburg,Hamburg,cust_00470,Walnut Linen Duvet,Bedding,Nordic Sleep,SKU-0017-01,Large,1,44.07,0,44.07,128.47,EUR,web
#3278,2026-04-20,paid,fulfilled,Germany,Hamburg,Hamburg,cust_00470,Bamboo Picture Frame,Decor,Casa Bonita,SKU-0042-02,,1,32.28,0,32.28,128.47,EUR,web
#3278,2026-04-20,paid,fulfilled,Germany,Hamburg,Hamburg,cust_00470,Brass Wall Art Print,Decor,Casa Bonita,SKU-0044-03,,1,23.35,1.77,21.58,128.47,EUR,web
#3278,2026-04-20,paid,fulfilled,Germany,Hamburg,Hamburg,cust_00470,Copper Scented Candle,Decor,Casa Bonita,SKU-0045-04,,1,8.24,0,8.24,128.47,EUR,web
#2974,2026-03-07,paid,fulfilled,Spain,Madrid,Madrid,cust_00468,Stone Serving Platter,Kitchen,Aurora Kitchen,SKU-0010-01,Medium,1,28.1,0,28.1,111.31,EUR,mobile
#2974,2026-03-07,paid,fulfilled,Spain,Madrid,Madrid,cust_00468,Walnut Wool Throw,Bedding,Nordic Sleep,SKU-0027-02,,1,63.89,0,63.89,111.31,EUR,mobile
#3772,2026-06-25,paid,fulfilled,Spain,Galicia,A Coruña,cust_01070,Bamboo Picture Frame,Decor,Casa Bonita,SKU-0042-01,Charcoal,1,32.28,0,32.28,84.43,EUR,pos
#3772,2026-06-25,paid,fulfilled,Spain,Galicia,A Coruña,cust_01070,Bamboo Bookend Pair,Decor,Casa Bonita,SKU-0047-02,Natural,1,14.92,0,14.92,84.43,EUR,pos
#3772,2026-06-25,paid,fulfilled,Spain,Galicia,A Coruña,cust_01070,Ceramic Cast Iron Pan,Kitchen,Aurora Kitchen,SKU-0004-03,,1,22.58,0,22.58,84.43,EUR,pos
#2592,2026-01-07,paid,fulfilled,Italy,Lombardia,Milano,cust_00206,Marble Cutting Board,Kitchen,Aurora Kitchen,SKU-0002-01,,1,13.17,0,13.17,109.23,EUR,web
#2592,2026-01-07,paid,fulfilled,Italy,Lombardia,Milano,cust_00206,Marble Bath Towel Set,Bath,Pure Bath,SKU-0057-02,,3,25.7,0,77.1,109.23,EUR,web
#2249,2025-12-11,paid,fulfilled,Spain,País Vasco,San Sebastián,cust_00599,Copper Wall Mirror,Decor,Casa Bonita,SKU-0040-01,Medium,3,15.19,0,45.57,137.4,EUR,mobile
#2249,2025-12-11,paid,fulfilled,Spain,País Vasco,San Sebastián,cust_00599,Stone Quilted Bedspread,Bedding,Nordic Sleep,SKU-0029-02,Small,2,33.99,0,67.98,137.4,EUR,mobile
#3100,2026-03-25,refunded,fulfilled,Spain,Valencia,Alicante,cust_00105,Oak Chef Knife,Kitchen,Aurora Kitchen,SKU-0001-01,,1,24.54,0,24.54,117.3,EUR,mobile
#3100,2026-03-25,refunded,fulfilled,Spain,Valencia,Alicante,cust_00105,Bamboo Picture Frame,Decor,Casa Bonita,SKU-0042-02,,1,32.28,0,32.28,117.3,EUR,mobile
#3100,2026-03-25,refunded,fulfilled,Spain,Valencia,Alicante,cust_00105,Ceramic Cast Iron Pan,Kitchen,Aurora Kitchen,SKU-0014-03,,1,40.12,0,40.12,117.3,EUR,mobile
#2883,2026-02-24,paid,fulfilled,Germany,Hamburg,Hamburg,cust_00302,Linen Planter Pot,Outdoor,Terra Garden,SKU-0058-01,,1,32.68,0,32.68,39.54,EUR,web
#1330,2025-09-16,paid,fulfilled,Spain,Madrid,Madrid,cust_00054,Brass Ceramic Vase,Decor,Casa Bonita,SKU-0049-01,,1,16.22,0,16.22,19.63,EUR,mobile
#2618,2026-01-12,paid,fulfilled,Italy,Lazio,Roma,cust_00189,Ceramic Cast Iron Pan,Kitchen,Aurora Kitchen,SKU-0014-01,,1,40.12,0,40.12,168.17,EUR,web
#2618,2026-01-12,paid,fulfilled,Italy,Lazio,Roma,cust_00189,Marble Bath Towel Set,Bath,Pure Bath,SKU-0057-02,,2,25.7,0,51.4,168.17,EUR,web
#2618,2026-01-12,paid,fulfilled,Italy,Lazio,Roma,cust_00189,Brass Ceramic Vase,Decor,Casa Bonita,SKU-0049-03,Medium,1,16.22,2.75,13.47,168.17,EUR,web
#2618,2026-01-12,paid,fulfilled,Italy,Lazio,Roma,cust_00189,Stone Quilted Bedspread,Bedding,Nordic Sleep,SKU-0029-04,,1,33.99,0,33.99,168.17,EUR,web
#2744,2026-01-31,paid,fulfilled,Italy,Lazio,Roma,cust_00979,Terracotta Woven Basket,Decor,Casa Bonita,SKU-0043-01,Medium,1,17.85,0,17.85,21.6,EUR,web
#2027,2025-11-24,partially_refunded,fulfilled,Portugal,Lisboa,Cascais,cust_00773,Marble Bath Mat,Bath,Pure Bath,SKU-0052-01,,1,31.82,3.29,28.53,34.52,EUR,web
#2985,2026-03-08,paid,fulfilled,Italy,Lazio,Roma,cust_00678,Copper Table Lamp,Lighting,Lumen Co,SKU-0030-01,,1,31.58,0,31.58,56.59,EUR,mobile
#2985,2026-03-08,paid,fulfilled,Italy,Lazio,Roma,cust_00678,Copper Wall Mirror,Decor,Casa Bonita,SKU-0040-02,,1,15.19,0,15.19,56.59,EUR,mobile
#3764,2026-06-25,paid,fulfilled,Germany,Bayern,München,cust_00157,Oak Bath Towel Set,Bath,Pure Bath,SKU-0051-01,,3,25.27,0,75.81,91.73,EUR,web
#1311,2025-09-13,paid,fulfilled,France,Provence,Nice,cust_00808,Marble Cutting Board,Kitchen,Aurora Kitchen,SKU-0012-01,,2,15.09,0,30.18,36.52,EUR,mobile
#1877,2025-11-12,paid,fulfilled,Germany,Berlin,Berlin,cust_00050,Oak Bath Towel Set,Bath,Pure Bath,SKU-0051-01,Large,3,25.27,0,75.81,151.19,EUR,web
#1877,2025-11-12,paid,fulfilled,Germany,Berlin,Berlin,cust_00050,Ceramic Cotton Sheet Set,Bedding,Nordic Sleep,SKU-0018-02,Small,1,49.14,0,49.14,151.19,EUR,web
#2496,2025-12-29,paid,fulfilled,Portugal,Porto,Braga,cust_01198,Marble Bath Towel Set,Bath,Pure Bath,SKU-0057-01,Medium,1,25.7,4.14,21.56,26.09,EUR,web
#2166,2025-12-05,paid,fulfilled,France,Provence,Marseille,cust_01049,Stone Espresso Mug,Kitchen,Aurora Kitchen,SKU-0005-01,,2,17.01,0,34.02,113.38,EUR,web
#2166,2025-12-05,paid,fulfilled,France,Provence,Marseille,cust_01049,Marble Bath Mat,Bath,Pure Bath,SKU-0052-02,,1,31.82,0,31.82,113.38,EUR,web
#2166,2025-12-05,paid,fulfilled,France,Provence,Marseille,cust_01049,Ceramic Tea Kettle,Kitchen,Aurora Kitchen,SKU-0009-03,,2,13.93,0,27.86,113.38,EUR,web
#2090,2025-11-30,partially_refunded,fulfilled,Spain,Andalucía,Málaga,cust_00882,Bamboo Garden Lantern,Outdoor,Terra Garden,SKU-0059-01,Natural,1,40.04,3.38,36.66,44.36,EUR,web
#1551,2025-10-14,paid,fulfilled,Germany,Bayern,München,cust_00837,Copper Scented Candle,Decor,Casa Bonita,SKU-0045-01,,4,8.24,0,32.96,39.88,EUR,web
#3489,2026-05-18,paid,fulfilled,Italy,Lazio,Roma,cust_00399,Ceramic Cast Iron Pan,Kitchen,Aurora Kitchen,SKU-0014-01,,1,40.12,3.21,36.91,71.98,EUR,web
#3489,2026-05-18,paid,fulfilled,Italy,Lazio,Roma,cust_00399,Ceramic Cast Iron Pan,Kitchen,Aurora Kitchen,SKU-0004-02,Natural,1,22.58,0,22.58,71.98,EUR,web
#2477,2025-12-28,paid,fulfilled,Spain,Cataluña,Girona,cust_01159,Walnut Mixing Bowl,Kitchen,Aurora Kitchen,SKU-0008-01,,1,38.08,0,38.08,128.33,EUR,web
#2477,2025-12-28,paid,fulfilled,Spain,Cataluña,Girona,cust_01159,Stone Quilted Bedspread,Bedding,Nordic Sleep,SKU-0029-02,Charcoal,2,33.99,0,67.98,128.33,EUR,web
#3157,2026-04-04,paid,fulfilled,Germany,Hamburg,Hamburg,cust_00470,Bamboo Bookend Pair,Decor,Casa Bonita,SKU-0047-01,Large,2,14.92,3.23,26.61,32.2,EUR,web
#3973,2026-07-27,paid,fulfilled,France,Occitanie,Toulouse,cust_00356,Walnut Ceramic Bowl Set,Kitchen,Aurora Kitchen,SKU-0013-01,,1,41.03,0,41.03,134.01,EUR,web
#3973,2026-07-27,paid,fulfilled,France,Occitanie,Toulouse,cust_00356,Marble Bath Towel Set,Bath,Pure Bath,SKU-0057-02,,1,25.7,0,25.7,134.01,EUR,web
#3973,2026-07-27,paid,fulfilled,France,Occitanie,Toulouse,cust_00356,Walnut Ceramic Bowl Set,Kitchen,Aurora Kitchen,SKU-0003-03,,1,44.02,0,44.02,134.01,EUR,web
#1341,2025-09-18,paid,fulfilled,Spain,Cataluña,Barcelona,cust_00068,Linen Table Runner,Decor,Casa Bonita,SKU-0046-01,,1,22.74,0,22.74,64.24,EUR,web
#1341,2025-09-18,paid,fulfilled,Spain,Cataluña,Barcelona,cust_00068,Linen Reading Light,Lighting,Lumen Co,SKU-0036-02,Medium,1,30.35,0,30.35,64.24,EUR,web
#1559,2025-10-15,paid,fulfilled,Portugal,Lisboa,Cascais,cust_00363,Terracotta Woven Basket,Decor,Casa Bonita,SKU-0043-01,,1,17.85,0,17.85,21.6,EUR,web
#3015,2026-03-14,paid,fulfilled,Germany,Berlin,Berlin,cust_00828,Copper Table Lamp,Lighting,Lumen Co,SKU-0030-01,,2,31.58,8.92,54.24,121.25,EUR,web
#3015,2026-03-14,paid,fulfilled,Germany,Berlin,Berlin,cust_00828,Ceramic Cast Iron Pan,Kitchen,Aurora Kitchen,SKU-0004-02,,1,22.58,0,22.58,121.25,EUR,web
#3015,2026-03-14,paid,fulfilled,Germany,Berlin,Berlin,cust_00828,Terracotta Outdoor Cushion,Outdoor,Terra Garden,SKU-0060-03,,1,23.39,0,23.39,121.25,EUR,web
#3026,2026-03-15,paid,fulfilled,Germany,Hamburg,Hamburg,cust_00263,Ceramic Shower Curtain,Bath,Pure Bath,SKU-0054-01,,1,32.3,0,32.3,59.82,EUR,web
#3026,2026-03-15,paid,fulfilled,Germany,Hamburg,Hamburg,cust_00263,Marble Utensil Holder,Kitchen,Aurora Kitchen,SKU-0007-02,,1,17.14,0,17.14,59.82,EUR,web
#3528,2026-05-23,paid,fulfilled,Netherlands,Zuid-Holland,Den Haag,cust_00537,Ceramic Cotton Sheet Set,Bedding,Nordic Sleep,SKU-0018-01,,1,49.14,0,49.14,312.23,EUR,web
#3528,2026-05-23,paid,fulfilled,Netherlands,Zuid-Holland,Den Haag,cust_00537,Ceramic Shower Curtain,Bath,Pure Bath,SKU-0054-02,Small,1,32.3,0,32.3,312.23,EUR,web
#3528,2026-05-23,paid,fulfilled,Netherlands,Zuid-Holland,Den Haag,cust_00537,Bamboo Picture Frame,Decor,Casa Bonita,SKU-0042-03,Natural,4,32.28,0,129.12,312.23,EUR,web
#3528,2026-05-23,paid,fulfilled,Netherlands,Zuid-Holland,Den Haag,cust_00537,Oak Storage Jar,Kitchen,Aurora Kitchen,SKU-0016-04,Medium,2,23.74,0,47.48,312.23,EUR,web
#1114,2025-08-17,paid,fulfilled,Spain,Galicia,A Coruña,cust_01105,Copper Wall Mirror,Decor,Casa Bonita,SKU-0040-01,,1,15.19,0,15.19,18.38,EUR,web
#2247,2025-12-11,paid,fulfilled,France,Île-de-France,Paris,cust_00521,Brass Wall Art Print,Decor,Casa Bonita,SKU-0044-01,Charcoal,2,23.35,0,46.7,56.51,EUR,web
#1213,2025-09-01,paid,fulfilled,Spain,Galicia,A Coruña,cust_00149,Linen Reading Light,Lighting,Lumen Co,SKU-0036-01,,3,30.35,0,91.05,110.17,EUR,web
#2225,2025-12-09,partially_refunded,fulfilled,Netherlands,Zuid-Holland,Rotterdam,cust_00131,Ceramic Shower Curtain,Bath,Pure Bath,SKU-0054-01,Natural,1,32.3,0,32.3,158.38,EUR,web
#2225,2025-12-09,partially_refunded,fulfilled,Netherlands,Zuid-Holland,Rotterdam,cust_00131,Marble Cotton Sheet Set,Bedding,Nordic Sleep,SKU-0026-02,,1,66.77,0,66.77,158.38,EUR,web
#2225,2025-12-09,partially_refunded,fulfilled,Netherlands,Zuid-Holland,Rotterdam,cust_00131,Marble Bath Mat,Bath,Pure Bath,SKU-0052-03,,1,31.82,0,31.82,158.38,EUR,web
#1460,2025-10-03,paid,fulfilled,France,Provence,Nice,cust_00291,Ceramic Tea Kettle,Kitchen,Aurora Kitchen,SKU-0009-01,Charcoal,1,13.93,0,13.93,16.86,EUR,web
#2540,2025-12-31,paid,fulfilled,Spain,Madrid,Madrid,cust_00468,Marble Cutting Board,Kitchen,Aurora Kitchen,SKU-0002-01,,1,13.17,0,13.17,15.94,EUR,web
#1045,2025-08-07,paid,fulfilled,Spain,Valencia,Alicante,cust_00513,Ceramic Cast Iron Pan,Kitchen,Aurora Kitchen,SKU-0004-01,,1,22.58,3.97,18.61,22.52,EUR,web
#2153,2025-12-04,partially_refunded,fulfilled,Spain,Cataluña,Barcelona,cust_00486,Copper Scented Candle,Decor,Casa Bonita,SKU-0045-01,,1,8.24,1.08,7.16,97.15,EUR,web
#2153,2025-12-04,partially_refunded,fulfilled,Spain,Cataluña,Barcelona,cust_00486,Walnut Ceramic Bowl Set,Kitchen,Aurora Kitchen,SKU-0013-02,Natural,1,41.03,5.98,35.05,97.15,EUR,web
#2153,2025-12-04,partially_refunded,fulfilled,Spain,Cataluña,Barcelona,cust_00486,Walnut Mixing Bowl,Kitchen,Aurora Kitchen,SKU-0008-03,Small,1,38.08,0,38.08,97.15,EUR,web
#1124,2025-08-20,partially_refunded,fulfilled,Germany,Hamburg,Hamburg,cust_00039,Oak Bath Towel Set,Bath,Pure Bath,SKU-0051-01,,1,25.27,0,25.27,48.63,EUR,web
#1124,2025-08-20,partially_refunded,fulfilled,Germany,Hamburg,Hamburg,cust_00039,Bamboo Bookend Pair,Decor,Casa Bonita,SKU-0047-02,Medium,1,14.92,0,14.92,48.63,EUR,web
#1385,2025-09-23,paid,fulfilled,Spain,Madrid,Madrid,cust_00311,Stone Quilted Bedspread,Bedding,Nordic Sleep,SKU-0029-01,,1,33.99,0,33.99,41.13,EUR,web
#1067,2025-08-10,paid,fulfilled,Netherlands,Zuid-Holland,Rotterdam,cust_00549,Terracotta Outdoor Cushion,Outdoor,Terra Garden,SKU-0060-01,,2,23.39,0,46.78,56.6,EUR,web
#3065,2026-03-20,paid,fulfilled,Spain,Madrid,Madrid,cust_00903,Copper String Lights,Lighting,Lumen Co,SKU-0035-01,,1,40.63,0,40.63,49.16,EUR,web
#3298,2026-04-23,paid,fulfilled,Germany,Berlin,Berlin,cust_01005,Stone Quilted Bedspread,Bedding,Nordic Sleep,SKU-0029-01,Charcoal,1,33.99,0,33.99,41.13,EUR,web
#3720,2026-06-19,paid,fulfilled,Spain,Valencia,Valencia,cust_00353,Marble Bath Mat,Bath,Pure Bath,SKU-0052-01,,2,31.82,0,63.64,77,EUR,web
#2768,2026-02-05,paid,fulfilled,Netherlands,Noord-Holland,Haarlem,cust_00904,Bamboo Garden Lantern,Outdoor,Terra Garden,SKU-0059-01,Natural,1,40.04,0,40.04,48.45,EUR,web
#3345,2026-05-01,paid,fulfilled,Spain,Madrid,Madrid,cust_00963,Ceramic Shower Curtain,Bath,Pure Bath,SKU-0054-01,,1,32.3,0,32.3,171.49,EUR,web
#3345,2026-05-01,paid,fulfilled,Spain,Madrid,Madrid,cust_00963,Walnut Linen Duvet,Bedding,Nordic Sleep,SKU-0017-02,,1,44.07,0,44.07,171.49,EUR,web
#3345,2026-05-01,paid,fulfilled,Spain,Madrid,Madrid,cust_00963,Linen Planter Pot,Outdoor,Terra Garden,SKU-0058-03,,2,32.68,0,65.36,171.49,EUR,web
#3333,2026-04-28,paid,fulfilled,Italy,Lombardia,Milano,cust_00815,Marble Cotton Sheet Set,Bedding,Nordic Sleep,SKU-0026-01,Large,1,66.77,8.66,58.11,70.31,EUR,web
#3655,2026-06-10,paid,fulfilled,Germany,Hamburg,Hamburg,cust_00479,Brass Candle Holder,Lighting,Lumen Co,SKU-0034-01,,2,43.61,0,87.22,105.54,EUR,pos
#3872,2026-07-10,paid,unfulfilled,Spain,Madrid,Madrid,cust_00774,Stone Quilted Bedspread,Bedding,Nordic Sleep,SKU-0029-01,,1,33.99,0,33.99,135.31,EUR,web
#3872,2026-07-10,paid,unfulfilled,Spain,Madrid,Madrid,cust_00774,Walnut Soap Dispenser,Bath,Pure Bath,SKU-0053-02,Charcoal,1,31.22,0,31.22,135.31,EUR,web
#3872,2026-07-10,paid,unfulfilled,Spain,Madrid,Madrid,cust_00774,Terracotta Woven Basket,Decor,Casa Bonita,SKU-0043-03,,1,17.85,3.05,14.8,135.31,EUR,web
#3872,2026-07-10,paid,unfulfilled,Spain,Madrid,Madrid,cust_00774,Marble Bath Mat,Bath,Pure Bath,SKU-0052-04,,1,31.82,0,31.82,135.31,EUR,web
#3082,2026-03-22,paid,fulfilled,Spain,Andalucía,Sevilla,cust_00248,Terracotta Outdoor Cushion,Outdoor,Terra Garden,SKU-0060-01,,1,23.39,0,23.39,28.3,EUR,web
#3250,2026-04-18,paid,fulfilled,Spain,Andalucía,Málaga,cust_00721,Terracotta Woven Basket,Decor,Casa Bonita,SKU-0043-01,,1,17.85,0,17.85,144.41,EUR,web
#3250,2026-04-18,paid,fulfilled,Spain,Andalucía,Málaga,cust_00721,Terracotta Pendant Light,Lighting,Lumen Co,SKU-0038-02,,2,38.48,0,76.96,144.41,EUR,web
#3250,2026-04-18,paid,fulfilled,Spain,Andalucía,Málaga,cust_00721,Oak Chef Knife,Kitchen,Aurora Kitchen,SKU-0001-03,Natural,1,24.54,0,24.54,144.41,EUR,web
#2054,2025-11-26,paid,fulfilled,France,Provence,Nice,cust_00377,Terracotta Outdoor Cushion,Outdoor,Terra Garden,SKU-0060-01,Medium,2,23.39,6.53,40.25,87.76,EUR,web
#2054,2025-11-26,paid,fulfilled,France,Provence,Nice,cust_00377,Bamboo Picture Frame,Decor,Casa Bonita,SKU-0042-02,,1,32.28,0,32.28,87.76,EUR,web
#3591,2026-05-31,paid,fulfilled,Spain,Galicia,A Coruña,cust_00149,Brass Wall Art Print,Decor,Casa Bonita,SKU-0044-01,,2,23.35,0,46.7,72.44,EUR,web
#3591,2026-05-31,paid,fulfilled,Spain,Galicia,A Coruña,cust_00149,Marble Cutting Board,Kitchen,Aurora Kitchen,SKU-0002-02,,1,13.17,0,13.17,72.44,EUR,web
#3439,2026-05-12,paid,fulfilled,Netherlands,Noord-Holland,Amsterdam,cust_00915,Bamboo Picture Frame,Decor,Casa Bonita,SKU-0042-01,,1,32.28,3.29,28.99,35.08,EUR,web
#3870,2026-07-10,paid,fulfilled,Germany,Bayern,Nürnberg,cust_00285,Walnut Soap Dispenser,Bath,Pure Bath,SKU-0053-01,Natural,1,31.22,5.73,25.49,30.84,EUR,web
#2116,2025-12-02,paid,fulfilled,Spain,Valencia,Valencia,cust_00162,Stone Robe,Bath,Pure Bath,SKU-0055-01,,2,27.66,0,55.32,66.94,EUR,web
#3967,2026-07-25,paid,fulfilled,Spain,Valencia,Valencia,cust_01097,Ceramic Tea Kettle,Kitchen,Aurora Kitchen,SKU-0009-01,,1,13.93,0,13.93,16.86,EUR,web
#2248,2025-12-11,paid,fulfilled,Portugal,Lisboa,Lisboa,cust_00570,Bamboo Picture Frame,Decor,Casa Bonita,SKU-0042-01,Medium,2,32.28,0,64.56,155.42,EUR,web
#2248,2025-12-11,paid,fulfilled,Portugal,Lisboa,Lisboa,cust_00570,Walnut Wool Throw,Bedding,Nordic Sleep,SKU-0027-02,Natural,1,63.89,0,63.89,155.42,EUR,web
#1348,2025-09-18,paid,fulfilled,Spain,Galicia,A Coruña,cust_00066,Bamboo Picture Frame,Decor,Casa Bonita,SKU-0042-01,Natural,1,32.28,4.13,28.15,34.06,EUR,web
#1309,2025-09-13,paid,fulfilled,Portugal,Lisboa,Lisboa,cust_01028,Terracotta Woven Basket,Decor,Casa Bonita,SKU-0043-01,,1,17.85,1.89,15.96,93.64,EUR,web
#1309,2025-09-13,paid,fulfilled,Portugal,Lisboa,Lisboa,cust_01028,Walnut Mixing Bowl,Kitchen,Aurora Kitchen,SKU-0008-02,,1,38.08,0,38.08,93.64,EUR,web
#1309,2025-09-13,paid,fulfilled,Portugal,Lisboa,Lisboa,cust_01028,Brass Wall Art Print,Decor,Casa Bonita,SKU-0044-03,Large,1,23.35,0,23.35,93.64,EUR,web
#1126,2025-08-20,paid,fulfilled,Germany,Hamburg,Hamburg,cust_00715,Stone Quilted Bedspread,Bedding,Nordic Sleep,SKU-0029-01,,1,33.99,0,33.99,41.13,EUR,web
#3788,2026-06-28,paid,fulfilled,Italy,Lombardia,Bergamo,cust_00791,Oak Chef Knife,Kitchen,Aurora Kitchen,SKU-0001-01,Medium,2,24.54,0,49.08,59.39,EUR,web
#1041,2025-08-06,paid,fulfilled,Germany,Bayern,Nürnberg,cust_00091,Brass Candle Holder,Lighting,Lumen Co,SKU-0034-01,,1,43.61,0,43.61,52.77,EUR,mobile
#2196,2025-12-07,paid,fulfilled,Netherlands,Noord-Holland,Haarlem,cust_00448,Bamboo Picture Frame,Decor,Casa Bonita,SKU-0042-01,,1,32.28,0,32.28,39.06,EUR,web
#3299,2026-04-24,paid,fulfilled,Italy,Lombardia,Bergamo,cust_00780,Ceramic Cast Iron Pan,Kitchen,Aurora Kitchen,SKU-0004-01,,1,22.58,0,22.58,27.32,EUR,web
#1768,2025-11-04,paid,fulfilled,France,Île-de-France,Paris,cust_00935,Stone Serving Platter,Kitchen,Aurora Kitchen,SKU-0010-01,Natural,1,28.1,0,28.1,70.72,EUR,web
#1768,2025-11-04,paid,fulfilled,France,Île-de-France,Paris,cust_00935,Linen Reading Light,Lighting,Lumen Co,SKU-0036-02,,1,30.35,0,30.35,70.72,EUR,web
#2698,2026-01-24,paid,fulfilled,France,Île-de-France,Versailles,cust_00676,Marble Bath Mat,Bath,Pure Bath,SKU-0052-01,,1,31.82,0,31.82,38.5,EUR,web
#2557,2026-01-03,paid,fulfilled,Netherlands,Noord-Holland,Haarlem,cust_00869,Ceramic Cast Iron Pan,Kitchen,Aurora Kitchen,SKU-0004-01,,1,22.58,1.26,21.32,96.51,EUR,web
#2557,2026-01-03,paid,fulfilled,Netherlands,Noord-Holland,Haarlem,cust_00869,Terracotta Woven Basket,Decor,Casa Bonita,SKU-0043-02,,2,17.85,0,35.7,96.51,EUR,web
#2557,2026-01-03,paid,fulfilled,Netherlands,Noord-Holland,Haarlem,cust_00869,Linen Table Runner,Decor,Casa Bonita,SKU-0046-03,Charcoal,1,22.74,0,22.74,96.51,EUR,web
#2763,2026-02-04,paid,fulfilled,France,Occitanie,Toulouse,cust_00410,Oak Chef Knife,Kitchen,Aurora Kitchen,SKU-0011-01,,1,33.15,0,33.15,40.11,EUR,web
#2207,2025-12-08,paid,fulfilled,Spain,Madrid,Alcalá de Henares,cust_00874,Stone Quilted Bedspread,Bedding,Nordic Sleep,SKU-0029-01,,3,33.99,0,101.97,123.38,EUR,web
#2119,2025-12-02,paid,fulfilled,Netherlands,Zuid-Holland,Rotterdam,cust_00782,Brass Wall Art Print,Decor,Casa Bonita,SKU-0044-01,Small,1,23.35,0,23.35,28.25,EUR,web
#2794,2026-02-10,paid,fulfilled,Spain,Valencia,Alicante,cust_01130,Brass Wall Art Print,Decor,Casa Bonita,SKU-0044-01,Medium,1,23.35,0,23.35,28.25,EUR,web
#2597,2026-01-08,paid,fulfilled,Spain,Valencia,Alicante,cust_00966,Terracotta Woven Basket,Decor,Casa Bonita,SKU-0043-01,,1,17.85,0,17.85,21.6,EUR,web
#2351,2025-12-17,paid,fulfilled,Portugal,Lisboa,Lisboa,cust_00991,Stone Bed Runner,Bedding,Nordic Sleep,SKU-0024-01,,1,47.82,0,47.82,122.82,EUR,web
#2351,2025-12-17,paid,fulfilled,Portugal,Lisboa,Lisboa,cust_00991,Marble Bath Mat,Bath,Pure Bath,SKU-0052-02,,2,31.82,9.96,53.68,122.82,EUR,web
#1205,2025-08-31,paid,fulfilled,Spain,Valencia,Alicante,cust_00156,Marble Bath Mat,Bath,Pure Bath,SKU-0052-01,,1,31.82,0,31.82,68.51,EUR,web
#1205,2025-08-31,paid,fulfilled,Spain,Valencia,Alicante,cust_00156,Oak Vanity Tray,Bath,Pure Bath,SKU-0056-02,,1,24.8,0,24.8,68.51,EUR,web
#1100,2025-08-14,paid,fulfilled,Germany,Bayern,München,cust_00329,Stone Quilted Bedspread,Bedding,Nordic Sleep,SKU-0029-01,Medium,1,33.99,0,33.99,57.06,EUR,web
#1100,2025-08-14,paid,fulfilled,Germany,Bayern,München,cust_00329,Marble Cutting Board,Kitchen,Aurora Kitchen,SKU-0002-02,,1,13.17,0,13.17,57.06,EUR,web
#1499,2025-10-08,paid,fulfilled,Netherlands,Noord-Holland,Haarlem,cust_00448,Terracotta Wall Sconce,Lighting,Lumen Co,SKU-0033-01,Large,1,24.53,0,24.53,69.33,EUR,web
#1499,2025-10-08,paid,fulfilled,Netherlands,Noord-Holland,Haarlem,cust_00448,Bamboo Bookend Pair,Decor,Casa Bonita,SKU-0047-02,Medium,1,14.92,0,14.92,69.33,EUR,web
#1499,2025-10-08,paid,fulfilled,Netherlands,Noord-Holland,Haarlem,cust_00448,Terracotta Woven Basket,Decor,Casa Bonita,SKU-0043-03,Large,1,17.85,0,17.85,69.33,EUR,web
#2651,2026-01-17,paid,fulfilled,Spain,País Vasco,Bilbao,cust_00801,Walnut Linen Duvet,Bedding,Nordic Sleep,SKU-0017-01,,1,44.07,0,44.07,99.89,EUR,web
#2651,2026-01-17,paid,fulfilled,Spain,País Vasco,Bilbao,cust_00801,Terracotta Pendant Light,Lighting,Lumen Co,SKU-0038-02,Charcoal,1,38.48,0,38.48,99.89,EUR,web
#2754,2026-02-03,paid,fulfilled,France,Occitanie,Montpellier,cust_00548,Bamboo Bookend Pair,Decor,Casa Bonita,SKU-0047-01,,2,14.92,0,29.84,53.37,EUR,web
#2754,2026-02-03,paid,fulfilled,France,Occitanie,Montpellier,cust_00548,Brass Ceramic Vase,Decor,Casa Bonita,SKU-0049-02,,1,16.22,1.95,14.27,53.37,EUR,web
#1924,2025-11-16,paid,fulfilled,Germany,Bayern,Nürnberg,cust_01120,Ceramic Cast Iron Pan,Kitchen,Aurora Kitchen,SKU-0004-01,Medium,2,22.58,3.37,41.79,50.57,EUR,web
#1824,2025-11-08,paid,fulfilled,France,Île-de-France,Versailles,cust_00176,Brass Wall Art Print,Decor,Casa Bonita,SKU-0044-01,,1,23.35,0,23.35,28.25,EUR,web
#3252,2026-04-18,paid,fulfilled,France,Provence,Marseille,cust_00313,Walnut Mixing Bowl,Kitchen,Aurora Kitchen,SKU-0008-01,,1,38.08,3.61,34.47,80.21,EUR,web
#3252,2026-04-18,paid,fulfilled,France,Provence,Marseille,cust_00313,Marble Bath Mat,Bath,Pure Bath,SKU-0052-02,,1,31.82,0,31.82,80.21,EUR,web
#1432,2025-09-29,paid,fulfilled,Germany,Hamburg,Hamburg,cust_01171,Terracotta Outdoor Cushion,Outdoor,Terra Garden,SKU-0060-01,,1,23.39,0,23.39,55.62,EUR,web
#1432,2025-09-29,paid,fulfilled,Germany,Hamburg,Hamburg,cust_01171,Ceramic Cast Iron Pan,Kitchen,Aurora Kitchen,SKU-0004-02,,1,22.58,0,22.58,55.62,EUR,web
#2835,2026-02-16,paid,fulfilled,Germany,Hamburg,Hamburg,cust_00822,Stone Espresso Mug,Kitchen,Aurora Kitchen,SKU-0015-01,Charcoal,3,20.8,0,62.4,75.5,EUR,web
#3376,2026-05-04,paid,fulfilled,France,Île-de-France,Paris,cust_00538,Stone Quilted Bedspread,Bedding,Nordic Sleep,SKU-0029-01,,1,33.99,0,33.99,162.14,EUR,mobile
#3376,2026-05-04,paid,fulfilled,France,Île-de-France,Paris,cust_00538,Linen Reading Light,Lighting,Lumen Co,SKU-0036-02,,2,30.35,0,60.7,162.14,EUR,mobile
#3376,2026-05-04,paid,fulfilled,France,Île-de-France,Paris,cust_00538,Bamboo Bookend Pair,Decor,Casa Bonita,SKU-0047-03,Natural,2,14.92,4.51,25.33,162.14,EUR,mobile
#3376,2026-05-04,paid,fulfilled,France,Île-de-France,Paris,cust_00538,Stone Espresso Mug,Kitchen,Aurora Kitchen,SKU-0005-04,,1,17.01,3.03,13.98,162.14,EUR,mobile
#2652,2026-01-17,paid,fulfilled,France,Île-de-France,Versailles,cust_00142,Linen Table Runner,Decor,Casa Bonita,SKU-0046-01,,1,22.74,0,22.74,69.7,EUR,web
#2652,2026-01-17,paid,fulfilled,France,Île-de-France,Versailles,cust_00142,Marble Cutting Board,Kitchen,Aurora Kitchen,SKU-0002-02,Large,1,13.17,0,13.17,69.7,EUR,web
#2652,2026-01-17,paid,fulfilled,France,Île-de-France,Versailles,cust_00142,Brass Ceramic Vase,Decor,Casa Bonita,SKU-0049-03,Medium,1,16.22,2.19,14.03,69.7,EUR,web
#2652,2026-01-17,paid,fulfilled,France,Île-de-France,Versailles,cust_00142,Copper Scented Candle,Decor,Casa Bonita,SKU-0045-04,,1,8.24,0.58,7.66,69.7,EUR,web
#1082,2025-08-12,paid,fulfilled,Germany,Berlin,Berlin,cust_01090,Bamboo Bookend Pair,Decor,Casa Bonita,SKU-0047-01,Medium,1,14.92,0,14.92,18.05,EUR,web
#3476,2026-05-16,paid,fulfilled,Italy,Lombardia,Milano,cust_00191,Brass Wall Art Print,Decor,Casa Bonita,SKU-0044-01,Natural,1,23.35,1.22,22.13,26.78,EUR,web
#1865,2025-11-11,paid,fulfilled,Portugal,Lisboa,Cascais,cust_00773,Oak Storage Jar,Kitchen,Aurora Kitchen,SKU-0016-01,,1,23.74,0,23.74,28.73,EUR,web
#3960,2026-07-24,paid,fulfilled,France,Occitanie,Toulouse,cust_00732,Oak Pillow Case Pair,Bedding,Nordic Sleep,SKU-0020-01,,1,54.3,0,54.3,65.7,EUR,web
#1190,2025-08-29,paid,fulfilled,Spain,Andalucía,Sevilla,cust_01048,Ceramic Cast Iron Pan,Kitchen,Aurora Kitchen,SKU-0004-01,,1,22.58,0,22.58,27.32,EUR,web
#2743,2026-01-31,paid,fulfilled,Spain,Valencia,Valencia,cust_00713,Walnut Linen Duvet,Bedding,Nordic Sleep,SKU-0017-01,,2,44.07,0,88.14,493.03,EUR,web
#2743,2026-01-31,paid,fulfilled,Spain,Valencia,Valencia,cust_00713,Bamboo Picture Frame,Decor,Casa Bonita,SKU-0042-02,,1,32.28,4.19,28.09,493.03,EUR,web
#2743,2026-01-31,paid,fulfilled,Spain,Valencia,Valencia,cust_00713,Marble Cotton Sheet Set,Bedding,Nordic Sleep,SKU-0026-03,,4,66.77,0,267.08,493.03,EUR,web
#2743,2026-01-31,paid,fulfilled,Spain,Valencia,Valencia,cust_00713,Ceramic Tea Kettle,Kitchen,Aurora Kitchen,SKU-0009-04,Medium,2,13.93,3.71,24.15,493.03,EUR,web
#3437,2026-05-12,paid,fulfilled,Portugal,Lisboa,Lisboa,cust_01028,Marble Bath Towel Set,Bath,Pure Bath,SKU-0057-01,Medium,2,25.7,7.67,43.73,154.57,EUR,mobile
#3437,2026-05-12,paid,fulfilled,Portugal,Lisboa,Lisboa,cust_01028,Bamboo Picture Frame,Decor,Casa Bonita,SKU-0042-02,Large,1,32.28,0,32.28,154.57,EUR,mobile
#3437,2026-05-12,paid,fulfilled,Portugal,Lisboa,Lisboa,cust_01028,Terracotta Woven Basket,Decor,Casa Bonita,SKU-0043-03,,1,17.85,0,17.85,154.57,EUR,mobile
#3437,2026-05-12,paid,fulfilled,Portugal,Lisboa,Lisboa,cust_01028,Ceramic Cast Iron Pan,Kitchen,Aurora Kitchen,SKU-0014-04,,1,40.12,6.24,33.88,154.57,EUR,mobile
#1835,2025-11-09,paid,fulfilled,Spain,Valencia,Alicante,cust_00731,Ceramic Cast Iron Pan,Kitchen,Aurora Kitchen,SKU-0004-01,Natural,1,22.58,0,22.58,123.6,EUR,web
#1835,2025-11-09,paid,fulfilled,Spain,Valencia,Alicante,cust_00731,Oak Chef Knife,Kitchen,Aurora Kitchen,SKU-0011-02,Small,1,33.15,0,33.15,123.6,EUR,web
#1835,2025-11-09,paid,fulfilled,Spain,Valencia,Alicante,cust_00731,Copper Scented Candle,Decor,Casa Bonita,SKU-0045-03,Natural,1,8.24,0,8.24,123.6,EUR,web
#1835,2025-11-09,paid,fulfilled,Spain,Valencia,Alicante,cust_00731,Ceramic Weighted Blanket,Bedding,Nordic Sleep,SKU-0023-04,,2,19.09,0,38.18,123.6,EUR,web
#1678,2025-10-26,paid,fulfilled,Italy,Lazio,Roma,cust_00678,Bamboo Bookend Pair,Decor,Casa Bonita,SKU-0047-01,,1,14.92,0,14.92,67.95,EUR,web
#1678,2025-10-26,paid,fulfilled,Italy,Lazio,Roma,cust_00678,Terracotta Outdoor Cushion,Outdoor,Terra Garden,SKU-0060-02,Small,1,23.39,0,23.39,67.95,EUR,web
#1678,2025-10-26,paid,fulfilled,Italy,Lazio,Roma,cust_00678,Terracotta Woven Basket,Decor,Casa Bonita,SKU-0043-03,Large,1,17.85,0,17.85,67.95,EUR,web
#2497,2025-12-29,paid,fulfilled,Germany,Hamburg,Hamburg,cust_00587,Marble Bath Mat,Bath,Pure Bath,SKU-0052-01,,1,31.82,0,31.82,56.56,EUR,web
#2497,2025-12-29,paid,fulfilled,Germany,Hamburg,Hamburg,cust_00587,Bamboo Bookend Pair,Decor,Casa Bonita,SKU-0047-02,Small,1,14.92,0,14.92,56.56,EUR,web
#1431,2025-09-29,paid,fulfilled,Portugal,Porto,Porto,cust_00266,Walnut Mixing Bowl,Kitchen,Aurora Kitchen,SKU-0008-01,,2,38.08,10.13,66.03,79.9,EUR,web
#3623,2026-06-05,paid,fulfilled,Spain,Valencia,Valencia,cust_00985,Copper Wall Mirror,Decor,Casa Bonita,SKU-0040-01,,1,15.19,0,15.19,39.12,EUR,web
#3623,2026-06-05,paid,fulfilled,Spain,Valencia,Valencia,cust_00985,Marble Utensil Holder,Kitchen,Aurora Kitchen,SKU-0007-02,Medium,1,17.14,0,17.14,39.12,EUR,web
#3607,2026-06-03,paid,fulfilled,Spain,Andalucía,Málaga,cust_00867,Ceramic Shower Curtain,Bath,Pure Bath,SKU-0054-01,,1,32.3,0,32.3,39.08,EUR,pos
#1994,2025-11-22,paid,fulfilled,Germany,Hamburg,Hamburg,cust_00608,Linen Reading Light,Lighting,Lumen Co,SKU-0036-01,Charcoal,1,30.35,0,30.35,36.72,EUR,pos
#3284,2026-04-21,paid,fulfilled,Spain,Valencia,Alicante,cust_00105,Stone Serving Platter,Kitchen,Aurora Kitchen,SKU-0010-01,Medium,2,28.1,2.96,53.24,64.42,EUR,web
#3885,2026-07-12,paid,unfulfilled,Spain,Andalucía,Málaga,cust_00702,Walnut Mattress Topper,Bedding,Nordic Sleep,SKU-0022-01,,1,62.76,0,62.76,115,EUR,web
#3885,2026-07-12,paid,unfulfilled,Spain,Andalucía,Málaga,cust_00702,Bamboo Picture Frame,Decor,Casa Bonita,SKU-0042-02,Natural,1,32.28,0,32.28,115,EUR,web
#2821,2026-02-14,paid,fulfilled,Spain,Valencia,Valencia,cust_00905,Stone Quilted Bedspread,Bedding,Nordic Sleep,SKU-0029-01,,1,33.99,2.12,31.87,38.56,EUR,mobile
#2427,2025-12-23,refunded,fulfilled,Spain,Valencia,Valencia,cust_00312,Walnut Soap Dispenser,Bath,Pure Bath,SKU-0053-01,Medium,1,31.22,0,31.22,66.03,EUR,web
#2427,2025-12-23,refunded,fulfilled,Spain,Valencia,Valencia,cust_00312,Brass Wall Art Print,Decor,Casa Bonita,SKU-0044-02,Charcoal,1,23.35,0,23.35,66.03,EUR,web
#2201,2025-12-07,paid,fulfilled,France,Île-de-France,Paris,cust_00252,Brass Ceramic Vase,Decor,Casa Bonita,SKU-0049-01,Natural,1,16.22,0,16.22,58.39,EUR,web
#2201,2025-12-07,paid,fulfilled,France,Île-de-France,Paris,cust_00252,Stone Quilted Bedspread,Bedding,Nordic Sleep,SKU-0029-02,,1,33.99,1.95,32.04,58.39,EUR,web
#3421,2026-05-11,paid,fulfilled,France,Île-de-France,Versailles,cust_01036,Terracotta Wall Mirror,Decor,Casa Bonita,SKU-0048-01,,1,24.68,4.39,20.29,52.85,EUR,web
#3421,2026-05-11,paid,fulfilled,France,Île-de-France,Versailles,cust_01036,Terracotta Outdoor Cushion,Outdoor,Terra Garden,SKU-0060-02,Large,1,23.39,0,23.39,52.85,EUR,web
#3444,2026-05-13,paid,fulfilled,Spain,Galicia,A Coruña,cust_01070,Marble Bath Mat,Bath,Pure Bath,SKU-0052-01,,1,31.82,0,31.82,38.5,EUR,web
#2155,2025-12-04,paid,fulfilled,France,Occitanie,Toulouse,cust_00666,Oak Storage Jar,Kitchen,Aurora Kitchen,SKU-0006-01,Natural,2,27.52,0,55.04,110.21,EUR,mobile
#2155,2025-12-04,paid,fulfilled,France,Occitanie,Toulouse,cust_00666,Brass Candle Holder,Lighting,Lumen Co,SKU-0034-02,Medium,1,43.61,7.57,36.04,110.21,EUR,mobile
#3118,2026-03-30,paid,fulfilled,Spain,Cataluña,Barcelona,cust_01092,Brass Wall Art Print,Decor,Casa Bonita,SKU-0044-01,Charcoal,1,23.35,0,23.35,28.25,EUR,web
#2765,2026-02-05,partially_refunded,fulfilled,Netherlands,Zuid-Holland,Rotterdam,cust_00346,Terracotta Woven Basket,Decor,Casa Bonita,SKU-0043-01,,1,17.85,0,17.85,98.6,EUR,web
#2765,2026-02-05,partially_refunded,fulfilled,Netherlands,Zuid-Holland,Rotterdam,cust_00346,Marble Bath Mat,Bath,Pure Bath,SKU-0052-02,,2,31.82,0,63.64,98.6,EUR,web
#3974,2026-07-27,paid,fulfilled,Spain,Andalucía,Sevilla,cust_00248,Linen Ceramic Vase,Decor,Casa Bonita,SKU-0041-01,,1,37.99,0,37.99,97.2,EUR,web
#3974,2026-07-27,paid,fulfilled,Spain,Andalucía,Sevilla,cust_00248,Marble Bath Towel Set,Bath,Pure Bath,SKU-0057-02,,2,25.7,9.06,42.34,97.2,EUR,web
#2564,2026-01-04,paid,fulfilled,Italy,Lombardia,Milano,cust_00640,Terracotta Wall Sconce,Lighting,Lumen Co,SKU-0033-01,Charcoal,1,24.53,0,24.53,29.68,EUR,web
#2347,2025-12-17,paid,fulfilled,Spain,Andalucía,Sevilla,cust_01022,Oak Linen Duvet,Bedding,Nordic Sleep,SKU-0025-01,,1,28.38,0,28.38,34.34,EUR,web
#1857,2025-11-11,paid,fulfilled,France,Occitanie,Toulouse,cust_00711,Marble Cutting Board,Kitchen,Aurora Kitchen,SKU-0002-01,Natural,1,13.17,0,13.17,15.94,EUR,web
#1307,2025-09-13,paid,fulfilled,Spain,País Vasco,Bilbao,cust_00315,Marble Cutting Board,Kitchen,Aurora Kitchen,SKU-0002-01,,4,13.17,0,52.68,63.74,EUR,web
#3478,2026-05-17,refunded,fulfilled,Netherlands,Zuid-Holland,Den Haag,cust_00912,Terracotta Woven Basket,Decor,Casa Bonita,SKU-0043-01,,1,17.85,2.61,15.24,18.44,EUR,mobile
#1979,2025-11-20,paid,fulfilled,Italy,Lombardia,Milano,cust_00428,Terracotta Woven Basket,Decor,Casa Bonita,SKU-0043-01,Charcoal,1,17.85,0,17.85,37.53,EUR,web
#1979,2025-11-20,paid,fulfilled,Italy,Lombardia,Milano,cust_00428,Marble Cutting Board,Kitchen,Aurora Kitchen,SKU-0002-02,,1,13.17,0,13.17,37.53,EUR,web
#1087,2025-08-13,paid,fulfilled,Spain,Valencia,Valencia,cust_00372,Stone Quilted Bedspread,Bedding,Nordic Sleep,SKU-0029-01,Charcoal,2,33.99,0,67.98,120.76,EUR,web
#1087,2025-08-13,paid,fulfilled,Spain,Valencia,Valencia,cust_00372,Marble Bath Mat,Bath,Pure Bath,SKU-0052-02,Small,1,31.82,0,31.82,120.76,EUR,web
#1140,2025-08-22,paid,fulfilled,France,Provence,Nice,cust_00808,Terracotta Woven Basket,Decor,Casa Bonita,SKU-0043-01,Medium,2,17.85,0,35.7,43.2,EUR,web
#1681,2025-10-26,paid,fulfilled,Italy,Lombardia,Bergamo,cust_00914,Terracotta Woven Basket,Decor,Casa Bonita,SKU-0043-01,,3,17.85,0,53.55,215.19,EUR,web
#1681,2025-10-26,paid,fulfilled,Italy,Lombardia,Bergamo,cust_00914,Stone Quilted Bedspread,Bedding,Nordic Sleep,SKU-0029-02,,3,33.99,0,101.97,215.19,EUR,web
#1681,2025-10-26,paid,fulfilled,Italy,Lombardia,Bergamo,cust_00914,Marble Cutting Board,Kitchen,Aurora Kitchen,SKU-0002-03,,2,13.17,4.02,22.32,215.19,EUR,web
#1024,2025-08-04,paid,fulfilled,France,Occitanie,Toulouse,cust_00666,Ceramic Cast Iron Pan,Kitchen,Aurora Kitchen,SKU-0004-01,,2,22.58,0,45.16,54.64,EUR,web
#3527,2026-05-23,paid,fulfilled,Germany,Hamburg,Hamburg,cust_00263,Terracotta Outdoor Cushion,Outdoor,Terra Garden,SKU-0060-01,Medium,1,23.39,0,23.39,28.3,EUR,web
#2356,2025-12-18,paid,fulfilled,Italy,Lombardia,Milano,cust_00742,Stone Robe,Bath,Pure Bath,SKU-0055-01,,1,27.66,0,27.66,33.47,EUR,web
#3507,2026-05-21,paid,fulfilled,France,Île-de-France,Paris,cust_00935,Stone Wool Throw,Bedding,Nordic Sleep,SKU-0019-01,,1,39.48,0,39.48,72.03,EUR,web
#3507,2026-05-21,paid,fulfilled,France,Île-de-France,Paris,cust_00935,Oak Storage Jar,Kitchen,Aurora Kitchen,SKU-0016-02,Charcoal,1,23.74,3.69,20.05,72.03,EUR,web
#3169,2026-04-06,paid,fulfilled,Netherlands,Zuid-Holland,Rotterdam,cust_00405,Brass Ceramic Vase,Decor,Casa Bonita,SKU-0049-01,,2,16.22,3.54,28.9,34.97,EUR,web
#2593,2026-01-07,paid,fulfilled,France,Île-de-France,Paris,cust_00935,Ceramic Shower Curtain,Bath,Pure Bath,SKU-0054-01,,1,32.3,0,32.3,70.18,EUR,web
#2593,2026-01-07,paid,fulfilled,France,Île-de-France,Paris,cust_00935,Marble Bath Towel Set,Bath,Pure Bath,SKU-0057-02,,1,25.7,0,25.7,70.18,EUR,web
#2862,2026-02-21,paid,fulfilled,Italy,Lazio,Roma,cust_00076,Brass Wall Art Print,Decor,Casa Bonita,SKU-0044-01,,1,23.35,0,23.35,28.25,EUR,web
#3543,2026-05-25,paid,fulfilled,Spain,Madrid,Alcalá de Henares,cust_00727,Marble Bath Mat,Bath,Pure Bath,SKU-0052-01,,4,31.82,0,127.28,154.01,EUR,web
#2476,2025-12-27,paid,fulfilled,Spain,Andalucía,Sevilla,cust_01048,Marble Cutting Board,Kitchen,Aurora Kitchen,SKU-0002-01,,1,13.17,0,13.17,82.3,EUR,web
#2476,2025-12-27,paid,fulfilled,Spain,Andalucía,Sevilla,cust_01048,Oak Chef Knife,Kitchen,Aurora Kitchen,SKU-0011-02,,2,33.15,11.45,54.85,82.3,EUR,web
#1871,2025-11-12,refunded,fulfilled,Spain,Valencia,Alicante,cust_00731,Brass Ceramic Vase,Decor,Casa Bonita,SKU-0049-01,Medium,1,16.22,2.88,13.34,16.14,EUR,web
#2008,2025-11-23,paid,fulfilled,Spain,País Vasco,San Sebastián,cust_00599,Oak Pillow Case Pair,Bedding,Nordic Sleep,SKU-0020-01,,1,54.3,0,54.3,65.7,EUR,mobile
#1260,2025-09-07,paid,fulfilled,Netherlands,Zuid-Holland,Rotterdam,cust_00281,Stone Serving Platter,Kitchen,Aurora Kitchen,SKU-0010-01,,4,28.1,0,112.4,153.46,EUR,web
#1260,2025-09-07,paid,fulfilled,Netherlands,Zuid-Holland,Rotterdam,cust_00281,Copper Picture Frame,Decor,Casa Bonita,SKU-0050-02,Natural,1,17.19,2.76,14.43,153.46,EUR,web
#2172,2025-12-05,paid,fulfilled,Portugal,Lisboa,Cascais,cust_00469,Walnut Mixing Bowl,Kitchen,Aurora Kitchen,SKU-0008-01,,1,38.08,0,38.08,112.6,EUR,pos
#2172,2025-12-05,paid,fulfilled,Portugal,Lisboa,Cascais,cust_00469,Stone Quilted Bedspread,Bedding,Nordic Sleep,SKU-0029-02,,1,33.99,0,33.99,112.6,EUR,pos
#2172,2025-12-05,paid,fulfilled,Portugal,Lisboa,Cascais,cust_00469,Terracotta Wall Mirror,Decor,Casa Bonita,SKU-0048-03,,1,24.68,3.69,20.99,112.6,EUR,pos
#1763,2025-11-03,paid,fulfilled,France,Occitanie,Toulouse,cust_01094,Linen Reading Light,Lighting,Lumen Co,SKU-0036-01,Small,4,30.35,0,121.4,183,EUR,web
#1763,2025-11-03,paid,fulfilled,France,Occitanie,Toulouse,cust_01094,Bamboo Bookend Pair,Decor,Casa Bonita,SKU-0047-02,,2,14.92,0,29.84,183,EUR,web
#1755,2025-11-03,paid,fulfilled,Germany,Bayern,München,cust_00544,Bamboo Picture Frame,Decor,Casa Bonita,SKU-0042-01,,2,32.28,0,64.56,78.12,EUR,web
#1262,2025-09-07,paid,fulfilled,Spain,Galicia,A Coruña,cust_01111,Brass Ceramic Vase,Decor,Casa Bonita,SKU-0049-01,,1,16.22,1.33,14.89,66.1,EUR,mobile
#1262,2025-09-07,paid,fulfilled,Spain,Galicia,A Coruña,cust_01111,Bamboo Table Lamp,Lighting,Lumen Co,SKU-0037-02,,1,39.74,0,39.74,66.1,EUR,mobile
#3524,2026-05-23,paid,fulfilled,Italy,Lombardia,Milano,cust_00690,Stone Quilted Bedspread,Bedding,Nordic Sleep,SKU-0029-01,,1,33.99,0,33.99,196.78,EUR,web
#3524,2026-05-23,paid,fulfilled,Italy,Lombardia,Milano,cust_00690,Oak Chef Knife,Kitchen,Aurora Kitchen,SKU-0001-02,,1,24.54,0,24.54,196.78,EUR,web
#3524,2026-05-23,paid,fulfilled,Italy,Lombardia,Milano,cust_00690,Ceramic Cast Iron Pan,Kitchen,Aurora Kitchen,SKU-0004-03,Medium,4,22.58,0,90.32,196.78,EUR,web
#3524,2026-05-23,paid,fulfilled,Italy,Lombardia,Milano,cust_00690,Brass Ceramic Vase,Decor,Casa Bonita,SKU-0049-04,,1,16.22,2.44,13.78,196.78,EUR,web
#2176,2025-12-05,paid,fulfilled,Netherlands,Zuid-Holland,Den Haag,cust_00840,Marble Bath Mat,Bath,Pure Bath,SKU-0052-01,,1,31.82,0,31.82,38.5,EUR,web
#1599,2025-10-19,paid,fulfilled,Italy,Lazio,Roma,cust_00678,Bamboo Table Lamp,Lighting,Lumen Co,SKU-0037-01,Small,1,39.74,0,39.74,82.35,EUR,mobile
#1599,2025-10-19,paid,fulfilled,Italy,Lazio,Roma,cust_00678,Bamboo Picture Frame,Decor,Casa Bonita,SKU-0042-02,,1,32.28,3.96,28.32,82.35,EUR,mobile
#1909,2025-11-15,paid,fulfilled,Germany,Berlin,Berlin,cust_00864,Terracotta Pendant Light,Lighting,Lumen Co,SKU-0038-01,Charcoal,1,38.48,3.13,35.35,42.77,EUR,web
#2470,2025-12-27,paid,fulfilled,Netherlands,Zuid-Holland,Rotterdam,cust_00346,Terracotta Outdoor Cushion,Outdoor,Terra Garden,SKU-0060-01,Small,4,23.39,0,93.56,113.21,EUR,web
#1248,2025-09-06,paid,fulfilled,France,Provence,Marseille,cust_01080,Marble Bath Mat,Bath,Pure Bath,SKU-0052-01,,2,31.82,0,63.64,101.97,EUR,web
#1248,2025-09-06,paid,fulfilled,France,Provence,Marseille,cust_01080,Brass Wall Art Print,Decor,Casa Bonita,SKU-0044-02,Charcoal,1,23.35,2.72,20.63,101.97,EUR,web
#3758,2026-06-24,paid,fulfilled,Spain,Galicia,Vigo,cust_00357,Bamboo Bookend Pair,Decor,Casa Bonita,SKU-0047-01,,1,14.92,0,14.92,18.05,EUR,web
#1549,2025-10-13,refunded,fulfilled,Italy,Lombardia,Bergamo,cust_00783,Brass Wall Art Print,Decor,Casa Bonita,SKU-0044-01,Small,1,23.35,0,23.35,96.05,EUR,web
#1549,2025-10-13,refunded,fulfilled,Italy,Lombardia,Bergamo,cust_00783,Terracotta Woven Basket,Decor,Casa Bonita,SKU-0043-02,,1,17.85,0,17.85,96.05,EUR,web
#1549,2025-10-13,refunded,fulfilled,Italy,Lombardia,Bergamo,cust_00783,Ceramic Weighted Blanket,Bedding,Nordic Sleep,SKU-0023-03,Charcoal,2,19.09,0,38.18,96.05,EUR,web
#2983,2026-03-08,paid,fulfilled,Spain,Cataluña,Barcelona,cust_00165,Oak Storage Jar,Kitchen,Aurora Kitchen,SKU-0016-01,,1,23.74,0,23.74,48.67,EUR,mobile
#2983,2026-03-08,paid,fulfilled,Spain,Cataluña,Barcelona,cust_00165,Copper Scented Candle,Decor,Casa Bonita,SKU-0045-02,Charcoal,2,8.24,0,16.48,48.67,EUR,mobile
#2142,2025-12-03,paid,fulfilled,France,Île-de-France,Versailles,cust_00597,Terracotta Woven Basket,Decor,Casa Bonita,SKU-0043-01,Charcoal,2,17.85,0,35.7,140.29,EUR,web
#2142,2025-12-03,paid,fulfilled,France,Île-de-France,Versailles,cust_00597,Ceramic Cast Iron Pan,Kitchen,Aurora Kitchen,SKU-0014-02,,2,40.12,0,80.24,140.29,EUR,web
#3563,2026-05-28,paid,fulfilled,Spain,Galicia,A Coruña,cust_01105,Bamboo Picture Frame,Decor,Casa Bonita,SKU-0042-01,Charcoal,3,32.28,12.64,84.2,147.74,EUR,web
#3563,2026-05-28,paid,fulfilled,Spain,Galicia,A Coruña,cust_01105,Bamboo Bookend Pair,Decor,Casa Bonita,SKU-0047-02,,3,14.92,6.86,37.9,147.74,EUR,web
#2695,2026-01-23,paid,fulfilled,Spain,Cataluña,Girona,cust_00391,Oak Chef Knife,Kitchen,Aurora Kitchen,SKU-0001-01,,1,24.54,3.56,20.98,182.86,EUR,web
#2695,2026-01-23,paid,fulfilled,Spain,Cataluña,Girona,cust_00391,Marble Bath Towel Set,Bath,Pure Bath,SKU-0057-02,,3,25.7,15.3,61.8,182.86,EUR,web
#2695,2026-01-23,paid,fulfilled,Spain,Cataluña,Girona,cust_00391,Marble Quilted Bedspread,Bedding,Nordic Sleep,SKU-0021-03,,1,63.83,10.68,53.15,182.86,EUR,web
#2695,2026-01-23,paid,fulfilled,Spain,Cataluña,Girona,cust_00391,Copper Wall Mirror,Decor,Casa Bonita,SKU-0040-04,Small,1,15.19,0,15.19,182.86,EUR,web
#2989,2026-03-09,paid,fulfilled,Germany,Hamburg,Hamburg,cust_00800,Bamboo Picture Frame,Decor,Casa Bonita,SKU-0042-01,,1,32.28,0,32.28,292.97,EUR,web
#2989,2026-03-09,paid,fulfilled,Germany,Hamburg,Hamburg,cust_00800,Oak Storage Jar,Kitchen,Aurora Kitchen,SKU-0006-02,,3,27.52,0,82.56,292.97,EUR,web
#2989,2026-03-09,paid,fulfilled,Germany,Hamburg,Hamburg,cust_00800,Marble Bath Mat,Bath,Pure Bath,SKU-0052-03,,4,31.82,0,127.28,292.97,EUR,web
#1688,2025-10-27,paid,fulfilled,Germany,Hamburg,Hamburg,cust_00263,Linen Pendant Light,Lighting,Lumen Co,SKU-0031-01,,1,45.87,0,45.87,55.5,EUR,mobile
#2062,2025-11-27,paid,fulfilled,Spain,País Vasco,Bilbao,cust_01179,Oak Pillow Case Pair,Bedding,Nordic Sleep,SKU-0020-01,,1,54.3,0,54.3,65.7,EUR,web
#1945,2025-11-17,paid,fulfilled,Italy,Lazio,Roma,cust_00678,Walnut Linen Duvet,Bedding,Nordic Sleep,SKU-0017-01,Large,1,44.07,6.01,38.06,74.35,EUR,web
#1945,2025-11-17,paid,fulfilled,Italy,Lazio,Roma,cust_00678,Terracotta Outdoor Cushion,Outdoor,Terra Garden,SKU-0060-02,Large,1,23.39,0,23.39,74.35,EUR,web
#3005,2026-03-13,paid,fulfilled,Germany,Hamburg,Hamburg,cust_00290,Bamboo Garden Lantern,Outdoor,Terra Garden,SKU-0059-01,,1,40.04,5.48,34.56,41.82,EUR,web
#1834,2025-11-09,paid,fulfilled,France,Île-de-France,Paris,cust_00347,Bamboo Bookend Pair,Decor,Casa Bonita,SKU-0047-01,Medium,1,14.92,0,14.92,111.91,EUR,web
#1834,2025-11-09,paid,fulfilled,France,Île-de-France,Paris,cust_00347,Bamboo Picture Frame,Decor,Casa Bonita,SKU-0042-02,,1,32.28,0,32.28,111.91,EUR,web
#1834,2025-11-09,paid,fulfilled,France,Île-de-France,Paris,cust_00347,Ceramic Cast Iron Pan,Kitchen,Aurora Kitchen,SKU-0004-03,,1,22.58,3.63,18.95,111.91,EUR,web
#1834,2025-11-09,paid,fulfilled,France,Île-de-France,Paris,cust_00347,Marble Cutting Board,Kitchen,Aurora Kitchen,SKU-0002-04,,2,13.17,0,26.34,111.91,EUR,web
#2845,2026-02-19,paid,fulfilled,Spain,Andalucía,Málaga,cust_00242,Ceramic Tea Kettle,Kitchen,Aurora Kitchen,SKU-0009-01,,1,13.93,0,13.93,151.49,EUR,web
#2845,2026-02-19,paid,fulfilled,Spain,Andalucía,Málaga,cust_00242,Terracotta Woven Basket,Decor,Casa Bonita,SKU-0043-02,,1,17.85,3.47,14.38,151.49,EUR,web
#2845,2026-02-19,paid,fulfilled,Spain,Andalucía,Málaga,cust_00242,Bamboo Picture Frame,Decor,Casa Bonita,SKU-0042-03,,2,32.28,0,64.56,151.49,EUR,web
#2845,2026-02-19,paid,fulfilled,Spain,Andalucía,Málaga,cust_00242,Terracotta Pendant Light,Lighting,Lumen Co,SKU-0038-04,,1,38.48,6.15,32.33,151.49,EUR,web
#1859,2025-11-11,paid,fulfilled,Germany,Bayern,Nürnberg,cust_00035,Marble Bath Towel Set,Bath,Pure Bath,SKU-0057-01,,1,25.7,0,25.7,31.1,EUR,web
#3382,2026-05-05,paid,fulfilled,Spain,Galicia,A Coruña,cust_00227,Marble Bath Towel Set,Bath,Pure Bath,SKU-0057-01,Large,1,25.7,0,25.7,31.1,EUR,web
#1777,2025-11-05,paid,fulfilled,Germany,Hamburg,Hamburg,cust_00039,Stone Serving Platter,Kitchen,Aurora Kitchen,SKU-0010-01,Natural,1,28.1,0,28.1,61.52,EUR,web
#1777,2025-11-05,paid,fulfilled,Germany,Hamburg,Hamburg,cust_00039,Linen Table Runner,Decor,Casa Bonita,SKU-0046-02,,1,22.74,0,22.74,61.52,EUR,web
#1783,2025-11-06,paid,fulfilled,France,Île-de-France,Paris,cust_00057,Marble Bath Mat,Bath,Pure Bath,SKU-0052-01,,1,31.82,6.01,25.81,134.62,EUR,mobile
#1783,2025-11-06,paid,fulfilled,France,Île-de-France,Paris,cust_00057,Walnut Ceramic Bowl Set,Kitchen,Aurora Kitchen,SKU-0013-02,,1,41.03,0,41.03,134.62,EUR,mobile
#1783,2025-11-06,paid,fulfilled,France,Île-de-France,Paris,cust_00057,Terracotta Wall Mirror,Decor,Casa Bonita,SKU-0048-03,,2,24.68,4.94,44.42,134.62,EUR,mobile
#3898,2026-07-14,paid,fulfilled,Netherlands,Noord-Holland,Haarlem,cust_00232,Terracotta Woven Basket,Decor,Casa Bonita,SKU-0043-01,Small,2,17.85,0,35.7,127.96,EUR,web
#3898,2026-07-14,paid,fulfilled,Netherlands,Noord-Holland,Haarlem,cust_00232,Brass Wall Art Print,Decor,Casa Bonita,SKU-0044-02,,3,23.35,0,70.05,127.96,EUR,web
#1254,2025-09-07,paid,fulfilled,Spain,Galicia,Vigo,cust_00975,Marble Quilted Bedspread,Bedding,Nordic Sleep,SKU-0021-01,,1,63.83,0,63.83,110.7,EUR,web
#1254,2025-09-07,paid,fulfilled,Spain,Galicia,Vigo,cust_00975,Stone Robe,Bath,Pure Bath,SKU-0055-02,Small,1,27.66,0,27.66,110.7,EUR,web
#2256,2025-12-11,paid,fulfilled,France,Provence,Nice,cust_00070,Ceramic Cast Iron Pan,Kitchen,Aurora Kitchen,SKU-0014-01,Medium,1,40.12,0,40.12,48.55,EUR,web
#1091,2025-08-13,partially_refunded,fulfilled,Spain,Cataluña,Barcelona,cust_01092,Stone Quilted Bedspread,Bedding,Nordic Sleep,SKU-0029-01,Large,2,33.99,0,67.98,82.26,EUR,web
#1331,2025-09-17,paid,fulfilled,Spain,Galicia,A Coruña,cust_01070,Walnut Ceramic Bowl Set,Kitchen,Aurora Kitchen,SKU-0003-01,,1,44.02,0,44.02,53.26,EUR,web
#2371,2025-12-20,paid,fulfilled,Netherlands,Noord-Holland,Haarlem,cust_00232,Oak Storage Jar,Kitchen,Aurora Kitchen,SKU-0016-01,,1,23.74,2.69,21.05,25.47,EUR,web
#1604,2025-10-19,paid,fulfilled,Germany,Berlin,Berlin,cust_00208,Ceramic Cast Iron Pan,Kitchen,Aurora Kitchen,SKU-0004-01,,1,22.58,2.88,19.7,23.84,EUR,web
#3733,2026-06-21,paid,fulfilled,Portugal,Porto,Braga,cust_01100,Bamboo Picture Frame,Decor,Casa Bonita,SKU-0042-01,Large,1,32.28,0,32.28,57.11,EUR,web
#3733,2026-06-21,paid,fulfilled,Portugal,Porto,Braga,cust_01100,Bamboo Bookend Pair,Decor,Casa Bonita,SKU-0047-02,,1,14.92,0,14.92,57.11,EUR,web
#1588,2025-10-18,paid,fulfilled,France,Île-de-France,Versailles,cust_00634,Brass Wall Art Print,Decor,Casa Bonita,SKU-0044-01,,1,23.35,0,23.35,107.88,EUR,web
#1588,2025-10-18,paid,fulfilled,France,Île-de-France,Versailles,cust_00634,Stone Quilted Bedspread,Bedding,Nordic Sleep,SKU-0029-02,Medium,1,33.99,0,33.99,107.88,EUR,web
#1588,2025-10-18,paid,fulfilled,France,Île-de-France,Versailles,cust_00634,Marble Bath Mat,Bath,Pure Bath,SKU-0052-03,,1,31.82,0,31.82,107.88,EUR,web
#1606,2025-10-19,paid,fulfilled,Spain,Andalucía,Sevilla,cust_00750,Walnut Wool Throw,Bedding,Nordic Sleep,SKU-0027-01,,2,63.89,0,127.78,154.61,EUR,web
#3553,2026-05-27,paid,fulfilled,Spain,Andalucía,Málaga,cust_00242,Marble Quilted Bedspread,Bedding,Nordic Sleep,SKU-0021-01,,1,63.83,0,63.83,77.23,EUR,web
#3454,2026-05-15,paid,fulfilled,Spain,Cataluña,Girona,cust_00067,Ceramic Cast Iron Pan,Kitchen,Aurora Kitchen,SKU-0004-01,,1,22.58,0,22.58,27.32,EUR,web
#2767,2026-02-05,paid,fulfilled,Germany,Berlin,Berlin,cust_00754,Ceramic Cast Iron Pan,Kitchen,Aurora Kitchen,SKU-0004-01,,1,22.58,0,22.58,72.09,EUR,web
#2767,2026-02-05,paid,fulfilled,Germany,Berlin,Berlin,cust_00754,Ceramic Cast Iron Pan,Kitchen,Aurora Kitchen,SKU-0014-02,,1,40.12,3.12,37,72.09,EUR,web
#1556,2025-10-15,paid,fulfilled,Spain,Cataluña,Barcelona,cust_01093,Walnut Wool Throw,Bedding,Nordic Sleep,SKU-0027-01,Large,1,63.89,0,63.89,77.31,EUR,web
#1469,2025-10-05,paid,fulfilled,France,Occitanie,Toulouse,cust_00244,Marble Bath Towel Set,Bath,Pure Bath,SKU-0057-01,Charcoal,2,25.7,0,51.4,110.06,EUR,web
#1469,2025-10-05,paid,fulfilled,France,Occitanie,Toulouse,cust_00244,Stone Espresso Mug,Kitchen,Aurora Kitchen,SKU-0005-02,,1,17.01,0,17.01,110.06,EUR,web
#1469,2025-10-05,paid,fulfilled,France,Occitanie,Toulouse,cust_00244,Stone Robe,Bath,Pure Bath,SKU-0055-03,Medium,1,27.66,5.11,22.55,110.06,EUR,web
#1702,2025-10-28,paid,fulfilled,Germany,Berlin,Berlin,cust_00472,Oak Chef Knife,Kitchen,Aurora Kitchen,SKU-0001-01,,1,24.54,0,24.54,61.88,EUR,web
#1702,2025-10-28,paid,fulfilled,Germany,Berlin,Berlin,cust_00472,Bamboo Picture Frame,Decor,Casa Bonita,SKU-0042-02,,1,32.28,5.68,26.6,61.88,EUR,web
#3687,2026-06-15,paid,fulfilled,Spain,Madrid,Madrid,cust_00774,Copper Wall Mirror,Decor,Casa Bonita,SKU-0040-01,,1,15.19,0,15.19,18.38,EUR,web
#2366,2025-12-19,paid,fulfilled,Spain,Andalucía,Sevilla,cust_00534,Stone Espresso Mug,Kitchen,Aurora Kitchen,SKU-0015-01,,1,20.8,0,20.8,25.17,EUR,web
#2539,2025-12-31,paid,fulfilled,France,Occitanie,Montpellier,cust_01038,Marble Bath Towel Set,Bath,Pure Bath,SKU-0057-01,,2,25.7,0,51.4,78.13,EUR,web
#2539,2025-12-31,paid,fulfilled,France,Occitanie,Montpellier,cust_01038,Marble Cutting Board,Kitchen,Aurora Kitchen,SKU-0002-02,,1,13.17,0,13.17,78.13,EUR,web
#3730,2026-06-21,paid,fulfilled,France,Provence,Marseille,cust_00952,Bamboo Picture Frame,Decor,Casa Bonita,SKU-0042-01,,2,32.28,0,64.56,78.12,EUR,web
#2603,2026-01-09,paid,fulfilled,Netherlands,Noord-Holland,Haarlem,cust_00017,Marble Bath Towel Set,Bath,Pure Bath,SKU-0057-01,Charcoal,1,25.7,0,25.7,69.6,EUR,web
#2603,2026-01-09,paid,fulfilled,Netherlands,Noord-Holland,Haarlem,cust_00017,Marble Bath Mat,Bath,Pure Bath,SKU-0052-02,,1,31.82,0,31.82,69.6,EUR,web
#2631,2026-01-13,refunded,fulfilled,Spain,Madrid,Madrid,cust_01143,Walnut Wool Throw,Bedding,Nordic Sleep,SKU-0027-01,,2,63.89,0,127.78,271.79,EUR,web
#2631,2026-01-13,refunded,fulfilled,Spain,Madrid,Madrid,cust_01143,Bamboo Picture Frame,Decor,Casa Bonita,SKU-0042-02,,3,32.28,0,96.84,271.79,EUR,web
#1748,2025-11-02,paid,fulfilled,Germany,Berlin,Berlin,cust_00208,Linen Ceramic Vase,Decor,Casa Bonita,SKU-0041-01,Small,1,37.99,0,37.99,45.97,EUR,web
#2884,2026-02-24,paid,fulfilled,Germany,Hamburg,Hamburg,cust_00302,Oak Storage Jar,Kitchen,Aurora Kitchen,SKU-0016-01,Natural,1,23.74,1.73,22.01,26.63,EUR,web
#3819,2026-07-02,paid,fulfilled,Spain,Andalucía,Sevilla,cust_00534,Brass Ceramic Vase,Decor,Casa Bonita,SKU-0049-01,,1,16.22,0,16.22,19.63,EUR,web
#2856,2026-02-20,paid,fulfilled,Italy,Lazio,Roma,cust_00678,Stone Quilted Bedspread,Bedding,Nordic Sleep,SKU-0029-01,Small,2,33.99,0,67.98,82.26,EUR,web
#3713,2026-06-18,paid,fulfilled,Spain,Cataluña,Girona,cust_00932,Terracotta Outdoor Cushion,Outdoor,Terra Garden,SKU-0060-01,,1,23.39,0,23.39,56.71,EUR,web
#3713,2026-06-18,paid,fulfilled,Spain,Cataluña,Girona,cust_00932,Marble Cutting Board,Kitchen,Aurora Kitchen,SKU-0002-02,Large,2,13.17,2.86,23.48,56.71,EUR,web
#3090,2026-03-24,paid,fulfilled,Germany,Hamburg,Hamburg,cust_00778,Terracotta Outdoor Cushion,Outdoor,Terra Garden,SKU-0060-01,,2,23.39,0,46.78,149.19,EUR,web
#3090,2026-03-24,paid,fulfilled,Germany,Hamburg,Hamburg,cust_00778,Brass Ceramic Vase,Decor,Casa Bonita,SKU-0049-02,Charcoal,3,16.22,0,48.66,149.19,EUR,web
#3090,2026-03-24,paid,fulfilled,Germany,Hamburg,Hamburg,cust_00778,Stone Quilted Bedspread,Bedding,Nordic Sleep,SKU-0029-03,,1,33.99,6.13,27.86,149.19,EUR,web
#1018,2025-08-03,paid,fulfilled,France,Provence,Marseille,cust_00295,Ceramic Shower Curtain,Bath,Pure Bath,SKU-0054-01,Large,2,32.3,4.42,60.18,72.82,EUR,web
#1509,2025-10-10,paid,fulfilled,Germany,Berlin,Berlin,cust_01160,Marble Cutting Board,Kitchen,Aurora Kitchen,SKU-0012-01,Small,2,15.09,0,30.18,92.35,EUR,web
#1509,2025-10-10,paid,fulfilled,Germany,Berlin,Berlin,cust_01160,Walnut Soap Dispenser,Bath,Pure Bath,SKU-0053-02,Medium,1,31.22,0,31.22,92.35,EUR,web
#1509,2025-10-10,paid,fulfilled,Germany,Berlin,Berlin,cust_01160,Bamboo Bookend Pair,Decor,Casa Bonita,SKU-0047-03,,1,14.92,0,14.92,92.35,EUR,web
#3300,2026-04-24,paid,fulfilled,Germany,Hamburg,Hamburg,cust_00778,Oak Vanity Tray,Bath,Pure Bath,SKU-0056-01,Charcoal,1,24.8,1.8,23,108.75,EUR,mobile
#3300,2026-04-24,paid,fulfilled,Germany,Hamburg,Hamburg,cust_00778,Stone Wool Throw,Bedding,Nordic Sleep,SKU-0019-02,,1,39.48,0,39.48,108.75,EUR,mobile
#3300,2026-04-24,paid,fulfilled,Germany,Hamburg,Hamburg,cust_00778,Linen Reading Light,Lighting,Lumen Co,SKU-0036-03,,1,30.35,2.95,27.4,108.75,EUR,mobile
#2311,2025-12-15,paid,fulfilled,France,Provence,Nice,cust_00070,Bamboo Picture Frame,Decor,Casa Bonita,SKU-0042-01,,3,32.28,17.38,79.46,96.15,EUR,web
#2988,2026-03-09,paid,fulfilled,France,Île-de-France,Paris,cust_00935,Marble Cutting Board,Kitchen,Aurora Kitchen,SKU-0002-01,Small,1,13.17,0,13.17,15.94,EUR,web
#3613,2026-06-03,paid,fulfilled,Spain,Galicia,A Coruña,cust_00227,Stone Quilted Bedspread,Bedding,Nordic Sleep,SKU-0029-01,,1,33.99,0,33.99,41.13,EUR,mobile
#1881,2025-11-13,paid,fulfilled,Germany,Bayern,Nürnberg,cust_00872,Oak Vanity Tray,Bath,Pure Bath,SKU-0056-01,,1,24.8,4.43,20.37,65.78,EUR,web
#1881,2025-11-13,paid,fulfilled,Germany,Bayern,Nürnberg,cust_00872,Stone Quilted Bedspread,Bedding,Nordic Sleep,SKU-0029-02,,1,33.99,0,33.99,65.78,EUR,web
#2502,2025-12-29,paid,fulfilled,Portugal,Lisboa,Cascais,cust_00363,Stone Serving Platter,Kitchen,Aurora Kitchen,SKU-0010-01,Natural,1,28.1,0,28.1,34,EUR,web
#1243,2025-09-05,paid,fulfilled,Italy,Lombardia,Milano,cust_00933,Marble Bath Towel Set,Bath,Pure Bath,SKU-0057-01,Charcoal,1,25.7,0,25.7,168.34,EUR,mobile
#1243,2025-09-05,paid,fulfilled,Italy,Lombardia,Milano,cust_00933,Walnut Linen Duvet,Bedding,Nordic Sleep,SKU-0017-02,,1,44.07,4.24,39.83,168.34,EUR,mobile
#1243,2025-09-05,paid,fulfilled,Italy,Lombardia,Milano,cust_00933,Terracotta Wall Sconce,Lighting,Lumen Co,SKU-0033-03,Medium,3,24.53,0,73.59,168.34,EUR,mobile
#1991,2025-11-21,partially_refunded,fulfilled,Spain,Cataluña,Girona,cust_01167,Oak Chef Knife,Kitchen,Aurora Kitchen,SKU-0001-01,Natural,1,24.54,0,24.54,29.69,EUR,web
#3022,2026-03-14,paid,fulfilled,France,Occitanie,Toulouse,cust_00734,Marble Bath Mat,Bath,Pure Bath,SKU-0052-01,Charcoal,2,31.82,0,63.64,77,EUR,web
#1760,2025-11-03,paid,fulfilled,Spain,Madrid,Alcalá de Henares,cust_00074,Marble Bath Mat,Bath,Pure Bath,SKU-0052-01,Small,1,31.82,0,31.82,83.8,EUR,web
#1760,2025-11-03,paid,fulfilled,Spain,Madrid,Alcalá de Henares,cust_00074,Walnut Ceramic Bowl Set,Kitchen,Aurora Kitchen,SKU-0013-02,,1,41.03,3.59,37.44,83.8,EUR,web
#3024,2026-03-15,paid,fulfilled,Netherlands,Zuid-Holland,Rotterdam,cust_00328,Oak Bath Towel Set,Bath,Pure Bath,SKU-0051-01,,3,25.27,0,75.81,91.73,EUR,web
#3254,2026-04-18,paid,fulfilled,France,Occitanie,Montpellier,cust_00652,Bamboo Table Lamp,Lighting,Lumen Co,SKU-0037-01,Charcoal,1,39.74,4.92,34.82,42.13,EUR,web
#1138,2025-08-22,paid,fulfilled,France,Provence,Nice,cust_01146,Marble Cutting Board,Kitchen,Aurora Kitchen,SKU-0002-01,,2,13.17,4.29,22.05,26.68,EUR,web
#2760,2026-02-04,paid,fulfilled,France,Provence,Marseille,cust_00443,Ceramic Tea Kettle,Kitchen,Aurora Kitchen,SKU-0009-01,Charcoal,4,13.93,5.92,49.8,90.83,EUR,web
#2760,2026-02-04,paid,fulfilled,France,Provence,Marseille,cust_00443,Oak Bath Towel Set,Bath,Pure Bath,SKU-0051-02,Natural,1,25.27,0,25.27,90.83,EUR,web
#3347,2026-05-02,paid,fulfilled,Spain,Valencia,Valencia,cust_00085,Oak Chef Knife,Kitchen,Aurora Kitchen,SKU-0001-01,Medium,2,24.54,5.05,44.03,53.28,EUR,web
#3197,2026-04-10,paid,fulfilled,Spain,Andalucía,Sevilla,cust_01114,Terracotta Outdoor Cushion,Outdoor,Terra Garden,SKU-0060-01,,4,23.39,0,93.56,133.95,EUR,web
#3197,2026-04-10,paid,fulfilled,Spain,Andalucía,Sevilla,cust_01114,Marble Utensil Holder,Kitchen,Aurora Kitchen,SKU-0007-02,,1,17.14,0,17.14,133.95,EUR,web
#3289,2026-04-22,paid,fulfilled,Spain,Valencia,Valencia,cust_01007,Terracotta Woven Basket,Decor,Casa Bonita,SKU-0043-01,Small,1,17.85,0,17.85,60.1,EUR,web
#3289,2026-04-22,paid,fulfilled,Spain,Valencia,Valencia,cust_01007,Marble Bath Mat,Bath,Pure Bath,SKU-0052-02,,1,31.82,0,31.82,60.1,EUR,web
#1968,2025-11-20,paid,fulfilled,Italy,Lombardia,Milano,cust_00540,Brass Wall Art Print,Decor,Casa Bonita,SKU-0044-01,,1,23.35,0,23.35,58.83,EUR,web
#1968,2025-11-20,paid,fulfilled,Italy,Lombardia,Milano,cust_00540,Oak Bath Towel Set,Bath,Pure Bath,SKU-0051-02,Natural,1,25.27,0,25.27,58.83,EUR,web
#1372,2025-09-21,paid,fulfilled,Spain,País Vasco,San Sebastián,cust_00599,Brass Wall Art Print,Decor,Casa Bonita,SKU-0044-01,,1,23.35,0,23.35,28.25,EUR,web
#2005,2025-11-23,paid,fulfilled,France,Provence,Marseille,cust_01080,Linen Reading Light,Lighting,Lumen Co,SKU-0036-01,Large,3,30.35,13.37,77.68,93.99,EUR,web
#1245,2025-09-05,paid,fulfilled,Italy,Lombardia,Milano,cust_00815,Marble Cutting Board,Kitchen,Aurora Kitchen,SKU-0002-01,Natural,1,13.17,0,13.17,15.94,EUR,web
#1137,2025-08-22,paid,fulfilled,France,Occitanie,Montpellier,cust_00330,Ceramic Tea Kettle,Kitchen,Aurora Kitchen,SKU-0009-01,,2,13.93,1.78,26.08,31.56,EUR,web
#2925,2026-03-02,paid,fulfilled,France,Île-de-France,Versailles,cust_00304,Bamboo Picture Frame,Decor,Casa Bonita,SKU-0042-01,,1,32.28,0,32.28,39.06,EUR,web
#2094,2025-11-30,paid,fulfilled,Spain,Valencia,Valencia,cust_00905,Stone Espresso Mug,Kitchen,Aurora Kitchen,SKU-0015-01,Large,1,20.8,3.58,17.22,59.9,EUR,mobile
#2094,2025-11-30,paid,fulfilled,Spain,Valencia,Valencia,cust_00905,Bamboo Picture Frame,Decor,Casa Bonita,SKU-0042-02,Large,1,32.28,0,32.28,59.9,EUR,mobile
#1219,2025-09-01,paid,fulfilled,Spain,Madrid,Madrid,cust_00746,Stone Robe,Bath,Pure Bath,SKU-0055-01,,1,27.66,0,27.66,33.47,EUR,web
#2098,2025-12-01,paid,fulfilled,Italy,Lombardia,Bergamo,cust_00791,Stone Serving Platter,Kitchen,Aurora Kitchen,SKU-0010-01,Small,1,28.1,1.74,26.36,31.9,EUR,web
#2304,2025-12-15,paid,fulfilled,Portugal,Lisboa,Lisboa,cust_00615,Walnut Soap Dispenser,Bath,Pure Bath,SKU-0053-01,Medium,1,31.22,0,31.22,350.65,EUR,web
#2304,2025-12-15,paid,fulfilled,Portugal,Lisboa,Lisboa,cust_00615,Bamboo Bookend Pair,Decor,Casa Bonita,SKU-0047-02,Small,1,14.92,0.84,14.08,350.65,EUR,web
#2304,2025-12-15,paid,fulfilled,Portugal,Lisboa,Lisboa,cust_00615,Brass Wall Art Print,Decor,Casa Bonita,SKU-0044-03,,3,23.35,0,70.05,350.65,EUR,web
#2304,2025-12-15,paid,fulfilled,Portugal,Lisboa,Lisboa,cust_00615,Brass Candle Holder,Lighting,Lumen Co,SKU-0034-04,,4,43.61,0,174.44,350.65,EUR,web
#2390,2025-12-21,paid,fulfilled,Portugal,Porto,Porto,cust_00403,Oak Chef Knife,Kitchen,Aurora Kitchen,SKU-0001-01,,1,24.54,0,24.54,29.69,EUR,web
#1127,2025-08-20,paid,fulfilled,Spain,Madrid,Madrid,cust_00468,Ceramic Cast Iron Pan,Kitchen,Aurora Kitchen,SKU-0004-01,Natural,2,22.58,0,45.16,111.26,EUR,web
#1127,2025-08-20,paid,fulfilled,Spain,Madrid,Madrid,cust_00468,Brass Ceramic Vase,Decor,Casa Bonita,SKU-0049-02,,1,16.22,0,16.22,111.26,EUR,web
#1127,2025-08-20,paid,fulfilled,Spain,Madrid,Madrid,cust_00468,Terracotta Woven Basket,Decor,Casa Bonita,SKU-0043-03,,2,17.85,5.13,30.57,111.26,EUR,web
#1766,2025-11-04,partially_refunded,fulfilled,France,Occitanie,Toulouse,cust_00866,Marble Cutting Board,Kitchen,Aurora Kitchen,SKU-0002-01,,1,13.17,0,13.17,15.94,EUR,web
#1323,2025-09-15,paid,fulfilled,Italy,Lombardia,Milano,cust_00191,Linen Reading Light,Lighting,Lumen Co,SKU-0036-01,Charcoal,1,30.35,0,30.35,36.72,EUR,web
#2413,2025-12-22,paid,fulfilled,Spain,Galicia,Vigo,cust_00457,Oak Pillow Case Pair,Bedding,Nordic Sleep,SKU-0020-01,,1,54.3,6.12,48.18,58.3,EUR,web
#3942,2026-07-22,paid,fulfilled,Spain,Valencia,Alicante,cust_00510,Terracotta Wall Sconce,Lighting,Lumen Co,SKU-0033-01,,1,24.53,0,24.53,29.68,EUR,web
#2329,2025-12-17,paid,fulfilled,France,Provence,Marseille,cust_00504,Stone Serving Platter,Kitchen,Aurora Kitchen,SKU-0010-01,,2,28.1,0,56.2,68,EUR,pos
#3571,2026-05-28,paid,fulfilled,Spain,Galicia,Vigo,cust_00562,Oak Linen Duvet,Bedding,Nordic Sleep,SKU-0025-01,,1,28.38,4.46,23.92,28.94,EUR,web
#2108,2025-12-01,paid,fulfilled,Spain,Madrid,Madrid,cust_00045,Stone Quilted Bedspread,Bedding,Nordic Sleep,SKU-0029-01,Natural,1,33.99,0,33.99,41.13,EUR,web
#2836,2026-02-16,paid,fulfilled,Germany,Berlin,Berlin,cust_00048,Terracotta Wall Mirror,Decor,Casa Bonita,SKU-0048-01,,1,24.68,0,24.68,71.03,EUR,web
#2836,2026-02-16,paid,fulfilled,Germany,Berlin,Berlin,cust_00048,Stone Espresso Mug,Kitchen,Aurora Kitchen,SKU-0005-02,Natural,2,17.01,0,34.02,71.03,EUR,web
#2952,2026-03-05,paid,fulfilled,Spain,Madrid,Alcalá de Henares,cust_00234,Brass Wall Art Print,Decor,Casa Bonita,SKU-0044-01,,1,23.35,0,23.35,28.25,EUR,web
#3844,2026-07-06,paid,fulfilled,France,Occitanie,Toulouse,cust_00666,Walnut Mixing Bowl,Kitchen,Aurora Kitchen,SKU-0008-01,,2,38.08,0,76.16,108.09,EUR,web
#3844,2026-07-06,paid,fulfilled,France,Occitanie,Toulouse,cust_00666,Marble Cutting Board,Kitchen,Aurora Kitchen,SKU-0002-02,,1,13.17,0,13.17,108.09,EUR,web
#1662,2025-10-24,paid,fulfilled,France,Provence,Marseille,cust_00112,Terracotta Woven Basket,Decor,Casa Bonita,SKU-0043-01,,1,17.85,0,17.85,21.6,EUR,web
#2927,2026-03-02,paid,fulfilled,Italy,Lombardia,Bergamo,cust_00671,Bamboo Garden Lantern,Outdoor,Terra Garden,SKU-0059-01,Charcoal,1,40.04,0,40.04,48.45,EUR,web
#1345,2025-09-18,refunded,fulfilled,Spain,Cataluña,Barcelona,cust_00729,Terracotta Outdoor Cushion,Outdoor,Terra Garden,SKU-0060-01,Natural,1,23.39,0,23.39,90.7,EUR,web
#1345,2025-09-18,refunded,fulfilled,Spain,Cataluña,Barcelona,cust_00729,Copper Picture Frame,Decor,Casa Bonita,SKU-0050-02,,3,17.19,0,51.57,90.7,EUR,web
#3175,2026-04-07,paid,fulfilled,France,Occitanie,Montpellier,cust_00576,Marble Quilted Bedspread,Bedding,Nordic Sleep,SKU-0021-01,,2,63.83,0,127.66,212.45,EUR,web
#3175,2026-04-07,paid,fulfilled,France,Occitanie,Montpellier,cust_00576,Stone Quilted Bedspread,Bedding,Nordic Sleep,SKU-0029-02,Large,1,33.99,0,33.99,212.45,EUR,web
#3175,2026-04-07,paid,fulfilled,France,Occitanie,Montpellier,cust_00576,Ceramic Tea Kettle,Kitchen,Aurora Kitchen,SKU-0009-03,,1,13.93,0,13.93,212.45,EUR,web
#2133,2025-12-03,paid,fulfilled,Portugal,Porto,Porto,cust_00403,Ceramic Pillow Case Pair,Bedding,Nordic Sleep,SKU-0028-01,,2,43.58,0,87.16,153.8,EUR,web
#2133,2025-12-03,paid,fulfilled,Portugal,Porto,Porto,cust_00403,Walnut Linen Duvet,Bedding,Nordic Sleep,SKU-0017-02,,1,44.07,4.12,39.95,153.8,EUR,web
#3784,2026-06-28,paid,fulfilled,Spain,País Vasco,Bilbao,cust_00482,Marble Bath Mat,Bath,Pure Bath,SKU-0052-01,,1,31.82,0,31.82,38.5,EUR,web
#1568,2025-10-16,paid,fulfilled,Spain,Andalucía,Málaga,cust_00030,Stone Robe,Bath,Pure Bath,SKU-0055-01,,3,27.66,0,82.98,130.1,EUR,web
#1568,2025-10-16,paid,fulfilled,Spain,Andalucía,Málaga,cust_00030,Oak Chef Knife,Kitchen,Aurora Kitchen,SKU-0001-02,Charcoal,1,24.54,0,24.54,130.1,EUR,web
#2684,2026-01-21,paid,fulfilled,France,Île-de-France,Paris,cust_00600,Copper Wall Mirror,Decor,Casa Bonita,SKU-0040-01,,2,15.19,0,30.38,65.01,EUR,web
#2684,2026-01-21,paid,fulfilled,France,Île-de-France,Paris,cust_00600,Brass Wall Art Print,Decor,Casa Bonita,SKU-0044-02,,1,23.35,0,23.35,65.01,EUR,web
#1201,2025-08-30,paid,fulfilled,Italy,Lombardia,Milano,cust_00425,Marble Cutting Board,Kitchen,Aurora Kitchen,SKU-0002-01,,2,13.17,0,26.34,31.87,EUR,web
#3049,2026-03-18,refunded,fulfilled,Spain,Andalucía,Málaga,cust_00030,Bamboo Picture Frame,Decor,Casa Bonita,SKU-0042-01,,1,32.28,0,32.28,89,EUR,web
#3049,2026-03-18,refunded,fulfilled,Spain,Andalucía,Málaga,cust_00030,Marble Cutting Board,Kitchen,Aurora Kitchen,SKU-0002-02,Charcoal,1,13.17,0,13.17,89,EUR,web
#3049,2026-03-18,refunded,fulfilled,Spain,Andalucía,Málaga,cust_00030,Stone Serving Platter,Kitchen,Aurora Kitchen,SKU-0010-03,,1,28.1,0,28.1,89,EUR,web
#1436,2025-09-30,paid,fulfilled,Spain,Madrid,Alcalá de Henares,cust_00240,Stone Quilted Bedspread,Bedding,Nordic Sleep,SKU-0029-01,,1,33.99,0,33.99,41.13,EUR,web
#3864,2026-07-09,paid,fulfilled,France,Occitanie,Toulouse,cust_00732,Brass Wall Art Print,Decor,Casa Bonita,SKU-0044-01,,1,23.35,0,23.35,106.4,EUR,web
#3864,2026-07-09,paid,fulfilled,France,Occitanie,Toulouse,cust_00732,Bamboo Picture Frame,Decor,Casa Bonita,SKU-0042-02,,1,32.28,0,32.28,106.4,EUR,web
#3864,2026-07-09,paid,fulfilled,France,Occitanie,Toulouse,cust_00732,Ceramic Shower Curtain,Bath,Pure Bath,SKU-0054-03,,1,32.3,0,32.3,106.4,EUR,web
#1892,2025-11-14,paid,fulfilled,France,Occitanie,Toulouse,cust_00734,Ceramic Weighted Blanket,Bedding,Nordic Sleep,SKU-0023-01,,1,19.09,0,19.09,23.1,EUR,web
#2712,2026-01-26,paid,fulfilled,Netherlands,Noord-Holland,Haarlem,cust_00904,Terracotta Outdoor Cushion,Outdoor,Terra Garden,SKU-0060-01,,1,23.39,0,23.39,28.3,EUR,web
#1146,2025-08-23,paid,fulfilled,Spain,Madrid,Madrid,cust_00518,Oak Bath Towel Set,Bath,Pure Bath,SKU-0051-01,,1,25.27,4.13,21.14,25.58,EUR,web
#1614,2025-10-20,partially_refunded,fulfilled,Spain,Andalucía,Sevilla,cust_00248,Terracotta Outdoor Cushion,Outdoor,Terra Garden,SKU-0060-01,,1,23.39,0,23.39,28.3,EUR,web
#3253,2026-04-18,partially_refunded,fulfilled,Portugal,Porto,Porto,cust_00403,Oak Chef Knife,Kitchen,Aurora Kitchen,SKU-0001-01,,1,24.54,3.7,20.84,229.26,EUR,web
#3253,2026-04-18,partially_refunded,fulfilled,Portugal,Porto,Porto,cust_00403,Copper Picture Frame,Decor,Casa Bonita,SKU-0050-02,,2,17.19,0,34.38,229.26,EUR,web
#3253,2026-04-18,partially_refunded,fulfilled,Portugal,Porto,Porto,cust_00403,Stone Quilted Bedspread,Bedding,Nordic Sleep,SKU-0029-03,Large,3,33.99,0,101.97,229.26,EUR,web
#3253,2026-04-18,partially_refunded,fulfilled,Portugal,Porto,Porto,cust_00403,Bamboo Picture Frame,Decor,Casa Bonita,SKU-0042-04,Small,1,32.28,0,32.28,229.26,EUR,web
#3488,2026-05-18,refunded,fulfilled,Spain,Andalucía,Sevilla,cust_00154,Walnut Linen Duvet,Bedding,Nordic Sleep,SKU-0017-01,Large,1,44.07,0,44.07,53.32,EUR,mobile
#1884,2025-11-13,paid,fulfilled,Netherlands,Noord-Holland,Haarlem,cust_00448,Stone Quilted Bedspread,Bedding,Nordic Sleep,SKU-0029-01,Charcoal,1,33.99,0,33.99,41.13,EUR,pos
#2801,2026-02-10,paid,fulfilled,Spain,Andalucía,Málaga,cust_01032,Bamboo Bookend Pair,Decor,Casa Bonita,SKU-0047-01,,2,14.92,0,29.84,69.58,EUR,web
#2801,2026-02-10,paid,fulfilled,Spain,Andalucía,Málaga,cust_01032,Stone Robe,Bath,Pure Bath,SKU-0055-02,,1,27.66,0,27.66,69.58,EUR,web
#3105,2026-03-27,paid,fulfilled,Netherlands,Noord-Holland,Haarlem,cust_00869,Marble Cutting Board,Kitchen,Aurora Kitchen,SKU-0002-01,,2,13.17,0,26.34,68.59,EUR,web
#3105,2026-03-27,paid,fulfilled,Netherlands,Noord-Holland,Haarlem,cust_00869,Linen Reading Light,Lighting,Lumen Co,SKU-0036-02,Large,1,30.35,0,30.35,68.59,EUR,web
#2368,2025-12-19,paid,fulfilled,Italy,Lombardia,Milano,cust_00231,Ceramic Shower Curtain,Bath,Pure Bath,SKU-0054-01,,1,32.3,4.89,27.41,52.11,EUR,web
#2368,2025-12-19,paid,fulfilled,Italy,Lombardia,Milano,cust_00231,Stone Espresso Mug,Kitchen,Aurora Kitchen,SKU-0005-02,Charcoal,1,17.01,1.35,15.66,52.11,EUR,web
#3919,2026-07-17,partially_refunded,unfulfilled,Italy,Lazio,Roma,cust_00781,Marble Bath Mat,Bath,Pure Bath,SKU-0052-01,,1,31.82,0,31.82,38.5,EUR,web
#3624,2026-06-05,paid,fulfilled,Germany,Hamburg,Hamburg,cust_00263,Ceramic Cast Iron Pan,Kitchen,Aurora Kitchen,SKU-0004-01,,2,22.58,0,45.16,164.63,EUR,web
#3624,2026-06-05,paid,fulfilled,Germany,Hamburg,Hamburg,cust_00263,Marble Cutting Board,Kitchen,Aurora Kitchen,SKU-0002-02,Charcoal,2,13.17,0,26.34,164.63,EUR,web
#3624,2026-06-05,paid,fulfilled,Germany,Hamburg,Hamburg,cust_00263,Bamboo Picture Frame,Decor,Casa Bonita,SKU-0042-03,,2,32.28,0,64.56,164.63,EUR,web
#2436,2025-12-24,paid,fulfilled,Spain,País Vasco,Bilbao,cust_00635,Marble Bath Towel Set,Bath,Pure Bath,SKU-0057-01,,1,25.7,0,25.7,31.1,EUR,web
#1652,2025-10-23,paid,fulfilled,Germany,Berlin,Berlin,cust_01005,Walnut Soap Dispenser,Bath,Pure Bath,SKU-0053-01,,1,31.22,4.89,26.33,31.86,EUR,web
#2527,2025-12-31,paid,fulfilled,France,Occitanie,Toulouse,cust_00104,Terracotta Outdoor Cushion,Outdoor,Terra Garden,SKU-0060-01,,2,23.39,4.56,42.22,51.09,EUR,mobile
#2299,2025-12-15,paid,fulfilled,Germany,Hamburg,Hamburg,cust_00587,Stone Espresso Mug,Kitchen,Aurora Kitchen,SKU-0005-01,,1,17.01,0,17.01,20.58,EUR,pos
#3557,2026-05-27,paid,fulfilled,France,Île-de-France,Paris,cust_00347,Oak Chef Knife,Kitchen,Aurora Kitchen,SKU-0001-01,Charcoal,2,24.54,0,49.08,136.69,EUR,web
#3557,2026-05-27,paid,fulfilled,France,Île-de-France,Paris,cust_00347,Walnut Wool Throw,Bedding,Nordic Sleep,SKU-0027-02,Small,1,63.89,0,63.89,136.69,EUR,web
#1927,2025-11-16,paid,fulfilled,France,Île-de-France,Versailles,cust_00439,Ceramic Cast Iron Pan,Kitchen,Aurora Kitchen,SKU-0004-01,,1,22.58,0,22.58,43.72,EUR,web
#1927,2025-11-16,paid,fulfilled,France,Île-de-France,Versailles,cust_00439,Brass Ceramic Vase,Decor,Casa Bonita,SKU-0049-02,,1,16.22,2.67,13.55,43.72,EUR,web
#1516,2025-10-10,paid,fulfilled,Italy,Lazio,Roma,cust_00854,Terracotta Outdoor Cushion,Outdoor,Terra Garden,SKU-0060-01,,1,23.39,3.73,19.66,23.79,EUR,web
#1813,2025-11-08,paid,fulfilled,Spain,Galicia,Vigo,cust_00975,Bamboo Table Lamp,Lighting,Lumen Co,SKU-0037-01,,1,39.74,0,39.74,83.65,EUR,web
#1813,2025-11-08,paid,fulfilled,Spain,Galicia,Vigo,cust_00975,Brass Ceramic Vase,Decor,Casa Bonita,SKU-0049-02,,1,16.22,0,16.22,83.65,EUR,web
#1813,2025-11-08,paid,fulfilled,Spain,Galicia,Vigo,cust_00975,Marble Cutting Board,Kitchen,Aurora Kitchen,SKU-0002-03,,1,13.17,0,13.17,83.65,EUR,web
#1319,2025-09-15,paid,fulfilled,Spain,Cataluña,Girona,cust_00001,Stone Quilted Bedspread,Bedding,Nordic Sleep,SKU-0029-01,,1,33.99,0,33.99,90.53,EUR,web
#1319,2025-09-15,paid,fulfilled,Spain,Cataluña,Girona,cust_00001,Marble Cutting Board,Kitchen,Aurora Kitchen,SKU-0002-02,,1,13.17,0,13.17,90.53,EUR,web
#1319,2025-09-15,paid,fulfilled,Spain,Cataluña,Girona,cust_00001,Stone Robe,Bath,Pure Bath,SKU-0055-03,,1,27.66,0,27.66,90.53,EUR,web
#1746,2025-11-02,paid,fulfilled,Portugal,Porto,Porto,cust_00865,Marble Cutting Board,Kitchen,Aurora Kitchen,SKU-0002-01,,2,13.17,0,26.34,31.87,EUR,web
#1675,2025-10-26,paid,fulfilled,Spain,Cataluña,Girona,cust_00365,Oak Storage Jar,Kitchen,Aurora Kitchen,SKU-0016-01,,1,23.74,0,23.74,90.47,EUR,web
#1675,2025-10-26,paid,fulfilled,Spain,Cataluña,Girona,cust_00365,Stone Espresso Mug,Kitchen,Aurora Kitchen,SKU-0005-02,Large,3,17.01,0,51.03,90.47,EUR,web
#3052,2026-03-18,paid,fulfilled,France,Occitanie,Montpellier,cust_01125,Ceramic Cast Iron Pan,Kitchen,Aurora Kitchen,SKU-0004-01,,1,22.58,0,22.58,97.09,EUR,web
#3052,2026-03-18,paid,fulfilled,France,Occitanie,Montpellier,cust_01125,Bamboo Picture Frame,Decor,Casa Bonita,SKU-0042-02,,1,32.28,6.44,25.84,97.09,EUR,web
#3052,2026-03-18,paid,fulfilled,France,Occitanie,Montpellier,cust_01125,Marble Bath Mat,Bath,Pure Bath,SKU-0052-03,,1,31.82,0,31.82,97.09,EUR,web
#2007,2025-11-23,partially_refunded,fulfilled,Portugal,Lisboa,Cascais,cust_00485,Marble Cotton Sheet Set,Bedding,Nordic Sleep,SKU-0026-01,,1,66.77,4.28,62.49,127.1,EUR,web
#2007,2025-11-23,partially_refunded,fulfilled,Portugal,Lisboa,Cascais,cust_00485,Marble Cutting Board,Kitchen,Aurora Kitchen,SKU-0002-02,,1,13.17,2.44,10.73,127.1,EUR,web
#2007,2025-11-23,partially_refunded,fulfilled,Portugal,Lisboa,Cascais,cust_00485,Marble Bath Mat,Bath,Pure Bath,SKU-0052-03,,1,31.82,0,31.82,127.1,EUR,web
#1117,2025-08-18,refunded,fulfilled,Portugal,Lisboa,Lisboa,cust_00848,Marble Bath Mat,Bath,Pure Bath,SKU-0052-01,Medium,2,31.82,0,63.64,77,EUR,web
#2714,2026-01-27,paid,fulfilled,Spain,Andalucía,Málaga,cust_00242,Marble Bath Mat,Bath,Pure Bath,SKU-0052-01,,2,31.82,0,63.64,121.48,EUR,web
#2714,2026-01-27,paid,fulfilled,Spain,Andalucía,Málaga,cust_00242,Bamboo Garden Lantern,Outdoor,Terra Garden,SKU-0059-02,,1,40.04,3.28,36.76,121.48,EUR,web
#1624,2025-10-21,paid,fulfilled,Spain,Madrid,Madrid,cust_00774,Marble Cutting Board,Kitchen,Aurora Kitchen,SKU-0002-01,,1,13.17,0.71,12.46,90.86,EUR,web
#1624,2025-10-21,paid,fulfilled,Spain,Madrid,Madrid,cust_00774,Linen Reading Light,Lighting,Lumen Co,SKU-0036-02,,1,30.35,0,30.35,90.86,EUR,web
#1624,2025-10-21,paid,fulfilled,Spain,Madrid,Madrid,cust_00774,Bamboo Picture Frame,Decor,Casa Bonita,SKU-0042-03,,1,32.28,0,32.28,90.86,EUR,web
#1255,2025-09-07,paid,fulfilled,Spain,Cataluña,Girona,cust_00001,Marble Cutting Board,Kitchen,Aurora Kitchen,SKU-0012-01,,1,15.09,0,15.09,18.26,EUR,web
#2449,2025-12-25,paid,fulfilled,Germany,Bayern,München,cust_00157,Terracotta Wall Sconce,Lighting,Lumen Co,SKU-0033-01,,2,24.53,0,49.06,59.36,EUR,web
#3644,2026-06-09,paid,fulfilled,Spain,Madrid,Alcalá de Henares,cust_00727,Marble Bath Towel Set,Bath,Pure Bath,SKU-0057-01,Natural,4,25.7,0,102.8,351.26,EUR,web
#3644,2026-06-09,paid,fulfilled,Spain,Madrid,Alcalá de Henares,cust_00727,Walnut Linen Duvet,Bedding,Nordic Sleep,SKU-0017-02,,1,44.07,0,44.07,351.26,EUR,web
#3644,2026-06-09,paid,fulfilled,Spain,Madrid,Alcalá de Henares,cust_00727,Walnut Ceramic Bowl Set,Kitchen,Aurora Kitchen,SKU-0003-03,,2,44.02,5.31,82.73,351.26,EUR,web
#3644,2026-06-09,paid,fulfilled,Spain,Madrid,Alcalá de Henares,cust_00727,Linen Reading Light,Lighting,Lumen Co,SKU-0036-04,,2,30.35,0,60.7,351.26,EUR,web
#1089,2025-08-13,paid,fulfilled,Portugal,Porto,Porto,cust_00158,Stone Quilted Bedspread,Bedding,Nordic Sleep,SKU-0029-01,Natural,1,33.99,0,33.99,41.13,EUR,mobile
#3223,2026-04-14,paid,fulfilled,Spain,Andalucía,Sevilla,cust_01087,Stone Espresso Mug,Kitchen,Aurora Kitchen,SKU-0005-01,,2,17.01,0,34.02,171.74,EUR,web
#3223,2026-04-14,paid,fulfilled,Spain,Andalucía,Sevilla,cust_01087,Walnut Ceramic Bowl Set,Kitchen,Aurora Kitchen,SKU-0003-02,,1,44.02,0,44.02,171.74,EUR,web
#3223,2026-04-14,paid,fulfilled,Spain,Andalucía,Sevilla,cust_01087,Walnut Wool Throw,Bedding,Nordic Sleep,SKU-0027-03,,1,63.89,0,63.89,171.74,EUR,web
#1274,2025-09-08,partially_refunded,fulfilled,Spain,Cataluña,Girona,cust_00133,Bamboo Picture Frame,Decor,Casa Bonita,SKU-0042-01,,1,32.28,0,32.28,39.06,EUR,web
#1771,2025-11-04,paid,fulfilled,France,Occitanie,Toulouse,cust_00734,Brass Wall Art Print,Decor,Casa Bonita,SKU-0044-01,,1,23.35,1.96,21.39,25.88,EUR,mobile
#1398,2025-09-24,paid,fulfilled,Netherlands,Noord-Holland,Amsterdam,cust_00591,Stone Serving Platter,Kitchen,Aurora Kitchen,SKU-0010-01,,1,28.1,0,28.1,34,EUR,web
#3732,2026-06-21,paid,fulfilled,Germany,Hamburg,Hamburg,cust_00302,Terracotta Outdoor Cushion,Outdoor,Terra Garden,SKU-0060-01,,1,23.39,3.66,19.73,60.6,EUR,web
#3732,2026-06-21,paid,fulfilled,Germany,Hamburg,Hamburg,cust_00302,Linen Reading Light,Lighting,Lumen Co,SKU-0036-02,,1,30.35,0,30.35,60.6,EUR,web
#2959,2026-03-05,paid,fulfilled,France,Île-de-France,Versailles,cust_00614,Marble Bath Mat,Bath,Pure Bath,SKU-0052-01,,1,31.82,0,31.82,38.5,EUR,web
#1711,2025-10-29,paid,fulfilled,France,Île-de-France,Versailles,cust_00299,Terracotta Pendant Light,Lighting,Lumen Co,SKU-0038-01,Small,1,38.48,0,38.48,46.56,EUR,web
#2309,2025-12-15,paid,fulfilled,France,Occitanie,Toulouse,cust_00866,Ceramic Cast Iron Pan,Kitchen,Aurora Kitchen,SKU-0004-01,,1,22.58,0,22.58,27.32,EUR,web
#3277,2026-04-20,paid,fulfilled,Spain,Galicia,Vigo,cust_00503,Brass Wall Art Print,Decor,Casa Bonita,SKU-0044-01,,2,23.35,0,46.7,102.58,EUR,web
#3277,2026-04-20,paid,fulfilled,Spain,Galicia,Vigo,cust_00503,Walnut Mixing Bowl,Kitchen,Aurora Kitchen,SKU-0008-02,Medium,1,38.08,0,38.08,102.58,EUR,web
#1969,2025-11-20,paid,fulfilled,France,Occitanie,Montpellier,cust_00196,Walnut Mixing Bowl,Kitchen,Aurora Kitchen,SKU-0008-01,Large,2,38.08,0,76.16,92.15,EUR,web
#2114,2025-12-01,paid,fulfilled,Spain,Madrid,Madrid,cust_00138,Terracotta Woven Basket,Decor,Casa Bonita,SKU-0043-01,,2,17.85,0,35.7,43.2,EUR,web
#2943,2026-03-03,refunded,fulfilled,France,Provence,Marseille,cust_01176,Brass Ceramic Vase,Decor,Casa Bonita,SKU-0049-01,,1,16.22,0,16.22,19.63,EUR,web
#3154,2026-04-04,paid,fulfilled,Spain,País Vasco,San Sebastián,cust_00445,Marble Cutting Board,Kitchen,Aurora Kitchen,SKU-0012-01,,1,15.09,0,15.09,18.26,EUR,web
#3598,2026-06-02,paid,fulfilled,Portugal,Porto,Braga,cust_00396,Brass Wall Art Print,Decor,Casa Bonita,SKU-0044-01,Natural,1,23.35,0,23.35,28.25,EUR,web
#2816,2026-02-13,paid,fulfilled,Germany,Berlin,Berlin,cust_01005,Linen Table Runner,Decor,Casa Bonita,SKU-0046-01,,1,22.74,1.96,20.78,59.46,EUR,mobile
#2816,2026-02-13,paid,fulfilled,Germany,Berlin,Berlin,cust_01005,Linen Reading Light,Lighting,Lumen Co,SKU-0036-02,,1,30.35,1.99,28.36,59.46,EUR,mobile
#2961,2026-03-06,paid,fulfilled,Portugal,Porto,Braga,cust_00977,Terracotta Outdoor Cushion,Outdoor,Terra Garden,SKU-0060-01,,1,23.39,0,23.39,106.42,EUR,web
#2961,2026-03-06,paid,fulfilled,Portugal,Porto,Braga,cust_00977,Bamboo Picture Frame,Decor,Casa Bonita,SKU-0042-02,Charcoal,2,32.28,0,64.56,106.42,EUR,web
#1392,2025-09-24,paid,fulfilled,Spain,Cataluña,Girona,cust_00630,Ceramic Weighted Blanket,Bedding,Nordic Sleep,SKU-0023-01,,2,19.09,0,38.18,46.2,EUR,web
#2064,2025-11-27,paid,fulfilled,Spain,Valencia,Valencia,cust_01115,Oak Chef Knife,Kitchen,Aurora Kitchen,SKU-0001-01,Medium,1,24.54,3.07,21.47,25.98,EUR,pos
#1557,2025-10-15,paid,fulfilled,Portugal,Lisboa,Lisboa,cust_00848,Ceramic Tea Kettle,Kitchen,Aurora Kitchen,SKU-0009-01,,1,13.93,0,13.93,55.91,EUR,web
#1557,2025-10-15,paid,fulfilled,Portugal,Lisboa,Lisboa,cust_00848,Bamboo Picture Frame,Decor,Casa Bonita,SKU-0042-02,,1,32.28,0,32.28,55.91,EUR,web
#2810,2026-02-12,paid,fulfilled,Portugal,Lisboa,Cascais,cust_00625,Copper Table Lamp,Lighting,Lumen Co,SKU-0030-01,,1,31.58,5.09,26.49,32.05,EUR,web
#1204,2025-08-31,paid,fulfilled,France,Provence,Nice,cust_00070,Brass Wall Art Print,Decor,Casa Bonita,SKU-0044-01,Natural,1,23.35,0,23.35,49.85,EUR,web
#1204,2025-08-31,paid,fulfilled,France,Provence,Nice,cust_00070,Terracotta Woven Basket,Decor,Casa Bonita,SKU-0043-02,,1,17.85,0,17.85,49.85,EUR,web
#1953,2025-11-18,paid,fulfilled,Spain,Galicia,Vigo,cust_00617,Marble Bath Towel Set,Bath,Pure Bath,SKU-0057-01,,2,25.7,0,51.4,87.36,EUR,web
#1953,2025-11-18,paid,fulfilled,Spain,Galicia,Vigo,cust_00617,Stone Espresso Mug,Kitchen,Aurora Kitchen,SKU-0015-02,,1,20.8,0,20.8,87.36,EUR,web
#1952,2025-11-18,paid,fulfilled,France,Occitanie,Toulouse,cust_00022,Ceramic Cast Iron Pan,Kitchen,Aurora Kitchen,SKU-0004-01,Charcoal,1,22.58,2.66,19.92,135.11,EUR,web
#1952,2025-11-18,paid,fulfilled,France,Occitanie,Toulouse,cust_00022,Linen Pendant Light,Lighting,Lumen Co,SKU-0031-02,,2,45.87,0,91.74,135.11,EUR,web
#1393,2025-09-24,paid,fulfilled,Spain,Andalucía,Sevilla,cust_00889,Linen Reading Light,Lighting,Lumen Co,SKU-0036-01,,1,30.35,0,30.35,80.13,EUR,web
#1393,2025-09-24,paid,fulfilled,Spain,Andalucía,Sevilla,cust_00889,Linen Ceramic Vase,Decor,Casa Bonita,SKU-0041-02,,1,37.99,2.12,35.87,80.13,EUR,web
#3678,2026-06-13,paid,fulfilled,Spain,Madrid,Madrid,cust_00774,Ceramic Cast Iron Pan,Kitchen,Aurora Kitchen,SKU-0004-02,,1,22.58,0,22.58,99.53,EUR,pos
#3678,2026-06-13,paid,fulfilled,Spain,Madrid,Madrid,cust_00774,Bamboo Bookend Pair,Decor,Casa Bonita,SKU-0047-03,Large,4,14.92,0,59.68,99.53,EUR,pos
#1239,2025-09-03,paid,fulfilled,France,Occitanie,Montpellier,cust_00861,Brass Wall Art Print,Decor,Casa Bonita,SKU-0044-01,,1,23.35,0,23.35,53.42,EUR,web
#1239,2025-09-03,paid,fulfilled,France,Occitanie,Montpellier,cust_00861,Stone Espresso Mug,Kitchen,Aurora Kitchen,SKU-0015-02,,1,20.8,0,20.8,53.42,EUR,web
#2095,2025-11-30,paid,fulfilled,Spain,País Vasco,Bilbao,cust_01168,Bamboo Floor Lamp,Lighting,Lumen Co,SKU-0032-01,,2,46.35,0,92.7,112.17,EUR,web
#3756,2026-06-23,paid,fulfilled,France,Île-de-France,Paris,cust_00598,Linen Reading Light,Lighting,Lumen Co,SKU-0036-01,Small,1,30.35,0,30.35,36.72,EUR,web
#1297,2025-09-11,paid,fulfilled,Italy,Lazio,Roma,cust_00509,Ceramic Cast Iron Pan,Kitchen,Aurora Kitchen,SKU-0004-01,,1,22.58,0,22.58,27.32,EUR,web
#2872,2026-02-22,paid,fulfilled,Spain,Cataluña,Girona,cust_00365,Oak Chef Knife,Kitchen,Aurora Kitchen,SKU-0001-01,,1,24.54,0,24.54,29.69,EUR,web
#3945,2026-07-22,paid,fulfilled,Germany,Bayern,Nürnberg,cust_00724,Stone Espresso Mug,Kitchen,Aurora Kitchen,SKU-0005-01,,1,17.01,0,17.01,58.36,EUR,web
#3945,2026-07-22,paid,fulfilled,Germany,Bayern,Nürnberg,cust_00724,Walnut Soap Dispenser,Bath,Pure Bath,SKU-0053-02,Large,1,31.22,0,31.22,58.36,EUR,web
#2766,2026-02-05,paid,fulfilled,Germany,Bayern,Nürnberg,cust_00724,Linen Reading Light,Lighting,Lumen Co,SKU-0036-01,Large,1,30.35,0,30.35,55.1,EUR,web
#2766,2026-02-05,paid,fulfilled,Germany,Bayern,Nürnberg,cust_00724,Copper Wall Mirror,Decor,Casa Bonita,SKU-0040-02,,1,15.19,0,15.19,55.1,EUR,web
#2920,2026-03-01,paid,fulfilled,Germany,Berlin,Berlin,cust_01005,Stone Espresso Mug,Kitchen,Aurora Kitchen,SKU-0015-01,,2,20.8,6.26,35.34,42.76,EUR,web
#1181,2025-08-27,paid,fulfilled,France,Provence,Marseille,cust_00444,Marble Cotton Sheet Set,Bedding,Nordic Sleep,SKU-0026-01,,1,66.77,4.15,62.62,112.49,EUR,pos
#1181,2025-08-27,paid,fulfilled,France,Provence,Marseille,cust_00444,Linen Reading Light,Lighting,Lumen Co,SKU-0036-02,,1,30.35,0,30.35,112.49,EUR,pos
#2272,2025-12-12,paid,fulfilled,Spain,Valencia,Alicante,cust_01169,Ceramic Cast Iron Pan,Kitchen,Aurora Kitchen,SKU-0004-01,,1,22.58,0,22.58,58.42,EUR,web
#2272,2025-12-12,paid,fulfilled,Spain,Valencia,Alicante,cust_01169,Marble Bath Towel Set,Bath,Pure Bath,SKU-0057-02,,1,25.7,0,25.7,58.42,EUR,web
#3274,2026-04-20,refunded,fulfilled,Spain,Madrid,Madrid,cust_00359,Marble Bath Mat,Bath,Pure Bath,SKU-0052-01,Natural,2,31.82,0,63.64,105.73,EUR,web
#3274,2026-04-20,refunded,fulfilled,Spain,Madrid,Madrid,cust_00359,Oak Storage Jar,Kitchen,Aurora Kitchen,SKU-0016-02,,1,23.74,0,23.74,105.73,EUR,web
#1165,2025-08-25,partially_refunded,fulfilled,Spain,Cataluña,Barcelona,cust_00068,Terracotta Woven Basket,Decor,Casa Bonita,SKU-0043-01,Small,1,17.85,0,17.85,48.19,EUR,web
#1165,2025-08-25,partially_refunded,fulfilled,Spain,Cataluña,Barcelona,cust_00068,Oak Chef Knife,Kitchen,Aurora Kitchen,SKU-0001-02,Large,1,24.54,2.56,21.98,48.19,EUR,web
#2292,2025-12-14,paid,fulfilled,Spain,Galicia,A Coruña,cust_01134,Marble Bath Towel Set,Bath,Pure Bath,SKU-0057-01,,1,25.7,0,25.7,31.1,EUR,web
#2378,2025-12-20,paid,fulfilled,Spain,Galicia,A Coruña,cust_00052,Terracotta Woven Basket,Decor,Casa Bonita,SKU-0043-01,,1,17.85,0,17.85,41.22,EUR,web
#2378,2025-12-20,paid,fulfilled,Spain,Galicia,A Coruña,cust_00052,Brass Ceramic Vase,Decor,Casa Bonita,SKU-0049-02,Natural,1,16.22,0,16.22,41.22,EUR,web
#3754,2026-06-23,paid,fulfilled,Spain,Galicia,Vigo,cust_00319,Marble Utensil Holder,Kitchen,Aurora Kitchen,SKU-0007-01,Small,1,17.14,0,17.14,35.19,EUR,web
#3754,2026-06-23,paid,fulfilled,Spain,Galicia,Vigo,cust_00319,Bamboo Bookend Pair,Decor,Casa Bonita,SKU-0047-02,,1,14.92,2.98,11.94,35.19,EUR,web
#1526,2025-10-11,paid,fulfilled,Spain,Valencia,Alicante,cust_00147,Brass Ceramic Vase,Decor,Casa Bonita,SKU-0049-01,,1,16.22,2.39,13.83,16.73,EUR,web
#1369,2025-09-21,partially_refunded,fulfilled,Spain,Galicia,A Coruña,cust_01069,Walnut Mixing Bowl,Kitchen,Aurora Kitchen,SKU-0008-01,,1,38.08,4.25,33.83,40.93,EUR,pos
#1037,2025-08-06,paid,fulfilled,Germany,Berlin,Berlin,cust_00846,Marble Bath Mat,Bath,Pure Bath,SKU-0052-01,,1,31.82,6.17,25.65,31.04,EUR,web
#3561,2026-05-27,paid,fulfilled,France,Provence,Nice,cust_00555,Walnut Mattress Topper,Bedding,Nordic Sleep,SKU-0022-01,,1,62.76,0,62.76,75.94,EUR,web
#2490,2025-12-29,paid,fulfilled,Spain,Galicia,Vigo,cust_00617,Ceramic Pillow Case Pair,Bedding,Nordic Sleep,SKU-0028-01,Charcoal,1,43.58,0,43.58,211.99,EUR,pos
#2490,2025-12-29,paid,fulfilled,Spain,Galicia,Vigo,cust_00617,Marble Bath Mat,Bath,Pure Bath,SKU-0052-02,,2,31.82,0,63.64,211.99,EUR,pos
#2490,2025-12-29,paid,fulfilled,Spain,Galicia,Vigo,cust_00617,Stone Quilted Bedspread,Bedding,Nordic Sleep,SKU-0029-03,Natural,2,33.99,0,67.98,211.99,EUR,pos
#2177,2025-12-05,paid,fulfilled,Spain,Galicia,Vigo,cust_00028,Bamboo Bookend Pair,Decor,Casa Bonita,SKU-0047-01,,1,14.92,0,14.92,18.05,EUR,web
#2683,2026-01-21,paid,fulfilled,Spain,Galicia,A Coruña,cust_00227,Walnut Soap Dispenser,Bath,Pure Bath,SKU-0053-01,,1,31.22,0,31.22,37.78,EUR,pos
#3467,2026-05-16,paid,fulfilled,Netherlands,Noord-Holland,Haarlem,cust_00232,Marble Cotton Sheet Set,Bedding,Nordic Sleep,SKU-0026-01,Large,2,66.77,0,133.54,161.58,EUR,mobile
#1449,2025-10-02,paid,fulfilled,Italy,Lombardia,Milano,cust_00710,Linen Planter Pot,Outdoor,Terra Garden,SKU-0058-01,,3,32.68,12.91,85.13,103.01,EUR,web
#3659,2026-06-11,partially_refunded,fulfilled,Italy,Lombardia,Bergamo,cust_00776,Bamboo Bookend Pair,Decor,Casa Bonita,SKU-0047-01,,1,14.92,1.16,13.76,16.65,EUR,web
#2124,2025-12-02,paid,fulfilled,France,Provence,Nice,cust_00218,Bamboo Picture Frame,Decor,Casa Bonita,SKU-0042-01,,1,32.28,0,32.28,39.06,EUR,web
#2619,2026-01-12,paid,fulfilled,Netherlands,Noord-Holland,Haarlem,cust_00656,Bamboo Picture Frame,Decor,Casa Bonita,SKU-0042-01,,1,32.28,0,32.28,39.06,EUR,web
#2520,2025-12-30,paid,fulfilled,France,Île-de-France,Versailles,cust_00775,Marble Bath Mat,Bath,Pure Bath,SKU-0052-01,,3,31.82,0,95.46,115.51,EUR,web
#1325,2025-09-16,paid,fulfilled,Italy,Lombardia,Bergamo,cust_01186,Stone Quilted Bedspread,Bedding,Nordic Sleep,SKU-0029-01,,1,33.99,0,33.99,242.92,EUR,web
#1325,2025-09-16,paid,fulfilled,Italy,Lombardia,Bergamo,cust_01186,Linen Table Runner,Decor,Casa Bonita,SKU-0046-02,,4,22.74,0,90.96,242.92,EUR,web
#1325,2025-09-16,paid,fulfilled,Italy,Lombardia,Bergamo,cust_01186,Oak Bath Towel Set,Bath,Pure Bath,SKU-0051-03,Natural,3,25.27,0,75.81,242.92,EUR,web
#3536,2026-05-25,paid,fulfilled,Spain,Madrid,Madrid,cust_00774,Ceramic Cast Iron Pan,Kitchen,Aurora Kitchen,SKU-0014-01,,1,40.12,0,40.12,48.55,EUR,web
#1540,2025-10-12,refunded,fulfilled,Germany,Hamburg,Hamburg,cust_00964,Walnut Ceramic Bowl Set,Kitchen,Aurora Kitchen,SKU-0003-01,,3,44.02,0,132.06,198.29,EUR,web
#1540,2025-10-12,refunded,fulfilled,Germany,Hamburg,Hamburg,cust_00964,Marble Bath Mat,Bath,Pure Bath,SKU-0052-02,Charcoal,1,31.82,0,31.82,198.29,EUR,web
#2643,2026-01-16,paid,fulfilled,Spain,Galicia,Vigo,cust_00503,Bamboo Picture Frame,Decor,Casa Bonita,SKU-0042-01,,1,32.28,0,32.28,67.31,EUR,web
#2643,2026-01-16,paid,fulfilled,Spain,Galicia,Vigo,cust_00503,Brass Wall Art Print,Decor,Casa Bonita,SKU-0044-02,,1,23.35,0,23.35,67.31,EUR,web
#3622,2026-06-05,paid,fulfilled,France,Occitanie,Toulouse,cust_00410,Terracotta Woven Basket,Decor,Casa Bonita,SKU-0043-01,Large,2,17.85,3.22,32.48,39.3,EUR,web
#3663,2026-06-11,paid,fulfilled,Spain,Valencia,Valencia,cust_00300,Ceramic Cast Iron Pan,Kitchen,Aurora Kitchen,SKU-0014-01,,1,40.12,0,40.12,48.55,EUR,web
#3350,2026-05-02,paid,fulfilled,Germany,Hamburg,Hamburg,cust_00039,Oak Chef Knife,Kitchen,Aurora Kitchen,SKU-0001-01,,1,24.54,1.94,22.6,27.35,EUR,mobile
#2199,2025-12-07,paid,fulfilled,Spain,Madrid,Madrid,cust_00345,Marble Bath Towel Set,Bath,Pure Bath,SKU-0057-01,,1,25.7,0,25.7,79.88,EUR,web
#2199,2025-12-07,paid,fulfilled,Spain,Madrid,Madrid,cust_00345,Walnut Ceramic Bowl Set,Kitchen,Aurora Kitchen,SKU-0003-02,,1,44.02,3.7,40.32,79.88,EUR,web
#1161,2025-08-24,paid,fulfilled,Italy,Lazio,Roma,cust_01126,Marble Bath Mat,Bath,Pure Bath,SKU-0052-01,,1,31.82,0,31.82,38.5,EUR,web
#1891,2025-11-14,paid,fulfilled,Germany,Hamburg,Hamburg,cust_00998,Brass Ceramic Vase,Decor,Casa Bonita,SKU-0049-01,Large,1,16.22,0,16.22,69.27,EUR,web
#1891,2025-11-14,paid,fulfilled,Germany,Hamburg,Hamburg,cust_00998,Walnut Ceramic Bowl Set,Kitchen,Aurora Kitchen,SKU-0013-02,Natural,1,41.03,0,41.03,69.27,EUR,web
#3329,2026-04-28,paid,fulfilled,Germany,Bayern,Nürnberg,cust_00285,Bamboo Bookend Pair,Decor,Casa Bonita,SKU-0047-01,,1,14.92,2.97,11.95,87.08,EUR,web
#3329,2026-04-28,paid,fulfilled,Germany,Bayern,Nürnberg,cust_00285,Ceramic Cast Iron Pan,Kitchen,Aurora Kitchen,SKU-0004-02,,1,22.58,0,22.58,87.08,EUR,web
#3329,2026-04-28,paid,fulfilled,Germany,Bayern,Nürnberg,cust_00285,Ceramic Cast Iron Pan,Kitchen,Aurora Kitchen,SKU-0014-03,,1,40.12,2.68,37.44,87.08,EUR,web
#3801,2026-06-29,paid,fulfilled,Netherlands,Noord-Holland,Haarlem,cust_00212,Stone Serving Platter,Kitchen,Aurora Kitchen,SKU-0010-01,,1,28.1,5.58,22.52,63.97,EUR,pos
#3801,2026-06-29,paid,fulfilled,Netherlands,Noord-Holland,Haarlem,cust_00212,Linen Reading Light,Lighting,Lumen Co,SKU-0036-02,,1,30.35,0,30.35,63.97,EUR,pos
#3463,2026-05-16,paid,fulfilled,Spain,Galicia,A Coruña,cust_01003,Oak Vanity Tray,Bath,Pure Bath,SKU-0056-01,Medium,1,24.8,0,24.8,30.01,EUR,web
#3040,2026-03-16,paid,fulfilled,Italy,Lazio,Roma,cust_00186,Copper Scented Candle,Decor,Casa Bonita,SKU-0045-01,,1,8.24,0,8.24,9.97,EUR,web
#2654,2026-01-17,partially_refunded,fulfilled,Germany,Berlin,Berlin,cust_00478,Stone Quilted Bedspread,Bedding,Nordic Sleep,SKU-0029-01,,1,33.99,0,33.99,65.56,EUR,mobile
#2654,2026-01-17,partially_refunded,fulfilled,Germany,Berlin,Berlin,cust_00478,Ceramic Cast Iron Pan,Kitchen,Aurora Kitchen,SKU-0004-02,,1,22.58,2.39,20.19,65.56,EUR,mobile
#3765,2026-06-25,paid,fulfilled,France,Provence,Marseille,cust_00373,Stone Bed Runner,Bedding,Nordic Sleep,SKU-0024-01,Small,3,47.82,0,143.46,173.59,EUR,web
#1039,2025-08-06,paid,fulfilled,Spain,Madrid,Alcalá de Henares,cust_00803,Linen Reading Light,Lighting,Lumen Co,SKU-0036-01,Large,1,30.35,0,30.35,61.02,EUR,web
#1039,2025-08-06,paid,fulfilled,Spain,Madrid,Alcalá de Henares,cust_00803,Ceramic Cast Iron Pan,Kitchen,Aurora Kitchen,SKU-0004-02,,1,22.58,2.5,20.08,61.02,EUR,web
#2493,2025-12-29,paid,fulfilled,France,Occitanie,Toulouse,cust_00022,Bamboo Bookend Pair,Decor,Casa Bonita,SKU-0047-01,Natural,1,14.92,0,14.92,18.05,EUR,web
#3846,2026-07-06,paid,fulfilled,France,Provence,Marseille,cust_00073,Bamboo Bookend Pair,Decor,Casa Bonita,SKU-0047-01,Medium,1,14.92,1.66,13.26,35.67,EUR,web
#3846,2026-07-06,paid,fulfilled,France,Provence,Marseille,cust_00073,Brass Ceramic Vase,Decor,Casa Bonita,SKU-0049-02,,1,16.22,0,16.22,35.67,EUR,web
#1329,2025-09-16,paid,fulfilled,Spain,Madrid,Madrid,cust_00079,Terracotta Outdoor Cushion,Outdoor,Terra Garden,SKU-0060-01,Small,1,23.39,0,23.39,28.3,EUR,web
#2100,2025-12-01,paid,fulfilled,Spain,Andalucía,Málaga,cust_00242,Brass Wall Art Print,Decor,Casa Bonita,SKU-0044-01,,1,23.35,0,23.35,60.12,EUR,web
#2100,2025-12-01,paid,fulfilled,Spain,Andalucía,Málaga,cust_00242,Marble Cutting Board,Kitchen,Aurora Kitchen,SKU-0002-02,Large,2,13.17,0,26.34,60.12,EUR,web
#3850,2026-07-06,paid,fulfilled,Italy,Lazio,Roma,cust_00388,Brass Wall Art Print,Decor,Casa Bonita,SKU-0044-02,,1,23.35,0,23.35,28.25,EUR,web
#1967,2025-11-20,paid,fulfilled,Italy,Lazio,Roma,cust_00760,Terracotta Woven Basket,Decor,Casa Bonita,SKU-0043-01,,4,17.85,9.93,61.47,221.27,EUR,web
#1967,2025-11-20,paid,fulfilled,Italy,Lazio,Roma,cust_00760,Linen Reading Light,Lighting,Lumen Co,SKU-0036-02,Large,4,30.35,0,121.4,221.27,EUR,web
#2411,2025-12-22,paid,fulfilled,Spain,Cataluña,Barcelona,cust_00068,Linen Planter Pot,Outdoor,Terra Garden,SKU-0058-01,Small,1,32.68,0,32.68,39.54,EUR,web
#2826,2026-02-14,paid,fulfilled,France,Provence,Marseille,cust_00197,Bamboo Bookend Pair,Decor,Casa Bonita,SKU-0047-01,,1,14.92,0,14.92,18.05,EUR,web
#2026,2025-11-24,paid,fulfilled,Spain,Andalucía,Sevilla,cust_00689,Marble Bath Mat,Bath,Pure Bath,SKU-0052-01,,2,31.82,12.2,51.44,62.24,EUR,web
#3769,2026-06-25,paid,fulfilled,France,Île-de-France,Versailles,cust_00725,Marble Bath Towel Set,Bath,Pure Bath,SKU-0057-01,,1,25.7,2.25,23.45,28.37,EUR,web
#1374,2025-09-21,partially_refunded,fulfilled,Portugal,Porto,Porto,cust_00403,Copper Picture Frame,Decor,Casa Bonita,SKU-0050-01,,1,17.19,0,17.19,62.5,EUR,web
#1374,2025-09-21,partially_refunded,fulfilled,Portugal,Porto,Porto,cust_00403,Walnut Mixing Bowl,Kitchen,Aurora Kitchen,SKU-0008-02,Charcoal,1,38.08,3.62,34.46,62.5,EUR,web
#3465,2026-05-16,paid,fulfilled,Italy,Lazio,Roma,cust_00821,Copper Wall Mirror,Decor,Casa Bonita,SKU-0040-01,Charcoal,2,15.19,0,30.38,36.76,EUR,web
#3532,2026-05-24,refunded,fulfilled,Spain,Madrid,Madrid,cust_00968,Brass Wall Art Print,Decor,Casa Bonita,SKU-0044-01,,1,23.35,0,23.35,45.23,EUR,web
#3532,2026-05-24,refunded,fulfilled,Spain,Madrid,Madrid,cust_00968,Bamboo Bookend Pair,Decor,Casa Bonita,SKU-0047-02,,1,14.92,0.89,14.03,45.23,EUR,web
#2091,2025-11-30,paid,fulfilled,Netherlands,Zuid-Holland,Den Haag,cust_00245,Bamboo Table Lamp,Lighting,Lumen Co,SKU-0037-01,Large,1,39.74,0,39.74,124.4,EUR,web
#2091,2025-11-30,paid,fulfilled,Netherlands,Zuid-Holland,Den Haag,cust_00245,Terracotta Wall Mirror,Decor,Casa Bonita,SKU-0048-02,,2,24.68,0,49.36,124.4,EUR,web
#2091,2025-11-30,paid,fulfilled,Netherlands,Zuid-Holland,Den Haag,cust_00245,Bamboo Bookend Pair,Decor,Casa Bonita,SKU-0047-03,,1,14.92,1.21,13.71,124.4,EUR,web
#3402,2026-05-08,paid,fulfilled,Spain,Galicia,A Coruña,cust_00227,Walnut Soap Dispenser,Bath,Pure Bath,SKU-0053-01,Natural,1,31.22,0,31.22,37.78,EUR,web
#2457,2025-12-26,paid,fulfilled,Germany,Hamburg,Hamburg,cust_00622,Stone Espresso Mug,Kitchen,Aurora Kitchen,SKU-0005-01,,1,17.01,1.46,15.55,92.26,EUR,web
#2457,2025-12-26,paid,fulfilled,Germany,Hamburg,Hamburg,cust_00622,Linen Reading Light,Lighting,Lumen Co,SKU-0036-02,Charcoal,2,30.35,0,60.7,92.26,EUR,web
#2822,2026-02-14,paid,fulfilled,Netherlands,Noord-Holland,Haarlem,cust_00904,Walnut Mixing Bowl,Kitchen,Aurora Kitchen,SKU-0008-01,Natural,1,38.08,0,38.08,193.94,EUR,web
#2822,2026-02-14,paid,fulfilled,Netherlands,Noord-Holland,Haarlem,cust_00904,Walnut Mattress Topper,Bedding,Nordic Sleep,SKU-0022-02,Large,1,62.76,0,62.76,193.94,EUR,web
#2822,2026-02-14,paid,fulfilled,Netherlands,Noord-Holland,Haarlem,cust_00904,Marble Bath Mat,Bath,Pure Bath,SKU-0052-03,,2,31.82,4.2,59.44,193.94,EUR,web
#1394,2025-09-24,paid,fulfilled,Spain,Galicia,Vigo,cust_00282,Oak Chef Knife,Kitchen,Aurora Kitchen,SKU-0001-01,,1,24.54,0,24.54,102.02,EUR,web
#1394,2025-09-24,paid,fulfilled,Spain,Galicia,Vigo,cust_00282,Bamboo Bookend Pair,Decor,Casa Bonita,SKU-0047-02,Small,1,14.92,1.02,13.9,102.02,EUR,web
#1394,2025-09-24,paid,fulfilled,Spain,Galicia,Vigo,cust_00282,Linen Pendant Light,Lighting,Lumen Co,SKU-0031-03,,1,45.87,0,45.87,102.02,EUR,web
#2704,2026-01-25,paid,fulfilled,Spain,Andalucía,Málaga,cust_00030,Marble Bath Mat,Bath,Pure Bath,SKU-0052-01,,1,31.82,0,31.82,100.7,EUR,web
#2704,2026-01-25,paid,fulfilled,Spain,Andalucía,Málaga,cust_00030,Marble Bath Towel Set,Bath,Pure Bath,SKU-0057-02,,2,25.7,0,51.4,100.7,EUR,web
#3424,2026-05-11,paid,fulfilled,Spain,Valencia,Valencia,cust_00997,Oak Chef Knife,Kitchen,Aurora Kitchen,SKU-0001-01,Natural,1,24.54,0,24.54,29.69,EUR,web
#2639,2026-01-15,partially_refunded,fulfilled,Germany,Hamburg,Hamburg,cust_00039,Marble Bath Mat,Bath,Pure Bath,SKU-0052-01,,1,31.82,3.44,28.38,302.03,EUR,web
#2639,2026-01-15,partially_refunded,fulfilled,Germany,Hamburg,Hamburg,cust_00039,Stone Quilted Bedspread,Bedding,Nordic Sleep,SKU-0029-02,Natural,3,33.99,0,101.97,302.03,EUR,web
#2639,2026-01-15,partially_refunded,fulfilled,Germany,Hamburg,Hamburg,cust_00039,Linen Pendant Light,Lighting,Lumen Co,SKU-0031-03,Natural,2,45.87,0,91.74,302.03,EUR,web
#2639,2026-01-15,partially_refunded,fulfilled,Germany,Hamburg,Hamburg,cust_00039,Oak Storage Jar,Kitchen,Aurora Kitchen,SKU-0006-04,Small,1,27.52,0,27.52,302.03,EUR,web
#2488,2025-12-28,paid,fulfilled,Germany,Hamburg,Hamburg,cust_01175,Copper Scented Candle,Decor,Casa Bonita,SKU-0045-01,Natural,1,8.24,0,8.24,9.97,EUR,web
#1004,2025-08-01,paid,fulfilled,Spain,Madrid,Madrid,cust_00962,Brass Ceramic Vase,Decor,Casa Bonita,SKU-0049-01,,1,16.22,0,16.22,19.63,EUR,web
#3148,2026-04-03,partially_refunded,fulfilled,France,Provence,Marseille,cust_00906,Marble Bath Towel Set,Bath,Pure Bath,SKU-0057-01,,1,25.7,0,25.7,31.1,EUR,web
#2583,2026-01-06,paid,fulfilled,France,Occitanie,Toulouse,cust_00104,Stone Quilted Bedspread,Bedding,Nordic Sleep,SKU-0029-01,,1,33.99,3.85,30.14,36.47,EUR,web
#1567,2025-10-16,paid,fulfilled,Netherlands,Zuid-Holland,Rotterdam,cust_00601,Oak Storage Jar,Kitchen,Aurora Kitchen,SKU-0016-01,,2,23.74,0,47.48,75.65,EUR,web
#1567,2025-10-16,paid,fulfilled,Netherlands,Zuid-Holland,Rotterdam,cust_00601,Brass Ceramic Vase,Decor,Casa Bonita,SKU-0049-02,Natural,1,16.22,1.18,15.04,75.65,EUR,web
#3213,2026-04-12,paid,fulfilled,Portugal,Lisboa,Cascais,cust_00143,Stone Quilted Bedspread,Bedding,Nordic Sleep,SKU-0029-01,Charcoal,1,33.99,0,33.99,54.55,EUR,web
#3213,2026-04-12,paid,fulfilled,Portugal,Lisboa,Cascais,cust_00143,Marble Cutting Board,Kitchen,Aurora Kitchen,SKU-0002-02,,1,13.17,2.08,11.09,54.55,EUR,web
#1959,2025-11-19,paid,fulfilled,Italy,Lombardia,Bergamo,cust_00914,Marble Bath Mat,Bath,Pure Bath,SKU-0052-01,,1,31.82,0,31.82,38.5,EUR,web
#1515,2025-10-10,paid,fulfilled,Portugal,Porto,Braga,cust_00623,Ceramic Cast Iron Pan,Kitchen,Aurora Kitchen,SKU-0004-01,,1,22.58,0,22.58,27.32,EUR,web
#3413,2026-05-10,refunded,fulfilled,Spain,Valencia,Valencia,cust_00312,Terracotta Outdoor Cushion,Outdoor,Terra Garden,SKU-0060-01,,1,23.39,0,23.39,28.3,EUR,mobile
#3497,2026-05-20,paid,fulfilled,Spain,Valencia,Valencia,cust_00997,Marble Bath Towel Set,Bath,Pure Bath,SKU-0057-01,Charcoal,1,25.7,0,25.7,31.1,EUR,web
#1885,2025-11-13,paid,fulfilled,Spain,País Vasco,Bilbao,cust_00946,Ceramic Cast Iron Pan,Kitchen,Aurora Kitchen,SKU-0004-01,,1,22.58,0,22.58,27.32,EUR,web
#3983,2026-07-28,paid,fulfilled,Germany,Hamburg,Hamburg,cust_00622,Stone Quilted Bedspread,Bedding,Nordic Sleep,SKU-0029-01,,1,33.99,4.3,29.69,35.92,EUR,web
#2685,2026-01-22,paid,fulfilled,Spain,País Vasco,Bilbao,cust_00482,Linen Planter Pot,Outdoor,Terra Garden,SKU-0058-01,,3,32.68,0,98.04,118.63,EUR,web
#3230,2026-04-15,paid,fulfilled,Spain,Madrid,Alcalá de Henares,cust_00269,Brass Wall Art Print,Decor,Casa Bonita,SKU-0044-01,,3,23.35,0,70.05,268.97,EUR,web
#3230,2026-04-15,paid,fulfilled,Spain,Madrid,Alcalá de Henares,cust_00269,Terracotta Wall Mirror,Decor,Casa Bonita,SKU-0048-02,,1,24.68,0,24.68,268.97,EUR,web
#3230,2026-04-15,paid,fulfilled,Spain,Madrid,Alcalá de Henares,cust_00269,Walnut Mixing Bowl,Kitchen,Aurora Kitchen,SKU-0008-03,,2,38.08,6.81,69.35,268.97,EUR,web
#3230,2026-04-15,paid,fulfilled,Spain,Madrid,Alcalá de Henares,cust_00269,Marble Quilted Bedspread,Bedding,Nordic Sleep,SKU-0021-04,Small,1,63.83,5.62,58.21,268.97,EUR,web
#1129,2025-08-20,paid,fulfilled,Netherlands,Zuid-Holland,Den Haag,cust_00296,Ceramic Cast Iron Pan,Kitchen,Aurora Kitchen,SKU-0014-01,,3,40.12,0,120.36,145.64,EUR,web
#3307,2026-04-25,paid,fulfilled,Spain,Cataluña,Barcelona,cust_00078,Marble Bath Towel Set,Bath,Pure Bath,SKU-0057-01,Medium,1,25.7,0,25.7,31.1,EUR,web
#1086,2025-08-13,paid,fulfilled,Germany,Hamburg,Hamburg,cust_00096,Marble Cutting Board,Kitchen,Aurora Kitchen,SKU-0012-01,,1,15.09,0,15.09,18.26,EUR,web
#3554,2026-05-27,partially_refunded,fulfilled,Spain,Madrid,Madrid,cust_00468,Oak Storage Jar,Kitchen,Aurora Kitchen,SKU-0016-01,,1,23.74,4.49,19.25,96.06,EUR,web
#3554,2026-05-27,partially_refunded,fulfilled,Spain,Madrid,Madrid,cust_00468,Oak Linen Duvet,Bedding,Nordic Sleep,SKU-0025-02,,1,28.38,0,28.38,96.06,EUR,web
#3554,2026-05-27,partially_refunded,fulfilled,Spain,Madrid,Madrid,cust_00468,Bamboo Bookend Pair,Decor,Casa Bonita,SKU-0047-03,Small,1,14.92,0,14.92,96.06,EUR,web
#3554,2026-05-27,partially_refunded,fulfilled,Spain,Madrid,Madrid,cust_00468,Stone Espresso Mug,Kitchen,Aurora Kitchen,SKU-0015-04,Large,1,20.8,3.96,16.84,96.06,EUR,web
#1708,2025-10-29,paid,fulfilled,Spain,Galicia,Vigo,cust_00319,Walnut Wool Throw,Bedding,Nordic Sleep,SKU-0027-01,Charcoal,1,63.89,5.62,58.27,96.1,EUR,web
#1708,2025-10-29,paid,fulfilled,Spain,Galicia,Vigo,cust_00319,Oak Chef Knife,Kitchen,Aurora Kitchen,SKU-0001-02,,1,24.54,3.39,21.15,96.1,EUR,web
#3172,2026-04-06,paid,fulfilled,Portugal,Porto,Braga,cust_01052,Oak Storage Jar,Kitchen,Aurora Kitchen,SKU-0006-01,Natural,1,27.52,5.35,22.17,95.28,EUR,web
#3172,2026-04-06,paid,fulfilled,Portugal,Porto,Braga,cust_01052,Ceramic Cast Iron Pan,Kitchen,Aurora Kitchen,SKU-0004-02,Large,1,22.58,0,22.58,95.28,EUR,web
#3172,2026-04-06,paid,fulfilled,Portugal,Porto,Braga,cust_01052,Stone Quilted Bedspread,Bedding,Nordic Sleep,SKU-0029-03,,1,33.99,0,33.99,95.28,EUR,web
#3178,2026-04-07,paid,fulfilled,France,Occitanie,Toulouse,cust_00703,Linen Reading Light,Lighting,Lumen Co,SKU-0036-01,,1,30.35,0,30.35,36.72,EUR,pos
#2717,2026-01-27,paid,fulfilled,France,Provence,Marseille,cust_00752,Walnut Soap Dispenser,Bath,Pure Bath,SKU-0053-01,,2,31.22,0,62.44,75.55,EUR,web
#3916,2026-07-17,paid,partial,France,Occitanie,Montpellier,cust_01035,Stone Quilted Bedspread,Bedding,Nordic Sleep,SKU-0029-01,Medium,2,33.99,0,67.98,199.59,EUR,web
#3916,2026-07-17,paid,partial,France,Occitanie,Montpellier,cust_01035,Stone Espresso Mug,Kitchen,Aurora Kitchen,SKU-0005-02,,1,17.01,0,17.01,199.59,EUR,web
#3916,2026-07-17,paid,partial,France,Occitanie,Montpellier,cust_01035,Walnut Linen Duvet,Bedding,Nordic Sleep,SKU-0017-03,,1,44.07,0,44.07,199.59,EUR,web
#3916,2026-07-17,paid,partial,France,Occitanie,Montpellier,cust_01035,Walnut Mixing Bowl,Kitchen,Aurora Kitchen,SKU-0008-04,Natural,1,38.08,2.19,35.89,199.59,EUR,web
#1750,2025-11-02,paid,fulfilled,Portugal,Lisboa,Cascais,cust_00625,Brass Wall Art Print,Decor,Casa Bonita,SKU-0044-01,,1,23.35,4.2,19.15,23.17,EUR,web
#2123,2025-12-02,paid,fulfilled,Italy,Lazio,Roma,cust_00720,Ceramic Cast Iron Pan,Kitchen,Aurora Kitchen,SKU-0004-01,Natural,1,22.58,0,22.58,45.38,EUR,web
#2123,2025-12-02,paid,fulfilled,Italy,Lazio,Roma,cust_00720,Bamboo Bookend Pair,Decor,Casa Bonita,SKU-0047-02,,1,14.92,0,14.92,45.38,EUR,web
#3881,2026-07-12,paid,partial,France,Occitanie,Toulouse,cust_00732,Linen Table Runner,Decor,Casa Bonita,SKU-0046-01,,1,22.74,0,22.74,53.65,EUR,web
#3881,2026-07-12,paid,partial,France,Occitanie,Toulouse,cust_00732,Oak Bath Towel Set,Bath,Pure Bath,SKU-0051-02,,1,25.27,3.67,21.6,53.65,EUR,web
#2313,2025-12-15,paid,fulfilled,Italy,Lombardia,Milano,cust_00815,Terracotta Pendant Light,Lighting,Lumen Co,SKU-0038-01,,4,38.48,0,153.92,186.24,EUR,web
#3596,2026-06-01,paid,fulfilled,France,Occitanie,Toulouse,cust_00022,Terracotta Woven Basket,Decor,Casa Bonita,SKU-0043-01,,1,17.85,3.57,14.28,46.97,EUR,web
#3596,2026-06-01,paid,fulfilled,France,Occitanie,Toulouse,cust_00022,Oak Chef Knife,Kitchen,Aurora Kitchen,SKU-0001-02,,1,24.54,0,24.54,46.97,EUR,web
#2929,2026-03-02,paid,fulfilled,Netherlands,Noord-Holland,Haarlem,cust_00656,Brass Wall Art Print,Decor,Casa Bonita,SKU-0044-01,,1,23.35,0,23.35,96.07,EUR,web
#2929,2026-03-02,paid,fulfilled,Netherlands,Noord-Holland,Haarlem,cust_00656,Marble Bath Towel Set,Bath,Pure Bath,SKU-0057-02,Large,1,25.7,0,25.7,96.07,EUR,web
#2929,2026-03-02,paid,fulfilled,Netherlands,Noord-Holland,Haarlem,cust_00656,Linen Reading Light,Lighting,Lumen Co,SKU-0036-03,,1,30.35,0,30.35,96.07,EUR,web
#2455,2025-12-26,paid,fulfilled,Germany,Bayern,München,cust_00908,Bamboo Garden Lantern,Outdoor,Terra Garden,SKU-0059-01,,1,40.04,0,40.04,48.45,EUR,web
#2389,2025-12-21,paid,fulfilled,Italy,Lazio,Roma,cust_00189,Stone Quilted Bedspread,Bedding,Nordic Sleep,SKU-0029-01,Charcoal,1,33.99,0,33.99,41.13,EUR,web
#2088,2025-11-30,paid,fulfilled,Spain,Andalucía,Málaga,cust_01121,Marble Bath Towel Set,Bath,Pure Bath,SKU-0057-01,,1,25.7,0,25.7,59.76,EUR,web
#2088,2025-11-30,paid,fulfilled,Spain,Andalucía,Málaga,cust_01121,Stone Serving Platter,Kitchen,Aurora Kitchen,SKU-0010-02,,1,28.1,4.41,23.69,59.76,EUR,web
#3163,2026-04-05,paid,fulfilled,France,Île-de-France,Paris,cust_00648,Brass Ceramic Vase,Decor,Casa Bonita,SKU-0049-01,,1,16.22,0,16.22,51.5,EUR,web
#3163,2026-04-05,paid,fulfilled,France,Île-de-France,Paris,cust_00648,Marble Cutting Board,Kitchen,Aurora Kitchen,SKU-0002-02,,2,13.17,0,26.34,51.5,EUR,web
#2841,2026-02-17,paid,fulfilled,Germany,Bayern,München,cust_00673,Marble Bath Mat,Bath,Pure Bath,SKU-0052-01,Medium,2,31.82,0,63.64,77,EUR,web
#3992,2026-07-30,refunded,fulfilled,Spain,Andalucía,Sevilla,cust_00885,Terracotta Woven Basket,Decor,Casa Bonita,SKU-0043-01,,2,17.85,0,35.7,142.04,EUR,web
#3992,2026-07-30,refunded,fulfilled,Spain,Andalucía,Sevilla,cust_00885,Walnut Ceramic Bowl Set,Kitchen,Aurora Kitchen,SKU-0013-02,,1,41.03,7.34,33.69,142.04,EUR,web
#3992,2026-07-30,refunded,fulfilled,Spain,Andalucía,Sevilla,cust_00885,Linen Reading Light,Lighting,Lumen Co,SKU-0036-03,Natural,1,30.35,4.93,25.42,142.04,EUR,web
#3992,2026-07-30,refunded,fulfilled,Spain,Andalucía,Sevilla,cust_00885,Ceramic Cast Iron Pan,Kitchen,Aurora Kitchen,SKU-0004-04,,1,22.58,0,22.58,142.04,EUR,web
#2369,2025-12-19,paid,fulfilled,Portugal,Porto,Braga,cust_01100,Brass Ceramic Vase,Decor,Casa Bonita,SKU-0049-01,,1,16.22,0,16.22,68.17,EUR,web
#2369,2025-12-19,paid,fulfilled,Portugal,Porto,Braga,cust_01100,Ceramic Cast Iron Pan,Kitchen,Aurora Kitchen,SKU-0014-02,Large,1,40.12,0,40.12,68.17,EUR,web
#2306,2025-12-15,paid,fulfilled,Spain,Valencia,Alicante,cust_00731,Walnut Ceramic Bowl Set,Kitchen,Aurora Kitchen,SKU-0003-01,Large,1,44.02,0,44.02,81.52,EUR,web
#2306,2025-12-15,paid,fulfilled,Spain,Valencia,Alicante,cust_00731,Brass Wall Art Print,Decor,Casa Bonita,SKU-0044-02,,1,23.35,0,23.35,81.52,EUR,web
#2221,2025-12-09,paid,fulfilled,Spain,Cataluña,Barcelona,cust_00440,Marble Bath Mat,Bath,Pure Bath,SKU-0052-01,Medium,4,31.82,20.42,106.86,168.36,EUR,web
#2221,2025-12-09,paid,fulfilled,Spain,Cataluña,Barcelona,cust_00440,Bamboo Picture Frame,Decor,Casa Bonita,SKU-0042-02,,1,32.28,0,32.28,168.36,EUR,web
#3773,2026-06-25,paid,fulfilled,Spain,Cataluña,Barcelona,cust_00705,Bamboo Picture Frame,Decor,Casa Bonita,SKU-0042-01,Natural,1,32.28,0,32.28,187.22,EUR,web
#3773,2026-06-25,paid,fulfilled,Spain,Cataluña,Barcelona,cust_00705,Walnut Ceramic Bowl Set,Kitchen,Aurora Kitchen,SKU-0003-02,,3,44.02,9.61,122.45,187.22,EUR,web
#3677,2026-06-13,paid,fulfilled,France,Occitanie,Montpellier,cust_00548,Linen Reading Light,Lighting,Lumen Co,SKU-0036-01,Large,2,30.35,11.87,48.83,59.08,EUR,web
#3235,2026-04-16,paid,fulfilled,France,Occitanie,Montpellier,cust_00652,Marble Bath Mat,Bath,Pure Bath,SKU-0052-01,,1,31.82,0,31.82,120.31,EUR,web
#3235,2026-04-16,paid,fulfilled,France,Occitanie,Montpellier,cust_00652,Stone Serving Platter,Kitchen,Aurora Kitchen,SKU-0010-02,,1,28.1,0,28.1,120.31,EUR,web
#3235,2026-04-16,paid,fulfilled,France,Occitanie,Montpellier,cust_00652,Marble Cutting Board,Kitchen,Aurora Kitchen,SKU-0002-03,Large,3,13.17,0,39.51,120.31,EUR,web
#1829,2025-11-08,refunded,fulfilled,Spain,Madrid,Madrid,cust_00253,Bamboo Bookend Pair,Decor,Casa Bonita,SKU-0047-01,,1,14.92,0,14.92,54.23,EUR,web
#1829,2025-11-08,refunded,fulfilled,Spain,Madrid,Madrid,cust_00253,Stone Quilted Bedspread,Bedding,Nordic Sleep,SKU-0029-02,Charcoal,1,33.99,4.09,29.9,54.23,EUR,web
#2979,2026-03-08,paid,fulfilled,Portugal,Lisboa,Cascais,cust_00851,Brass Ceramic Vase,Decor,Casa Bonita,SKU-0049-01,,1,16.22,0,16.22,19.63,EUR,web
#3322,2026-04-27,paid,fulfilled,Spain,Madrid,Alcalá de Henares,cust_00934,Oak Chef Knife,Kitchen,Aurora Kitchen,SKU-0001-01,,1,24.54,0,24.54,29.69,EUR,web
#2487,2025-12-28,paid,fulfilled,France,Provence,Nice,cust_01195,Marble Bath Mat,Bath,Pure Bath,SKU-0052-01,Medium,1,31.82,0,31.82,141.57,EUR,mobile
#2487,2025-12-28,paid,fulfilled,France,Provence,Nice,cust_01195,Brass Wall Art Print,Decor,Casa Bonita,SKU-0044-02,Medium,2,23.35,0,46.7,141.57,EUR,mobile
#2487,2025-12-28,paid,fulfilled,France,Provence,Nice,cust_01195,Terracotta Pendant Light,Lighting,Lumen Co,SKU-0038-03,,1,38.48,0,38.48,141.57,EUR,mobile
#1899,2025-11-14,paid,fulfilled,Spain,Andalucía,Sevilla,cust_00257,Marble Cutting Board,Kitchen,Aurora Kitchen,SKU-0002-01,,1,13.17,0,13.17,15.94,EUR,web
#1337,2025-09-17,paid,fulfilled,Spain,Galicia,Vigo,cust_00617,Marble Bath Towel Set,Bath,Pure Bath,SKU-0057-01,Natural,4,25.7,0,102.8,124.39,EUR,web
#3036,2026-03-16,paid,fulfilled,Germany,Hamburg,Hamburg,cust_00183,Walnut Wool Throw,Bedding,Nordic Sleep,SKU-0027-01,,3,63.89,0,191.67,231.92,EUR,web
#3855,2026-07-08,paid,partial,Spain,Madrid,Alcalá de Henares,cust_00934,Copper Scented Candle,Decor,Casa Bonita,SKU-0045-01,Charcoal,1,8.24,0,8.24,49.03,EUR,pos
#3855,2026-07-08,paid,partial,Spain,Madrid,Alcalá de Henares,cust_00934,Bamboo Picture Frame,Decor,Casa Bonita,SKU-0042-02,Large,1,32.28,0,32.28,49.03,EUR,pos
#2213,2025-12-08,paid,fulfilled,Germany,Hamburg,Hamburg,cust_00332,Linen Reading Light,Lighting,Lumen Co,SKU-0036-01,Small,1,30.35,0,30.35,36.72,EUR,web
#3330,2026-04-28,paid,fulfilled,Spain,Galicia,Vigo,cust_00680,Brass Ceramic Vase,Decor,Casa Bonita,SKU-0049-01,,1,16.22,0,16.22,35.56,EUR,web
#3330,2026-04-28,paid,fulfilled,Spain,Galicia,Vigo,cust_00680,Marble Cutting Board,Kitchen,Aurora Kitchen,SKU-0002-02,,1,13.17,0,13.17,35.56,EUR,web
#1889,2025-11-13,paid,fulfilled,France,Occitanie,Toulouse,cust_00316,Stone Robe,Bath,Pure Bath,SKU-0055-01,Medium,1,27.66,0,27.66,33.47,EUR,mobile
#2067,2025-11-27,paid,fulfilled,Spain,Valencia,Alicante,cust_00513,Brass Wall Art Print,Decor,Casa Bonita,SKU-0044-01,,1,23.35,0,23.35,46.31,EUR,pos
#2067,2025-11-27,paid,fulfilled,Spain,Valencia,Alicante,cust_00513,Bamboo Bookend Pair,Decor,Casa Bonita,SKU-0047-02,,1,14.92,0,14.92,46.31,EUR,pos
#1804,2025-11-07,paid,fulfilled,Spain,País Vasco,Bilbao,cust_00456,Brass Wall Art Print,Decor,Casa Bonita,SKU-0044-01,,2,23.35,7.65,39.05,47.25,EUR,pos
#2354,2025-12-18,paid,fulfilled,Spain,Cataluña,Girona,cust_00582,Marble Bath Mat,Bath,Pure Bath,SKU-0052-01,Small,1,31.82,0,31.82,38.5,EUR,web
#4000,2026-07-31,paid,unfulfilled,Germany,Bayern,München,cust_00544,Oak Storage Jar,Kitchen,Aurora Kitchen,SKU-0016-01,Large,1,23.74,0,23.74,194.27,EUR,web
#4000,2026-07-31,paid,unfulfilled,Germany,Bayern,München,cust_00544,Terracotta Outdoor Cushion,Outdoor,Terra Garden,SKU-0060-02,Charcoal,1,23.39,0,23.39,194.27,EUR,web
#4000,2026-07-31,paid,unfulfilled,Germany,Bayern,München,cust_00544,Stone Quilted Bedspread,Bedding,Nordic Sleep,SKU-0029-03,Small,3,33.99,16.21,85.76,194.27,EUR,web
#4000,2026-07-31,paid,unfulfilled,Germany,Bayern,München,cust_00544,Stone Robe,Bath,Pure Bath,SKU-0055-04,Medium,1,27.66,0,27.66,194.27,EUR,web
#2658,2026-01-17,paid,fulfilled,Spain,Valencia,Alicante,cust_00513,Terracotta Outdoor Cushion,Outdoor,Terra Garden,SKU-0060-01,Large,1,23.39,0,23.39,138.47,EUR,web
#2658,2026-01-17,paid,fulfilled,Spain,Valencia,Alicante,cust_00513,Linen Reading Light,Lighting,Lumen Co,SKU-0036-02,,3,30.35,0,91.05,138.47,EUR,web
#1550,2025-10-14,paid,fulfilled,France,Île-de-France,Versailles,cust_00304,Oak Chef Knife,Kitchen,Aurora Kitchen,SKU-0001-01,,1,24.54,3.12,21.42,25.92,EUR,web
#1192,2025-08-29,paid,fulfilled,Italy,Lazio,Roma,cust_00509,Stone Quilted Bedspread,Bedding,Nordic Sleep,SKU-0029-01,,1,33.99,0,33.99,69.38,EUR,web
#1192,2025-08-29,paid,fulfilled,Italy,Lazio,Roma,cust_00509,Brass Wall Art Print,Decor,Casa Bonita,SKU-0044-02,,1,23.35,0,23.35,69.38,EUR,web
#1358,2025-09-20,paid,fulfilled,France,Île-de-France,Versailles,cust_01147,Walnut Mixing Bowl,Kitchen,Aurora Kitchen,SKU-0008-01,Natural,1,38.08,0,38.08,46.08,EUR,web
#1009,2025-08-02,paid,fulfilled,Germany,Berlin,Berlin,cust_00130,Brass Ceramic Vase,Decor,Casa Bonita,SKU-0049-01,Large,1,16.22,1.43,14.79,17.9,EUR,web
#2914,2026-02-28,paid,fulfilled,Spain,Cataluña,Girona,cust_00628,Copper Scented Candle,Decor,Casa Bonita,SKU-0045-01,Natural,1,8.24,1.35,6.89,8.34,EUR,web
#2664,2026-01-18,paid,fulfilled,France,Provence,Nice,cust_00292,Brass Wall Art Print,Decor,Casa Bonita,SKU-0044-01,Charcoal,1,23.35,0,23.35,49.85,EUR,web
#2664,2026-01-18,paid,fulfilled,France,Provence,Nice,cust_00292,Terracotta Woven Basket,Decor,Casa Bonita,SKU-0043-02,Charcoal,1,17.85,0,17.85,49.85,EUR,web
#3653,2026-06-10,paid,fulfilled,Spain,Madrid,Madrid,cust_00566,Stone Quilted Bedspread,Bedding,Nordic Sleep,SKU-0029-01,Small,2,33.99,0,67.98,100.64,EUR,web
#3653,2026-06-10,paid,fulfilled,Spain,Madrid,Madrid,cust_00566,Copper Wall Mirror,Decor,Casa Bonita,SKU-0040-02,,1,15.19,0,15.19,100.64,EUR,web
#3391,2026-05-07,paid,fulfilled,Italy,Lombardia,Milano,cust_00191,Walnut Ceramic Bowl Set,Kitchen,Aurora Kitchen,SKU-0013-01,Charcoal,1,41.03,0,41.03,49.65,EUR,web
#2905,2026-02-27,paid,fulfilled,Netherlands,Zuid-Holland,Den Haag,cust_00029,Marble Bath Mat,Bath,Pure Bath,SKU-0052-01,,1,31.82,0,31.82,87.65,EUR,web
#2905,2026-02-27,paid,fulfilled,Netherlands,Zuid-Holland,Den Haag,cust_00029,Oak Storage Jar,Kitchen,Aurora Kitchen,SKU-0006-02,,1,27.52,0,27.52,87.65,EUR,web
#2905,2026-02-27,paid,fulfilled,Netherlands,Zuid-Holland,Den Haag,cust_00029,Bamboo Bookend Pair,Decor,Casa Bonita,SKU-0047-03,,1,14.92,1.82,13.1,87.65,EUR,web
#2531,2025-12-31,paid,fulfilled,Spain,Andalucía,Sevilla,cust_00534,Marble Bath Mat,Bath,Pure Bath,SKU-0052-01,,1,31.82,0,31.82,38.5,EUR,web
#1312,2025-09-14,paid,fulfilled,Italy,Lazio,Roma,cust_00008,Terracotta Outdoor Cushion,Outdoor,Terra Garden,SKU-0060-01,,2,23.39,0,46.78,126.18,EUR,web
#1312,2025-09-14,paid,fulfilled,Italy,Lazio,Roma,cust_00008,Brass Floor Lamp,Lighting,Lumen Co,SKU-0039-02,,1,57.5,0,57.5,126.18,EUR,web
#3558,2026-05-27,paid,fulfilled,Spain,Madrid,Alcalá de Henares,cust_00564,Copper Wall Mirror,Decor,Casa Bonita,SKU-0040-01,,1,15.19,0,15.19,74.98,EUR,web
#3558,2026-05-27,paid,fulfilled,Spain,Madrid,Alcalá de Henares,cust_00564,Terracotta Outdoor Cushion,Outdoor,Terra Garden,SKU-0060-02,Large,2,23.39,0,46.78,74.98,EUR,web
#1793,2025-11-06,paid,fulfilled,Portugal,Lisboa,Lisboa,cust_00570,Oak Storage Jar,Kitchen,Aurora Kitchen,SKU-0006-01,,4,27.52,0,110.08,133.2,EUR,web
#2350,2025-12-17,paid,fulfilled,France,Occitanie,Toulouse,cust_00104,Marble Bath Towel Set,Bath,Pure Bath,SKU-0057-01,Large,1,25.7,0,25.7,69.07,EUR,mobile
#2350,2025-12-17,paid,fulfilled,France,Occitanie,Toulouse,cust_00104,Bamboo Bookend Pair,Decor,Casa Bonita,SKU-0047-02,,1,14.92,1.39,13.53,69.07,EUR,mobile
#2350,2025-12-17,paid,fulfilled,France,Occitanie,Toulouse,cust_00104,Terracotta Woven Basket,Decor,Casa Bonita,SKU-0043-03,,1,17.85,0,17.85,69.07,EUR,mobile
#3283,2026-04-21,paid,fulfilled,France,Occitanie,Montpellier,cust_00652,Marble Bath Towel Set,Bath,Pure Bath,SKU-0057-01,,1,25.7,0,25.7,104.77,EUR,web
#3283,2026-04-21,paid,fulfilled,France,Occitanie,Montpellier,cust_00652,Walnut Mixing Bowl,Kitchen,Aurora Kitchen,SKU-0008-02,Charcoal,1,38.08,0,38.08,104.77,EUR,web
#3283,2026-04-21,paid,fulfilled,France,Occitanie,Montpellier,cust_00652,Stone Robe,Bath,Pure Bath,SKU-0055-03,Large,1,27.66,4.85,22.81,104.77,EUR,web
#3505,2026-05-21,paid,fulfilled,Spain,Galicia,A Coruña,cust_00712,Bamboo Picture Frame,Decor,Casa Bonita,SKU-0042-01,,1,32.28,0,32.28,39.06,EUR,web
#1232,2025-09-03,refunded,fulfilled,Germany,Hamburg,Hamburg,cust_00822,Marble Bath Mat,Bath,Pure Bath,SKU-0052-01,,1,31.82,0,31.82,38.5,EUR,web
#3726,2026-06-20,paid,fulfilled,France,Occitanie,Toulouse,cust_01017,Stone Espresso Mug,Kitchen,Aurora Kitchen,SKU-0015-01,,1,20.8,0,20.8,25.17,EUR,web
#3389,2026-05-06,paid,fulfilled,Germany,Bayern,München,cust_01193,Oak Pillow Case Pair,Bedding,Nordic Sleep,SKU-0020-01,,1,54.3,0,54.3,65.7,EUR,web
#1722,2025-10-30,paid,fulfilled,Germany,Hamburg,Hamburg,cust_00590,Brass Wall Art Print,Decor,Casa Bonita,SKU-0044-01,,1,23.35,2.91,20.44,138.06,EUR,web
#1722,2025-10-30,paid,fulfilled,Germany,Hamburg,Hamburg,cust_00590,Walnut Soap Dispenser,Bath,Pure Bath,SKU-0053-02,,3,31.22,0,93.66,138.06,EUR,web
#2320,2025-12-16,paid,fulfilled,Spain,Galicia,Vigo,cust_00909,Marble Bath Mat,Bath,Pure Bath,SKU-0052-01,,1,31.82,0,31.82,38.5,EUR,web
#1231,2025-09-03,paid,fulfilled,Spain,Valencia,Alicante,cust_00731,Linen Reading Light,Lighting,Lumen Co,SKU-0036-01,Small,2,30.35,0,60.7,136.17,EUR,web
#1231,2025-09-03,paid,fulfilled,Spain,Valencia,Alicante,cust_00731,Stone Quilted Bedspread,Bedding,Nordic Sleep,SKU-0029-02,,1,33.99,0,33.99,136.17,EUR,web
#1231,2025-09-03,paid,fulfilled,Spain,Valencia,Alicante,cust_00731,Terracotta Woven Basket,Decor,Casa Bonita,SKU-0043-03,Large,1,17.85,0,17.85,136.17,EUR,web
#2179,2025-12-06,paid,fulfilled,Spain,Galicia,Vigo,cust_00617,Bamboo Picture Frame,Decor,Casa Bonita,SKU-0042-01,,1,32.28,4.35,27.93,49.73,EUR,web
#2179,2025-12-06,paid,fulfilled,Spain,Galicia,Vigo,cust_00617,Marble Cutting Board,Kitchen,Aurora Kitchen,SKU-0002-02,Medium,1,13.17,0,13.17,49.73,EUR,web
#1580,2025-10-17,paid,fulfilled,Netherlands,Noord-Holland,Haarlem,cust_00656,Ceramic Cast Iron Pan,Kitchen,Aurora Kitchen,SKU-0004-01,Small,1,22.58,0,22.58,131.85,EUR,pos
#1580,2025-10-17,paid,fulfilled,Netherlands,Noord-Holland,Haarlem,cust_00656,Marble Bath Mat,Bath,Pure Bath,SKU-0052-02,,1,31.82,0,31.82,131.85,EUR,pos
#1580,2025-10-17,paid,fulfilled,Netherlands,Noord-Holland,Haarlem,cust_00656,Walnut Soap Dispenser,Bath,Pure Bath,SKU-0053-03,,1,31.22,0,31.22,131.85,EUR,pos
#1580,2025-10-17,paid,fulfilled,Netherlands,Noord-Holland,Haarlem,cust_00656,Brass Wall Art Print,Decor,Casa Bonita,SKU-0044-04,,1,23.35,0,23.35,131.85,EUR,pos
#1800,2025-11-07,paid,fulfilled,Italy,Lazio,Roma,cust_00578,Copper Table Lamp,Lighting,Lumen Co,SKU-0030-01,Medium,1,31.58,5.35,26.23,31.74,EUR,pos
#3226,2026-04-15,paid,fulfilled,Spain,Cataluña,Girona,cust_00553,Oak Chef Knife,Kitchen,Aurora Kitchen,SKU-0001-01,Small,1,24.54,0,24.54,29.69,EUR,web
#1630,2025-10-21,paid,fulfilled,Germany,Bayern,München,cust_00407,Marble Bath Towel Set,Bath,Pure Bath,SKU-0057-01,Charcoal,1,25.7,0,25.7,31.1,EUR,web
#3142,2026-04-02,paid,fulfilled,Italy,Lombardia,Milano,cust_00933,Brass Ceramic Vase,Decor,Casa Bonita,SKU-0049-01,Natural,2,16.22,0,32.44,39.25,EUR,web
#2869,2026-02-22,paid,fulfilled,Germany,Berlin,Berlin,cust_00593,Linen Reading Light,Lighting,Lumen Co,SKU-0036-01,,2,30.35,0,60.7,73.45,EUR,web
#3516,2026-05-22,paid,fulfilled,Germany,Bayern,München,cust_00544,Walnut Ceramic Bowl Set,Kitchen,Aurora Kitchen,SKU-0003-01,Natural,1,44.02,0,44.02,129.24,EUR,web
#3516,2026-05-22,paid,fulfilled,Germany,Bayern,München,cust_00544,Brass Ceramic Vase,Decor,Casa Bonita,SKU-0049-02,,2,16.22,0,32.44,129.24,EUR,web
#3516,2026-05-22,paid,fulfilled,Germany,Bayern,München,cust_00544,Linen Reading Light,Lighting,Lumen Co,SKU-0036-03,,1,30.35,0,30.35,129.24,EUR,web
#1820,2025-11-08,paid,fulfilled,Netherlands,Zuid-Holland,Rotterdam,cust_00281,Oak Chef Knife,Kitchen,Aurora Kitchen,SKU-0001-01,,1,24.54,0,24.54,57.95,EUR,web
#1820,2025-11-08,paid,fulfilled,Netherlands,Zuid-Holland,Rotterdam,cust_00281,Brass Wall Art Print,Decor,Casa Bonita,SKU-0044-02,Small,1,23.35,0,23.35,57.95,EUR,web
#2419,2025-12-23,paid,fulfilled,France,Provence,Marseille,cust_00752,Walnut Soap Dispenser,Bath,Pure Bath,SKU-0053-01,Natural,2,31.22,0,62.44,123.64,EUR,web
#2419,2025-12-23,paid,fulfilled,France,Provence,Marseille,cust_00752,Bamboo Table Lamp,Lighting,Lumen Co,SKU-0037-02,,1,39.74,0,39.74,123.64,EUR,web
#3072,2026-03-21,paid,fulfilled,Portugal,Lisboa,Cascais,cust_00018,Stone Robe,Bath,Pure Bath,SKU-0055-01,,1,27.66,0,27.66,70.19,EUR,web
#3072,2026-03-21,paid,fulfilled,Portugal,Lisboa,Cascais,cust_00018,Linen Reading Light,Lighting,Lumen Co,SKU-0036-02,Natural,1,30.35,0,30.35,70.19,EUR,web
#1843,2025-11-10,refunded,fulfilled,Spain,Cataluña,Barcelona,cust_00185,Marble Bath Mat,Bath,Pure Bath,SKU-0052-01,,1,31.82,0,31.82,38.5,EUR,web
#2363,2025-12-19,paid,fulfilled,Netherlands,Noord-Holland,Haarlem,cust_00448,Copper String Lights,Lighting,Lumen Co,SKU-0035-01,Charcoal,1,40.63,0,40.63,49.16,EUR,mobile
#2532,2025-12-31,paid,fulfilled,Italy,Lombardia,Milano,cust_00191,Linen Reading Light,Lighting,Lumen Co,SKU-0036-01,,1,30.35,0,30.35,36.72,EUR,mobile
#2020,2025-11-24,paid,fulfilled,France,Île-de-France,Paris,cust_00935,Walnut Wool Throw,Bedding,Nordic Sleep,SKU-0027-01,Small,4,63.89,50.27,205.29,280.27,EUR,web
#2020,2025-11-24,paid,fulfilled,France,Île-de-France,Paris,cust_00935,Marble Cutting Board,Kitchen,Aurora Kitchen,SKU-0002-02,,2,13.17,0,26.34,280.27,EUR,web
#2644,2026-01-16,paid,fulfilled,Germany,Bayern,Nürnberg,cust_01120,Marble Cutting Board,Kitchen,Aurora Kitchen,SKU-0002-01,Large,1,13.17,2.41,10.76,13.02,EUR,web
#2416,2025-12-23,paid,fulfilled,Spain,Andalucía,Málaga,cust_00010,Walnut Wool Throw,Bedding,Nordic Sleep,SKU-0027-01,Natural,1,63.89,11.75,52.14,63.09,EUR,web
#3859,2026-07-08,paid,partial,Germany,Bayern,Nürnberg,cust_00559,Bamboo Picture Frame,Decor,Casa Bonita,SKU-0042-01,,1,32.28,0,32.28,39.06,EUR,web
#3940,2026-07-21,paid,unfulfilled,Spain,País Vasco,Bilbao,cust_00250,Marble Cutting Board,Kitchen,Aurora Kitchen,SKU-0002-01,,1,13.17,0.81,12.36,131.54,EUR,web
#3940,2026-07-21,paid,unfulfilled,Spain,País Vasco,Bilbao,cust_00250,Terracotta Pendant Light,Lighting,Lumen Co,SKU-0038-02,,1,38.48,2.83,35.65,131.54,EUR,web
#3940,2026-07-21,paid,unfulfilled,Spain,País Vasco,Bilbao,cust_00250,Linen Reading Light,Lighting,Lumen Co,SKU-0036-03,,2,30.35,0,60.7,131.54,EUR,web
#1615,2025-10-20,paid,fulfilled,France,Provence,Nice,cust_00322,Bamboo Picture Frame,Decor,Casa Bonita,SKU-0042-01,,2,32.28,6.29,58.27,84.76,EUR,web
#1615,2025-10-20,paid,fulfilled,France,Provence,Nice,cust_00322,Ceramic Tea Kettle,Kitchen,Aurora Kitchen,SKU-0009-02,,1,13.93,2.15,11.78,84.76,EUR,web
#3259,2026-04-19,paid,fulfilled,Netherlands,Noord-Holland,Amsterdam,cust_00672,Walnut Mixing Bowl,Kitchen,Aurora Kitchen,SKU-0008-01,Medium,1,38.08,0,38.08,46.08,EUR,web
#2149,2025-12-04,paid,fulfilled,Spain,Andalucía,Málaga,cust_00882,Linen Reading Light,Lighting,Lumen Co,SKU-0036-01,,1,30.35,0,30.35,36.72,EUR,web
#1532,2025-10-12,paid,fulfilled,Netherlands,Zuid-Holland,Den Haag,cust_00683,Walnut Wool Throw,Bedding,Nordic Sleep,SKU-0027-01,Medium,1,63.89,0,63.89,105.56,EUR,pos
#1532,2025-10-12,paid,fulfilled,Netherlands,Zuid-Holland,Den Haag,cust_00683,Brass Wall Art Print,Decor,Casa Bonita,SKU-0044-02,Medium,1,23.35,0,23.35,105.56,EUR,pos
#2323,2025-12-16,paid,fulfilled,Spain,Madrid,Alcalá de Henares,cust_00243,Copper String Lights,Lighting,Lumen Co,SKU-0035-01,,1,40.63,3.38,37.25,45.07,EUR,web
#1668,2025-10-25,paid,fulfilled,France,Provence,Marseille,cust_00504,Brass Wall Art Print,Decor,Casa Bonita,SKU-0044-01,,1,23.35,2.8,20.55,24.87,EUR,web
#1626,2025-10-21,paid,fulfilled,France,Île-de-France,Versailles,cust_00173,Marble Cutting Board,Kitchen,Aurora Kitchen,SKU-0002-01,,1,13.17,0,13.17,15.94,EUR,web
#3494,2026-05-19,paid,fulfilled,Spain,Andalucía,Sevilla,cust_01048,Bamboo Floor Lamp,Lighting,Lumen Co,SKU-0032-01,,1,46.35,0,46.35,84.81,EUR,web
#3494,2026-05-19,paid,fulfilled,Spain,Andalucía,Sevilla,cust_01048,Oak Storage Jar,Kitchen,Aurora Kitchen,SKU-0016-02,Medium,1,23.74,0,23.74,84.81,EUR,web
#2303,2025-12-15,paid,fulfilled,Spain,Andalucía,Sevilla,cust_00376,Oak Storage Jar,Kitchen,Aurora Kitchen,SKU-0016-01,,2,23.74,0,47.48,124.81,EUR,web
#2303,2025-12-15,paid,fulfilled,Spain,Andalucía,Sevilla,cust_00376,Bamboo Picture Frame,Decor,Casa Bonita,SKU-0042-02,,1,32.28,0,32.28,124.81,EUR,web
#2303,2025-12-15,paid,fulfilled,Spain,Andalucía,Sevilla,cust_00376,Terracotta Outdoor Cushion,Outdoor,Terra Garden,SKU-0060-03,Natural,1,23.39,0,23.39,124.81,EUR,web
#3679,2026-06-13,paid,fulfilled,Italy,Lombardia,Bergamo,cust_01067,Bamboo Picture Frame,Decor,Casa Bonita,SKU-0042-01,,4,32.28,0,129.12,225.53,EUR,web
#3679,2026-06-13,paid,fulfilled,Italy,Lombardia,Bergamo,cust_01067,Walnut Wool Throw,Bedding,Nordic Sleep,SKU-0027-02,,1,63.89,6.62,57.27,225.53,EUR,web
#1960,2025-11-19,paid,fulfilled,Spain,Andalucía,Málaga,cust_00010,Stone Quilted Bedspread,Bedding,Nordic Sleep,SKU-0029-01,,1,33.99,4.05,29.94,210.42,EUR,web
#1960,2025-11-19,paid,fulfilled,Spain,Andalucía,Málaga,cust_00010,Walnut Mattress Topper,Bedding,Nordic Sleep,SKU-0022-02,Medium,2,62.76,24.86,100.66,210.42,EUR,web
#1960,2025-11-19,paid,fulfilled,Spain,Andalucía,Málaga,cust_00010,Oak Linen Duvet,Bedding,Nordic Sleep,SKU-0025-03,,1,28.38,0,28.38,210.42,EUR,web
#1960,2025-11-19,paid,fulfilled,Spain,Andalucía,Málaga,cust_00010,Bamboo Bookend Pair,Decor,Casa Bonita,SKU-0047-04,,1,14.92,0,14.92,210.42,EUR,web
#2428,2025-12-23,paid,fulfilled,Netherlands,Noord-Holland,Amsterdam,cust_00038,Marble Cotton Sheet Set,Bedding,Nordic Sleep,SKU-0026-01,,1,66.77,0,66.77,153,EUR,web
#2428,2025-12-23,paid,fulfilled,Netherlands,Noord-Holland,Amsterdam,cust_00038,Bamboo Bookend Pair,Decor,Casa Bonita,SKU-0047-02,,4,14.92,0,59.68,153,EUR,web
#1011,2025-08-02,paid,fulfilled,Germany,Hamburg,Hamburg,cust_00302,Oak Storage Jar,Kitchen,Aurora Kitchen,SKU-0016-01,,1,23.74,0,23.74,154.93,EUR,web
#1011,2025-08-02,paid,fulfilled,Germany,Hamburg,Hamburg,cust_00302,Marble Cutting Board,Kitchen,Aurora Kitchen,SKU-0002-02,Charcoal,1,13.17,0,13.17,154.93,EUR,web
#1011,2025-08-02,paid,fulfilled,Germany,Hamburg,Hamburg,cust_00302,Marble Cotton Sheet Set,Bedding,Nordic Sleep,SKU-0026-03,Large,1,66.77,0,66.77,154.93,EUR,web
#1011,2025-08-02,paid,fulfilled,Germany,Hamburg,Hamburg,cust_00302,Marble Bath Towel Set,Bath,Pure Bath,SKU-0057-04,,1,25.7,1.34,24.36,154.93,EUR,web
#3160,2026-04-04,refunded,fulfilled,Spain,Andalucía,Sevilla,cust_00534,Oak Chef Knife,Kitchen,Aurora Kitchen,SKU-0001-01,,2,24.54,0,49.08,59.39,EUR,web
#2781,2026-02-07,paid,fulfilled,Spain,Galicia,A Coruña,cust_01105,Stone Robe,Bath,Pure Bath,SKU-0055-01,,1,27.66,0,27.66,95.67,EUR,web
#2781,2026-02-07,paid,fulfilled,Spain,Galicia,A Coruña,cust_01105,Bamboo Picture Frame,Decor,Casa Bonita,SKU-0042-02,,1,32.28,4.22,28.06,95.67,EUR,web
#2781,2026-02-07,paid,fulfilled,Spain,Galicia,A Coruña,cust_01105,Brass Wall Art Print,Decor,Casa Bonita,SKU-0044-03,Large,1,23.35,0,23.35,95.67,EUR,web
#1910,2025-11-15,paid,fulfilled,France,Occitanie,Montpellier,cust_01086,Stone Serving Platter,Kitchen,Aurora Kitchen,SKU-0010-01,,1,28.1,0,28.1,111.01,EUR,web
#1910,2025-11-15,paid,fulfilled,France,Occitanie,Montpellier,cust_01086,Marble Bath Mat,Bath,Pure Bath,SKU-0052-02,,2,31.82,0,63.64,111.01,EUR,web
#2353,2025-12-18,paid,fulfilled,Netherlands,Zuid-Holland,Rotterdam,cust_00888,Copper Wall Mirror,Decor,Casa Bonita,SKU-0040-01,Medium,2,15.19,0,30.38,119.02,EUR,web
#2353,2025-12-18,paid,fulfilled,Netherlands,Zuid-Holland,Rotterdam,cust_00888,Stone Quilted Bedspread,Bedding,Nordic Sleep,SKU-0029-02,Small,2,33.99,0,67.98,119.02,EUR,web
#3714,2026-06-18,paid,fulfilled,Spain,Andalucía,Málaga,cust_01032,Ceramic Cast Iron Pan,Kitchen,Aurora Kitchen,SKU-0004-01,,1,22.58,0,22.58,27.32,EUR,web
#1533,2025-10-12,refunded,fulfilled,Spain,Madrid,Alcalá de Henares,cust_00240,Stone Quilted Bedspread,Bedding,Nordic Sleep,SKU-0029-01,Charcoal,1,33.99,4.17,29.82,36.08,EUR,web
#1655,2025-10-23,partially_refunded,fulfilled,France,Occitanie,Montpellier,cust_00652,Marble Cutting Board,Kitchen,Aurora Kitchen,SKU-0002-01,,1,13.17,0,13.17,97.95,EUR,web
#1655,2025-10-23,partially_refunded,fulfilled,France,Occitanie,Montpellier,cust_00652,Bamboo Table Lamp,Lighting,Lumen Co,SKU-0037-02,,1,39.74,5.95,33.79,97.95,EUR,web
#1655,2025-10-23,partially_refunded,fulfilled,France,Occitanie,Montpellier,cust_00652,Stone Quilted Bedspread,Bedding,Nordic Sleep,SKU-0029-03,Large,1,33.99,0,33.99,97.95,EUR,web
#1826,2025-11-08,paid,fulfilled,Spain,Andalucía,Málaga,cust_00033,Brass Wall Art Print,Decor,Casa Bonita,SKU-0044-01,,2,23.35,0,46.7,222.8,EUR,web
#1826,2025-11-08,paid,fulfilled,Spain,Andalucía,Málaga,cust_00033,Walnut Linen Duvet,Bedding,Nordic Sleep,SKU-0017-02,,3,44.07,20.48,111.73,222.8,EUR,web
#1826,2025-11-08,paid,fulfilled,Spain,Andalucía,Málaga,cust_00033,Marble Bath Towel Set,Bath,Pure Bath,SKU-0057-03,,1,25.7,0,25.7,222.8,EUR,web
#3648,2026-06-09,paid,fulfilled,Italy,Lombardia,Milano,cust_00206,Bamboo Bookend Pair,Decor,Casa Bonita,SKU-0047-01,,1,14.92,0,14.92,18.05,EUR,web
#3672,2026-06-12,paid,fulfilled,France,Occitanie,Toulouse,cust_00022,Linen Reading Light,Lighting,Lumen Co,SKU-0036-01,,1,30.35,0,30.35,114.84,EUR,web
#3672,2026-06-12,paid,fulfilled,France,Occitanie,Toulouse,cust_00022,Bamboo Picture Frame,Decor,Casa Bonita,SKU-0042-02,Medium,2,32.28,0,64.56,114.84,EUR,web
#2687,2026-01-22,paid,fulfilled,Netherlands,Zuid-Holland,Rotterdam,cust_00368,Ceramic Cast Iron Pan,Kitchen,Aurora Kitchen,SKU-0004-01,Natural,1,22.58,0,22.58,27.32,EUR,pos
#1238,2025-09-03,paid,fulfilled,France,Île-de-France,Versailles,cust_00027,Bamboo Picture Frame,Decor,Casa Bonita,SKU-0042-01,Natural,1,32.28,0,32.28,39.06,EUR,web
#2895,2026-02-26,paid,fulfilled,Italy,Lombardia,Milano,cust_00710,Stone Bed Runner,Bedding,Nordic Sleep,SKU-0024-01,,1,47.82,4.7,43.12,100.26,EUR,web
#2895,2026-02-26,paid,fulfilled,Italy,Lombardia,Milano,cust_00710,Bamboo Table Lamp,Lighting,Lumen Co,SKU-0037-02,Large,1,39.74,0,39.74,100.26,EUR,web
#2577,2026-01-05,paid,fulfilled,Spain,Galicia,A Coruña,cust_00042,Linen Planter Pot,Outdoor,Terra Garden,SKU-0058-01,,2,32.68,0,65.36,79.09,EUR,web
#1305,2025-09-13,paid,fulfilled,Spain,Madrid,Alcalá de Henares,cust_00531,Terracotta Outdoor Cushion,Outdoor,Terra Garden,SKU-0060-01,Charcoal,1,23.39,0,23.39,59.4,EUR,web
#1305,2025-09-13,paid,fulfilled,Spain,Madrid,Alcalá de Henares,cust_00531,Marble Bath Towel Set,Bath,Pure Bath,SKU-0057-02,,1,25.7,0,25.7,59.4,EUR,web
#1546,2025-10-13,paid,fulfilled,Italy,Lazio,Roma,cust_00189,Marble Cotton Sheet Set,Bedding,Nordic Sleep,SKU-0026-01,,1,66.77,0,66.77,119.87,EUR,pos
#1546,2025-10-13,paid,fulfilled,Italy,Lazio,Roma,cust_00189,Ceramic Shower Curtain,Bath,Pure Bath,SKU-0054-02,,1,32.3,0,32.3,119.87,EUR,pos
#1080,2025-08-12,paid,fulfilled,France,Occitanie,Montpellier,cust_00274,Walnut Wool Throw,Bedding,Nordic Sleep,SKU-0027-01,Medium,1,63.89,0,63.89,77.31,EUR,web
#2655,2026-01-17,paid,fulfilled,Portugal,Lisboa,Lisboa,cust_00318,Terracotta Woven Basket,Decor,Casa Bonita,SKU-0043-01,,1,17.85,0,17.85,144.98,EUR,web
#2655,2026-01-17,paid,fulfilled,Portugal,Lisboa,Lisboa,cust_00318,Stone Quilted Bedspread,Bedding,Nordic Sleep,SKU-0029-02,Charcoal,3,33.99,0,101.97,144.98,EUR,web
#2722,2026-01-28,paid,fulfilled,Italy,Lombardia,Bergamo,cust_00856,Brass Wall Art Print,Decor,Casa Bonita,SKU-0044-01,,1,23.35,0,23.35,28.25,EUR,web
#2187,2025-12-07,paid,fulfilled,Germany,Berlin,Berlin,cust_00289,Ceramic Cast Iron Pan,Kitchen,Aurora Kitchen,SKU-0014-01,Small,1,40.12,0,40.12,48.55,EUR,web
#2125,2025-12-02,paid,fulfilled,France,Provence,Marseille,cust_00443,Linen Reading Light,Lighting,Lumen Co,SKU-0036-01,,3,30.35,0,91.05,110.17,EUR,mobile
#1801,2025-11-07,paid,fulfilled,Netherlands,Noord-Holland,Haarlem,cust_00448,Stone Quilted Bedspread,Bedding,Nordic Sleep,SKU-0029-01,Small,1,33.99,0,33.99,41.13,EUR,web
#1473,2025-10-05,paid,fulfilled,Spain,Andalucía,Málaga,cust_00293,Marble Bath Mat,Bath,Pure Bath,SKU-0052-01,Natural,2,31.82,0,63.64,77,EUR,mobile
#2798,2026-02-10,paid,fulfilled,Netherlands,Noord-Holland,Amsterdam,cust_00749,Marble Bath Mat,Bath,Pure Bath,SKU-0052-01,,1,31.82,0,31.82,97.99,EUR,web
#2798,2026-02-10,paid,fulfilled,Netherlands,Noord-Holland,Amsterdam,cust_00749,Oak Chef Knife,Kitchen,Aurora Kitchen,SKU-0001-02,,1,24.54,0,24.54,97.99,EUR,web
#2798,2026-02-10,paid,fulfilled,Netherlands,Noord-Holland,Amsterdam,cust_00749,Linen Reading Light,Lighting,Lumen Co,SKU-0036-03,Charcoal,1,30.35,5.73,24.62,97.99,EUR,web
#1426,2025-09-29,paid,fulfilled,Portugal,Porto,Braga,cust_01100,Terracotta Pendant Light,Lighting,Lumen Co,SKU-0038-01,,1,38.48,0,38.48,46.56,EUR,web
#3242,2026-04-16,paid,fulfilled,Spain,Galicia,Vigo,cust_00503,Bamboo Picture Frame,Decor,Casa Bonita,SKU-0042-01,,1,32.28,0,32.28,181.89,EUR,web
#3242,2026-04-16,paid,fulfilled,Spain,Galicia,Vigo,cust_00503,Brass Wall Art Print,Decor,Casa Bonita,SKU-0044-02,Natural,1,23.35,0,23.35,181.89,EUR,web
#3242,2026-04-16,paid,fulfilled,Spain,Galicia,Vigo,cust_00503,Linen Reading Light,Lighting,Lumen Co,SKU-0036-03,,2,30.35,0,60.7,181.89,EUR,web
#3242,2026-04-16,paid,fulfilled,Spain,Galicia,Vigo,cust_00503,Stone Quilted Bedspread,Bedding,Nordic Sleep,SKU-0029-04,,1,33.99,0,33.99,181.89,EUR,web
#2859,2026-02-20,paid,fulfilled,Germany,Berlin,Berlin,cust_00887,Terracotta Outdoor Cushion,Outdoor,Terra Garden,SKU-0060-01,,2,23.39,0,46.78,56.6,EUR,web
#1025,2025-08-04,paid,fulfilled,France,Occitanie,Montpellier,cust_00861,Oak Storage Jar,Kitchen,Aurora Kitchen,SKU-0016-01,Medium,2,23.74,8.89,38.59,329.53,EUR,web
#1025,2025-08-04,paid,fulfilled,France,Occitanie,Montpellier,cust_00861,Marble Bath Towel Set,Bath,Pure Bath,SKU-0057-02,,2,25.7,0,51.4,329.53,EUR,web
#1025,2025-08-04,paid,fulfilled,France,Occitanie,Montpellier,cust_00861,Bamboo Table Lamp,Lighting,Lumen Co,SKU-0037-03,,4,39.74,0,158.96,329.53,EUR,web
#1025,2025-08-04,paid,fulfilled,France,Occitanie,Montpellier,cust_00861,Terracotta Outdoor Cushion,Outdoor,Terra Garden,SKU-0060-04,,1,23.39,0,23.39,329.53,EUR,web
#1458,2025-10-03,paid,fulfilled,Germany,Hamburg,Hamburg,cust_00522,Stone Quilted Bedspread,Bedding,Nordic Sleep,SKU-0029-01,Charcoal,1,33.99,4.99,29,35.09,EUR,web
#2777,2026-02-07,paid,fulfilled,Germany,Hamburg,Hamburg,cust_00998,Linen Reading Light,Lighting,Lumen Co,SKU-0036-01,Large,1,30.35,0,30.35,118.98,EUR,web
#2777,2026-02-07,paid,fulfilled,Germany,Hamburg,Hamburg,cust_00998,Stone Quilted Bedspread,Bedding,Nordic Sleep,SKU-0029-02,,2,33.99,0,67.98,118.98,EUR,web
#3138,2026-04-02,paid,fulfilled,Spain,Madrid,Madrid,cust_00468,Oak Chef Knife,Kitchen,Aurora Kitchen,SKU-0011-01,,3,33.15,0,99.45,120.33,EUR,web
#2341,2025-12-17,paid,fulfilled,Germany,Bayern,München,cust_00438,Stone Quilted Bedspread,Bedding,Nordic Sleep,SKU-0029-01,Large,2,33.99,0,67.98,82.26,EUR,web
#2189,2025-12-07,refunded,fulfilled,Netherlands,Zuid-Holland,Den Haag,cust_00537,Oak Chef Knife,Kitchen,Aurora Kitchen,SKU-0011-01,Large,1,33.15,0,33.15,162.42,EUR,web
#2189,2025-12-07,refunded,fulfilled,Netherlands,Zuid-Holland,Den Haag,cust_00537,Oak Bath Towel Set,Bath,Pure Bath,SKU-0051-02,,4,25.27,0,101.08,162.42,EUR,web
#2921,2026-03-01,paid,fulfilled,Spain,Andalucía,Málaga,cust_00757,Bamboo Picture Frame,Decor,Casa Bonita,SKU-0042-01,,2,32.28,0,64.56,78.12,EUR,web
#1343,2025-09-18,paid,fulfilled,Spain,Valencia,Valencia,cust_00099,Stone Quilted Bedspread,Bedding,Nordic Sleep,SKU-0029-01,Medium,1,33.99,5.74,28.25,34.18,EUR,web
#2324,2025-12-16,paid,fulfilled,Spain,Galicia,Vigo,cust_00573,Terracotta Woven Basket,Decor,Casa Bonita,SKU-0043-01,,1,17.85,2.56,15.29,18.5,EUR,web
#3683,2026-06-14,paid,fulfilled,Germany,Hamburg,Hamburg,cust_00021,Terracotta Woven Basket,Decor,Casa Bonita,SKU-0043-01,,1,17.85,0,17.85,21.6,EUR,web
#2294,2025-12-14,paid,fulfilled,Spain,Cataluña,Barcelona,cust_01181,Stone Serving Platter,Kitchen,Aurora Kitchen,SKU-0010-01,,1,28.1,0,28.1,34,EUR,web
#3460,2026-05-15,paid,fulfilled,Germany,Hamburg,Hamburg,cust_00479,Terracotta Woven Basket,Decor,Casa Bonita,SKU-0043-01,,1,17.85,0,17.85,21.6,EUR,web
#3588,2026-05-31,paid,fulfilled,Germany,Hamburg,Hamburg,cust_00039,Terracotta Outdoor Cushion,Outdoor,Terra Garden,SKU-0060-01,,1,23.39,0,23.39,174.8,EUR,web
#3588,2026-05-31,paid,fulfilled,Germany,Hamburg,Hamburg,cust_00039,Ceramic Shower Curtain,Bath,Pure Bath,SKU-0054-02,,2,32.3,0,64.6,174.8,EUR,web
#3588,2026-05-31,paid,fulfilled,Germany,Hamburg,Hamburg,cust_00039,Ceramic Pillow Case Pair,Bedding,Nordic Sleep,SKU-0028-03,Large,1,43.58,4.96,38.62,174.8,EUR,web
#3588,2026-05-31,paid,fulfilled,Germany,Hamburg,Hamburg,cust_00039,Terracotta Woven Basket,Decor,Casa Bonita,SKU-0043-04,Small,1,17.85,0,17.85,174.8,EUR,web
#3606,2026-06-03,paid,fulfilled,Germany,Berlin,Berlin,cust_00352,Stone Robe,Bath,Pure Bath,SKU-0055-01,,1,27.66,0,27.66,55.07,EUR,web
#3606,2026-06-03,paid,fulfilled,Germany,Berlin,Berlin,cust_00352,Terracotta Woven Basket,Decor,Casa Bonita,SKU-0043-02,,1,17.85,0,17.85,55.07,EUR,web
#3098,2026-03-25,paid,fulfilled,Italy,Lazio,Roma,cust_00247,Terracotta Woven Basket,Decor,Casa Bonita,SKU-0043-01,,1,17.85,0,17.85,147.77,EUR,web
#3098,2026-03-25,paid,fulfilled,Italy,Lazio,Roma,cust_00247,Bamboo Bookend Pair,Decor,Casa Bonita,SKU-0047-02,,1,14.92,0,14.92,147.77,EUR,web
#3098,2026-03-25,paid,fulfilled,Italy,Lazio,Roma,cust_00247,Marble Cotton Sheet Set,Bedding,Nordic Sleep,SKU-0026-03,Natural,1,66.77,0,66.77,147.77,EUR,web
#3098,2026-03-25,paid,fulfilled,Italy,Lazio,Roma,cust_00247,Ceramic Cast Iron Pan,Kitchen,Aurora Kitchen,SKU-0004-04,,1,22.58,0,22.58,147.77,EUR,web
#3359,2026-05-03,paid,fulfilled,Spain,Cataluña,Girona,cust_00391,Terracotta Wall Sconce,Lighting,Lumen Co,SKU-0033-01,Medium,2,24.53,4.25,44.81,54.22,EUR,web
#3877,2026-07-11,paid,partial,Spain,Galicia,Vigo,cust_00452,Oak Storage Jar,Kitchen,Aurora Kitchen,SKU-0016-01,Large,2,23.74,0,47.48,154.54,EUR,web
#3877,2026-07-11,paid,partial,Spain,Galicia,Vigo,cust_00452,Ceramic Cast Iron Pan,Kitchen,Aurora Kitchen,SKU-0014-02,Medium,2,40.12,0,80.24,154.54,EUR,web
#3946,2026-07-22,paid,unfulfilled,France,Provence,Nice,cust_00102,Marble Bath Mat,Bath,Pure Bath,SKU-0052-01,Charcoal,1,31.82,0,31.82,38.5,EUR,web
#1625,2025-10-21,partially_refunded,fulfilled,France,Occitanie,Montpellier,cust_01125,Marble Cutting Board,Kitchen,Aurora Kitchen,SKU-0002-01,,1,13.17,0,13.17,55.19,EUR,web
#1625,2025-10-21,partially_refunded,fulfilled,France,Occitanie,Montpellier,cust_01125,Brass Ceramic Vase,Decor,Casa Bonita,SKU-0049-02,,2,16.22,0,32.44,55.19,EUR,web
#3824,2026-07-03,paid,fulfilled,Spain,Andalucía,Sevilla,cust_00430,Terracotta Woven Basket,Decor,Casa Bonita,SKU-0043-01,Small,1,17.85,0,17.85,49.85,EUR,web
#3824,2026-07-03,paid,fulfilled,Spain,Andalucía,Sevilla,cust_00430,Brass Wall Art Print,Decor,Casa Bonita,SKU-0044-02,,1,23.35,0,23.35,49.85,EUR,web
#1915,2025-11-15,paid,fulfilled,Italy,Lombardia,Milano,cust_00425,Marble Bath Mat,Bath,Pure Bath,SKU-0052-01,,1,31.82,0,31.82,38.5,EUR,web
#1680,2025-10-26,paid,fulfilled,France,Occitanie,Toulouse,cust_00364,Ceramic Shower Curtain,Bath,Pure Bath,SKU-0054-01,Medium,4,32.3,0,129.2,156.33,EUR,mobile
#1712,2025-10-29,paid,fulfilled,Spain,Valencia,Valencia,cust_00466,Marble Cotton Sheet Set,Bedding,Nordic Sleep,SKU-0026-01,Medium,1,66.77,0,66.77,80.79,EUR,mobile
#1118,2025-08-18,paid,fulfilled,Netherlands,Zuid-Holland,Rotterdam,cust_00525,Stone Espresso Mug,Kitchen,Aurora Kitchen,SKU-0015-01,,1,20.8,0,20.8,64.42,EUR,web
#1118,2025-08-18,paid,fulfilled,Netherlands,Zuid-Holland,Rotterdam,cust_00525,Brass Ceramic Vase,Decor,Casa Bonita,SKU-0049-02,,2,16.22,0,32.44,64.42,EUR,web
#1246,2025-09-06,paid,fulfilled,Portugal,Lisboa,Cascais,cust_00006,Marble Cutting Board,Kitchen,Aurora Kitchen,SKU-0002-01,,1,13.17,0,13.17,15.94,EUR,web
#2158,2025-12-04,paid,fulfilled,Germany,Bayern,München,cust_00673,Linen Table Runner,Decor,Casa Bonita,SKU-0046-01,,1,22.74,3.39,19.35,168.18,EUR,pos
#2158,2025-12-04,paid,fulfilled,Germany,Bayern,München,cust_00673,Terracotta Outdoor Cushion,Outdoor,Terra Garden,SKU-0060-02,,2,23.39,5.72,41.06,168.18,EUR,pos
#2158,2025-12-04,paid,fulfilled,Germany,Bayern,München,cust_00673,Linen Reading Light,Lighting,Lumen Co,SKU-0036-03,,1,30.35,5.32,25.03,168.18,EUR,pos
#2158,2025-12-04,paid,fulfilled,Germany,Bayern,München,cust_00673,Terracotta Woven Basket,Decor,Casa Bonita,SKU-0043-04,,3,17.85,0,53.55,168.18,EUR,pos
#3207,2026-04-11,paid,fulfilled,Germany,Hamburg,Hamburg,cust_00039,Ceramic Cast Iron Pan,Kitchen,Aurora Kitchen,SKU-0004-01,,1,22.58,4.36,18.22,22.05,EUR,web
#1677,2025-10-26,paid,fulfilled,Germany,Berlin,Berlin,cust_00828,Bamboo Picture Frame,Decor,Casa Bonita,SKU-0042-01,,2,32.28,0,64.56,78.12,EUR,web
#2745,2026-01-31,paid,fulfilled,France,Provence,Marseille,cust_00295,Bamboo Picture Frame,Decor,Casa Bonita,SKU-0042-01,,1,32.28,0,32.28,39.06,EUR,web
#3576,2026-05-29,paid,fulfilled,Spain,Cataluña,Barcelona,cust_00764,Linen Planter Pot,Outdoor,Terra Garden,SKU-0058-01,,1,32.68,0,32.68,93.79,EUR,mobile
#3576,2026-05-29,paid,fulfilled,Spain,Cataluña,Barcelona,cust_00764,Marble Bath Towel Set,Bath,Pure Bath,SKU-0057-02,Small,1,25.7,3.45,22.25,93.79,EUR,mobile
#3576,2026-05-29,paid,fulfilled,Spain,Cataluña,Barcelona,cust_00764,Ceramic Cast Iron Pan,Kitchen,Aurora Kitchen,SKU-0004-03,Charcoal,1,22.58,0,22.58,93.79,EUR,mobile
#3962,2026-07-24,paid,fulfilled,Spain,Valencia,Alicante,cust_00150,Marble Utensil Holder,Kitchen,Aurora Kitchen,SKU-0007-01,,1,17.14,0,17.14,170.72,EUR,web
#3962,2026-07-24,paid,fulfilled,Spain,Valencia,Alicante,cust_00150,Marble Cotton Sheet Set,Bedding,Nordic Sleep,SKU-0026-02,Medium,1,66.77,7.38,59.39,170.72,EUR,web
#3962,2026-07-24,paid,fulfilled,Spain,Valencia,Alicante,cust_00150,Bamboo Picture Frame,Decor,Casa Bonita,SKU-0042-03,,2,32.28,0,64.56,170.72,EUR,web
#1109,2025-08-16,paid,fulfilled,Italy,Lombardia,Milano,cust_01096,Marble Cutting Board,Kitchen,Aurora Kitchen,SKU-0012-01,Charcoal,1,15.09,0,15.09,18.26,EUR,mobile
#1671,2025-10-25,paid,fulfilled,Germany,Bayern,Nürnberg,cust_00532,Ceramic Cotton Sheet Set,Bedding,Nordic Sleep,SKU-0018-01,,1,49.14,0,49.14,152.62,EUR,web
#1671,2025-10-25,paid,fulfilled,Germany,Bayern,Nürnberg,cust_00532,Brass Wall Art Print,Decor,Casa Bonita,SKU-0044-02,Natural,3,23.35,5.84,64.21,152.62,EUR,web
#1671,2025-10-25,paid,fulfilled,Germany,Bayern,Nürnberg,cust_00532,Copper Wall Mirror,Decor,Casa Bonita,SKU-0040-03,Charcoal,1,15.19,2.41,12.78,152.62,EUR,web
#3464,2026-05-16,paid,fulfilled,Spain,Madrid,Alcalá de Henares,cust_00691,Brass Candle Holder,Lighting,Lumen Co,SKU-0034-01,,1,43.61,0,43.61,105.5,EUR,mobile
#3464,2026-05-16,paid,fulfilled,Spain,Madrid,Alcalá de Henares,cust_00691,Ceramic Pillow Case Pair,Bedding,Nordic Sleep,SKU-0028-02,,1,43.58,0,43.58,105.5,EUR,mobile
#3795,2026-06-29,paid,fulfilled,Spain,País Vasco,San Sebastián,cust_00115,Linen Reading Light,Lighting,Lumen Co,SKU-0036-01,Natural,2,30.35,4.36,56.34,68.17,EUR,web
#1639,2025-10-22,paid,fulfilled,Germany,Hamburg,Hamburg,cust_00302,Brass Ceramic Vase,Decor,Casa Bonita,SKU-0049-01,,2,16.22,0,32.44,115.51,EUR,web
#1639,2025-10-22,paid,fulfilled,Germany,Hamburg,Hamburg,cust_00302,Oak Chef Knife,Kitchen,Aurora Kitchen,SKU-0001-02,Charcoal,1,24.54,0,24.54,115.51,EUR,web
#1639,2025-10-22,paid,fulfilled,Germany,Hamburg,Hamburg,cust_00302,Terracotta Pendant Light,Lighting,Lumen Co,SKU-0038-03,,1,38.48,0,38.48,115.51,EUR,web
#2919,2026-03-01,paid,fulfilled,France,Occitanie,Toulouse,cust_00287,Ceramic Cast Iron Pan,Kitchen,Aurora Kitchen,SKU-0004-01,Small,2,22.58,0,45.16,54.64,EUR,web
#3336,2026-04-29,paid,fulfilled,Germany,Hamburg,Hamburg,cust_01175,Walnut Mixing Bowl,Kitchen,Aurora Kitchen,SKU-0008-01,,2,38.08,0,76.16,152.41,EUR,web
#3336,2026-04-29,paid,fulfilled,Germany,Hamburg,Hamburg,cust_01175,Marble Cutting Board,Kitchen,Aurora Kitchen,SKU-0012-02,,1,15.09,0.99,14.1,152.41,EUR,web
#3336,2026-04-29,paid,fulfilled,Germany,Hamburg,Hamburg,cust_01175,Terracotta Woven Basket,Decor,Casa Bonita,SKU-0043-03,,2,17.85,0,35.7,152.41,EUR,web
#1402,2025-09-25,paid,fulfilled,Spain,Galicia,A Coruña,cust_00839,Walnut Linen Duvet,Bedding,Nordic Sleep,SKU-0017-01,,1,44.07,7.93,36.14,100.33,EUR,web
#1402,2025-09-25,paid,fulfilled,Spain,Galicia,A Coruña,cust_00839,Terracotta Outdoor Cushion,Outdoor,Terra Garden,SKU-0060-02,,2,23.39,0,46.78,100.33,EUR,web
#2930,2026-03-02,paid,fulfilled,France,Île-de-France,Versailles,cust_00420,Bamboo Bookend Pair,Decor,Casa Bonita,SKU-0047-01,,1,14.92,0,14.92,136.68,EUR,pos
#2930,2026-03-02,paid,fulfilled,France,Île-de-France,Versailles,cust_00420,Linen Planter Pot,Outdoor,Terra Garden,SKU-0058-02,,3,32.68,0,98.04,136.68,EUR,pos
#3045,2026-03-17,paid,fulfilled,Spain,Cataluña,Barcelona,cust_00924,Brass Ceramic Vase,Decor,Casa Bonita,SKU-0049-01,Medium,1,16.22,0,16.22,38.01,EUR,web
#3045,2026-03-17,paid,fulfilled,Spain,Cataluña,Barcelona,cust_00924,Copper Wall Mirror,Decor,Casa Bonita,SKU-0040-02,Charcoal,1,15.19,0,15.19,38.01,EUR,web
#3403,2026-05-08,paid,fulfilled,Germany,Bayern,Nürnberg,cust_00559,Marble Bath Towel Set,Bath,Pure Bath,SKU-0057-01,Charcoal,1,25.7,0,25.7,185.41,EUR,web
#3403,2026-05-08,paid,fulfilled,Germany,Bayern,Nürnberg,cust_00559,Walnut Wool Throw,Bedding,Nordic Sleep,SKU-0027-02,,1,63.89,0,63.89,185.41,EUR,web
#3403,2026-05-08,paid,fulfilled,Germany,Bayern,Nürnberg,cust_00559,Marble Bath Mat,Bath,Pure Bath,SKU-0052-03,,2,31.82,0,63.64,185.41,EUR,web
#2120,2025-12-02,paid,fulfilled,Portugal,Lisboa,Cascais,cust_00761,Stone Quilted Bedspread,Bedding,Nordic Sleep,SKU-0029-01,Charcoal,1,33.99,0,33.99,70.82,EUR,mobile
#2120,2025-12-02,paid,fulfilled,Portugal,Lisboa,Cascais,cust_00761,Oak Chef Knife,Kitchen,Aurora Kitchen,SKU-0001-02,,1,24.54,0,24.54,70.82,EUR,mobile
#2528,2025-12-31,paid,fulfilled,Spain,Galicia,A Coruña,cust_00355,Bamboo Bookend Pair,Decor,Casa Bonita,SKU-0047-01,Natural,1,14.92,0,14.92,18.05,EUR,web
#3751,2026-06-23,paid,fulfilled,Spain,Galicia,A Coruña,cust_00077,Oak Chef Knife,Kitchen,Aurora Kitchen,SKU-0001-01,Natural,1,24.54,0,24.54,29.69,EUR,web
#1444,2025-10-01,paid,fulfilled,France,Occitanie,Toulouse,cust_01122,Linen Reading Light,Lighting,Lumen Co,SKU-0036-01,Large,2,30.35,0,60.7,101.7,EUR,web
#1444,2025-10-01,paid,fulfilled,France,Occitanie,Toulouse,cust_01122,Brass Wall Art Print,Decor,Casa Bonita,SKU-0044-02,,1,23.35,0,23.35,101.7,EUR,web
#1788,2025-11-06,paid,fulfilled,France,Provence,Nice,cust_00820,Oak Linen Duvet,Bedding,Nordic Sleep,SKU-0025-01,Charcoal,1,28.38,0,28.38,34.34,EUR,web
#2409,2025-12-22,paid,fulfilled,Germany,Hamburg,Hamburg,cust_00394,Copper Scented Candle,Decor,Casa Bonita,SKU-0045-01,,1,8.24,0,8.24,9.97,EUR,web
#3975,2026-07-27,paid,partial,Netherlands,Noord-Holland,Haarlem,cust_00128,Stone Quilted Bedspread,Bedding,Nordic Sleep,SKU-0029-01,,2,33.99,0,67.98,103.85,EUR,web
#3975,2026-07-27,paid,partial,Netherlands,Noord-Holland,Haarlem,cust_00128,Terracotta Woven Basket,Decor,Casa Bonita,SKU-0043-02,,1,17.85,0,17.85,103.85,EUR,web
#1697,2025-10-28,paid,fulfilled,Spain,Andalucía,Málaga,cust_00397,Ceramic Cast Iron Pan,Kitchen,Aurora Kitchen,SKU-0004-01,Charcoal,1,22.58,4.26,18.32,22.17,EUR,web
#1684,2025-10-26,paid,fulfilled,Germany,Hamburg,Hamburg,cust_00822,Marble Cutting Board,Kitchen,Aurora Kitchen,SKU-0002-01,Natural,1,13.17,0,13.17,15.94,EUR,web
#2962,2026-03-06,paid,fulfilled,Spain,Madrid,Madrid,cust_00320,Ceramic Weighted Blanket,Bedding,Nordic Sleep,SKU-0023-01,Medium,4,19.09,0,76.36,92.4,EUR,web
#1256,2025-09-07,paid,fulfilled,France,Provence,Marseille,cust_01176,Brass Wall Art Print,Decor,Casa Bonita,SKU-0044-01,,1,23.35,0,23.35,28.25,EUR,web
#2093,2025-11-30,paid,fulfilled,Spain,Madrid,Alcalá de Henares,cust_00303,Stone Robe,Bath,Pure Bath,SKU-0055-01,,1,27.66,0,27.66,33.47,EUR,web
#3741,2026-06-22,paid,fulfilled,Spain,Valencia,Valencia,cust_00931,Brass Candle Holder,Lighting,Lumen Co,SKU-0034-01,Medium,2,43.61,0,87.22,105.54,EUR,web
#1931,2025-11-16,paid,fulfilled,Spain,Madrid,Madrid,cust_00026,Walnut Ceramic Bowl Set,Kitchen,Aurora Kitchen,SKU-0013-01,,2,41.03,0,82.06,231.47,EUR,web
#1931,2025-11-16,paid,fulfilled,Spain,Madrid,Madrid,cust_00026,Terracotta Pendant Light,Lighting,Lumen Co,SKU-0038-02,,2,38.48,0,76.96,231.47,EUR,web
#1931,2025-11-16,paid,fulfilled,Spain,Madrid,Madrid,cust_00026,Bamboo Picture Frame,Decor,Casa Bonita,SKU-0042-03,Large,1,32.28,0,32.28,231.47,EUR,web
#2173,2025-12-05,paid,fulfilled,Spain,Galicia,A Coruña,cust_00042,Bamboo Picture Frame,Decor,Casa Bonita,SKU-0042-01,,2,32.28,0,64.56,78.12,EUR,mobile
#2452,2025-12-25,paid,fulfilled,Spain,Valencia,Alicante,cust_00870,Bamboo Garden Lantern,Outdoor,Terra Garden,SKU-0059-01,,1,40.04,0,40.04,91.65,EUR,web
#2452,2025-12-25,paid,fulfilled,Spain,Valencia,Alicante,cust_00870,Terracotta Woven Basket,Decor,Casa Bonita,SKU-0043-02,,2,17.85,0,35.7,91.65,EUR,web
#1044,2025-08-07,paid,fulfilled,Portugal,Lisboa,Lisboa,cust_01056,Marble Bath Mat,Bath,Pure Bath,SKU-0052-01,,2,31.82,0,63.64,77,EUR,web
#1847,2025-11-10,paid,fulfilled,France,Île-de-France,Versailles,cust_00379,Linen Reading Light,Lighting,Lumen Co,SKU-0036-01,,1,30.35,0,30.35,51.38,EUR,web
#1847,2025-11-10,paid,fulfilled,France,Île-de-France,Versailles,cust_00379,Marble Cutting Board,Kitchen,Aurora Kitchen,SKU-0012-02,,1,15.09,2.98,12.11,51.38,EUR,web
#2262,2025-12-12,paid,fulfilled,France,Provence,Marseille,cust_01176,Stone Serving Platter,Kitchen,Aurora Kitchen,SKU-0010-01,,1,28.1,0,28.1,34,EUR,web
#3670,2026-06-12,paid,fulfilled,Germany,Hamburg,Hamburg,cust_00816,Copper Scented Candle,Decor,Casa Bonita,SKU-0045-01,Small,3,8.24,0,24.72,58.16,EUR,web
#3670,2026-06-12,paid,fulfilled,Germany,Hamburg,Hamburg,cust_00816,Brass Wall Art Print,Decor,Casa Bonita,SKU-0044-02,,1,23.35,0,23.35,58.16,EUR,web
#1797,2025-11-07,paid,fulfilled,Spain,País Vasco,Bilbao,cust_00339,Marble Bath Mat,Bath,Pure Bath,SKU-0052-01,,1,31.82,0,31.82,110,EUR,web
#1797,2025-11-07,paid,fulfilled,Spain,País Vasco,Bilbao,cust_00339,Terracotta Woven Basket,Decor,Casa Bonita,SKU-0043-02,,2,17.85,0,35.7,110,EUR,web
#1797,2025-11-07,paid,fulfilled,Spain,País Vasco,Bilbao,cust_00339,Terracotta Outdoor Cushion,Outdoor,Terra Garden,SKU-0060-03,,1,23.39,0,23.39,110,EUR,web
#3909,2026-07-15,paid,unfulfilled,Spain,Andalucía,Sevilla,cust_00255,Bamboo Table Lamp,Lighting,Lumen Co,SKU-0037-01,,2,39.74,0,79.48,96.17,EUR,web
#3140,2026-04-02,paid,fulfilled,Germany,Hamburg,Hamburg,cust_00822,Bamboo Table Lamp,Lighting,Lumen Co,SKU-0037-01,,2,39.74,0,79.48,156.96,EUR,web
#3140,2026-04-02,paid,fulfilled,Germany,Hamburg,Hamburg,cust_00822,Marble Bath Towel Set,Bath,Pure Bath,SKU-0057-02,,1,25.7,0,25.7,156.96,EUR,web
#3140,2026-04-02,paid,fulfilled,Germany,Hamburg,Hamburg,cust_00822,Oak Chef Knife,Kitchen,Aurora Kitchen,SKU-0001-03,,1,24.54,0,24.54,156.96,EUR,web
#3559,2026-05-27,paid,fulfilled,France,Occitanie,Toulouse,cust_00894,Brass Ceramic Vase,Decor,Casa Bonita,SKU-0049-01,,1,16.22,0,16.22,19.63,EUR,web
#2122,2025-12-02,paid,fulfilled,France,Occitanie,Montpellier,cust_01011,Stone Quilted Bedspread,Bedding,Nordic Sleep,SKU-0029-01,,1,33.99,0,33.99,59.18,EUR,web
#2122,2025-12-02,paid,fulfilled,France,Occitanie,Montpellier,cust_01011,Bamboo Bookend Pair,Decor,Casa Bonita,SKU-0047-02,,1,14.92,0,14.92,59.18,EUR,web
#3858,2026-07-08,paid,fulfilled,Portugal,Lisboa,Cascais,cust_00625,Terracotta Outdoor Cushion,Outdoor,Terra Garden,SKU-0060-01,Charcoal,1,23.39,0,23.39,28.3,EUR,web
#2076,2025-11-29,paid,fulfilled,France,Occitanie,Montpellier,cust_00652,Copper Wall Mirror,Decor,Casa Bonita,SKU-0040-01,Small,1,15.19,0,15.19,18.38,EUR,mobile
#2969,2026-03-07,refunded,fulfilled,Netherlands,Noord-Holland,Haarlem,cust_00017,Bamboo Picture Frame,Decor,Casa Bonita,SKU-0042-01,,2,32.28,0,64.56,78.12,EUR,web
#2140,2025-12-03,paid,fulfilled,Germany,Berlin,Berlin,cust_00864,Copper Scented Candle,Decor,Casa Bonita,SKU-0045-01,Charcoal,1,8.24,0,8.24,9.97,EUR,web
#3054,2026-03-19,paid,fulfilled,Germany,Bayern,München,cust_00673,Bamboo Floor Lamp,Lighting,Lumen Co,SKU-0032-01,Natural,2,46.35,0,92.7,255.48,EUR,web
#3054,2026-03-19,paid,fulfilled,Germany,Bayern,München,cust_00673,Stone Wool Throw,Bedding,Nordic Sleep,SKU-0019-02,,3,39.48,0,118.44,255.48,EUR,web
#1984,2025-11-21,paid,fulfilled,Italy,Lazio,Roma,cust_00560,Ceramic Cast Iron Pan,Kitchen,Aurora Kitchen,SKU-0004-01,,1,22.58,1.82,20.76,25.12,EUR,web
#1455,2025-10-03,paid,fulfilled,Spain,Galicia,A Coruña,cust_00895,Copper Table Lamp,Lighting,Lumen Co,SKU-0030-01,,1,31.58,0,31.58,95.55,EUR,web
#1455,2025-10-03,paid,fulfilled,Spain,Galicia,A Coruña,cust_00895,Brass Floor Lamp,Lighting,Lumen Co,SKU-0039-02,,1,57.5,10.11,47.39,95.55,EUR,web
#3075,2026-03-21,paid,fulfilled,Spain,Andalucía,Málaga,cust_00411,Terracotta Pendant Light,Lighting,Lumen Co,SKU-0038-01,Medium,2,38.48,0,76.96,93.12,EUR,web
#1391,2025-09-24,paid,fulfilled,France,Île-de-France,Versailles,cust_00304,Ceramic Cast Iron Pan,Kitchen,Aurora Kitchen,SKU-0004-01,,1,22.58,0,22.58,27.32,EUR,web
#1765,2025-11-04,paid,fulfilled,Germany,Berlin,Berlin,cust_00828,Walnut Ceramic Bowl Set,Kitchen,Aurora Kitchen,SKU-0003-01,Charcoal,1,44.02,0,44.02,53.26,EUR,web
#1225,2025-09-02,paid,fulfilled,France,Occitanie,Montpellier,cust_00548,Oak Chef Knife,Kitchen,Aurora Kitchen,SKU-0001-01,,2,24.54,0,49.08,59.39,EUR,web
#3492,2026-05-19,paid,fulfilled,France,Provence,Marseille,cust_00906,Brass Wall Art Print,Decor,Casa Bonita,SKU-0044-01,,1,23.35,0,23.35,144.87,EUR,web
#3492,2026-05-19,paid,fulfilled,France,Provence,Marseille,cust_00906,Bamboo Picture Frame,Decor,Casa Bonita,SKU-0042-02,Large,2,32.28,0,64.56,144.87,EUR,web
#3492,2026-05-19,paid,fulfilled,France,Provence,Marseille,cust_00906,Marble Bath Mat,Bath,Pure Bath,SKU-0052-03,,1,31.82,0,31.82,144.87,EUR,web
#3396,2026-05-07,paid,fulfilled,Italy,Lazio,Roma,cust_00578,Stone Espresso Mug,Kitchen,Aurora Kitchen,SKU-0005-01,Charcoal,1,17.01,0,17.01,54.67,EUR,web
#3396,2026-05-07,paid,fulfilled,Italy,Lazio,Roma,cust_00578,Marble Utensil Holder,Kitchen,Aurora Kitchen,SKU-0007-02,,2,17.14,6.11,28.17,54.67,EUR,web
#3303,2026-04-25,paid,fulfilled,Spain,Galicia,A Coruña,cust_00227,Marble Cutting Board,Kitchen,Aurora Kitchen,SKU-0012-01,,2,15.09,0,30.18,36.52,EUR,web
#2394,2025-12-21,partially_refunded,fulfilled,Italy,Lombardia,Milano,cust_00694,Linen Reading Light,Lighting,Lumen Co,SKU-0036-01,,1,30.35,0,30.35,36.72,EUR,web
#3822,2026-07-02,refunded,unfulfilled,Spain,País Vasco,San Sebastián,cust_00697,Marble Bath Mat,Bath,Pure Bath,SKU-0052-01,Charcoal,1,31.82,0,31.82,156.94,EUR,web
#3822,2026-07-02,refunded,unfulfilled,Spain,País Vasco,San Sebastián,cust_00697,Stone Quilted Bedspread,Bedding,Nordic Sleep,SKU-0029-02,,1,33.99,0,33.99,156.94,EUR,web
#3822,2026-07-02,refunded,unfulfilled,Spain,País Vasco,San Sebastián,cust_00697,Walnut Wool Throw,Bedding,Nordic Sleep,SKU-0027-03,,1,63.89,0,63.89,156.94,EUR,web
#3728,2026-06-20,paid,fulfilled,Spain,Madrid,Alcalá de Henares,cust_00921,Linen Reading Light,Lighting,Lumen Co,SKU-0036-01,,1,30.35,0,30.35,128.57,EUR,web
#3728,2026-06-20,paid,fulfilled,Spain,Madrid,Alcalá de Henares,cust_00921,Marble Cutting Board,Kitchen,Aurora Kitchen,SKU-0002-02,Charcoal,1,13.17,1.36,11.81,128.57,EUR,web
#3728,2026-06-20,paid,fulfilled,Spain,Madrid,Alcalá de Henares,cust_00921,Bamboo Picture Frame,Decor,Casa Bonita,SKU-0042-03,Small,1,32.28,0,32.28,128.57,EUR,web
#3728,2026-06-20,paid,fulfilled,Spain,Madrid,Alcalá de Henares,cust_00921,Marble Bath Mat,Bath,Pure Bath,SKU-0052-04,,1,31.82,0,31.82,128.57,EUR,web
#2949,2026-03-05,paid,fulfilled,Spain,Galicia,A Coruña,cust_00695,Bamboo Bookend Pair,Decor,Casa Bonita,SKU-0047-01,Small,1,14.92,0,14.92,18.05,EUR,web
#3496,2026-05-20,paid,fulfilled,Spain,Madrid,Madrid,cust_00774,Bamboo Bookend Pair,Decor,Casa Bonita,SKU-0047-01,Large,1,14.92,0,14.92,125.89,EUR,web
#3496,2026-05-20,paid,fulfilled,Spain,Madrid,Madrid,cust_00774,Bamboo Picture Frame,Decor,Casa Bonita,SKU-0042-02,,1,32.28,0,32.28,125.89,EUR,web
#3496,2026-05-20,paid,fulfilled,Spain,Madrid,Madrid,cust_00774,Stone Quilted Bedspread,Bedding,Nordic Sleep,SKU-0029-03,,1,33.99,5.25,28.74,125.89,EUR,web
#3496,2026-05-20,paid,fulfilled,Spain,Madrid,Madrid,cust_00774,Stone Serving Platter,Kitchen,Aurora Kitchen,SKU-0010-04,,1,28.1,0,28.1,125.89,EUR,web
#3567,2026-05-28,paid,fulfilled,France,Provence,Marseille,cust_01187,Stone Quilted Bedspread,Bedding,Nordic Sleep,SKU-0029-01,,1,33.99,0,33.99,62.73,EUR,web
#3567,2026-05-28,paid,fulfilled,France,Provence,Marseille,cust_01187,Terracotta Woven Basket,Decor,Casa Bonita,SKU-0043-02,,1,17.85,0,17.85,62.73,EUR,web
#1367,2025-09-21,paid,fulfilled,Spain,Galicia,A Coruña,cust_01105,Marble Cutting Board,Kitchen,Aurora Kitchen,SKU-0012-01,,4,15.09,0,60.36,73.04,EUR,mobile
#1663,2025-10-24,paid,fulfilled,Spain,Andalucía,Málaga,cust_00187,Terracotta Woven Basket,Decor,Casa Bonita,SKU-0043-01,Natural,1,17.85,3.27,14.58,56.72,EUR,web
#1663,2025-10-24,paid,fulfilled,Spain,Andalucía,Málaga,cust_00187,Ceramic Shower Curtain,Bath,Pure Bath,SKU-0054-02,,1,32.3,0,32.3,56.72,EUR,web
#1116,2025-08-18,paid,fulfilled,France,Provence,Nice,cust_00070,Terracotta Outdoor Cushion,Outdoor,Terra Garden,SKU-0060-01,,1,23.39,4.23,19.16,43.98,EUR,web
#1116,2025-08-18,paid,fulfilled,France,Provence,Nice,cust_00070,Copper Picture Frame,Decor,Casa Bonita,SKU-0050-02,Natural,1,17.19,0,17.19,43.98,EUR,web
#1490,2025-10-06,paid,fulfilled,Spain,Andalucía,Sevilla,cust_00534,Stone Quilted Bedspread,Bedding,Nordic Sleep,SKU-0029-01,,2,33.99,0,67.98,82.26,EUR,web
#3221,2026-04-14,paid,fulfilled,Portugal,Porto,Porto,cust_00403,Brass Ceramic Vase,Decor,Casa Bonita,SKU-0049-01,Medium,1,16.22,0,16.22,19.63,EUR,web
#2702,2026-01-25,refunded,fulfilled,France,Occitanie,Montpellier,cust_00002,Marble Bath Mat,Bath,Pure Bath,SKU-0052-01,,1,31.82,0,31.82,68.4,EUR,web
#2702,2026-01-25,refunded,fulfilled,France,Occitanie,Montpellier,cust_00002,Stone Robe,Bath,Pure Bath,SKU-0055-02,,1,27.66,2.95,24.71,68.4,EUR,web
#1958,2025-11-19,paid,fulfilled,France,Provence,Marseille,cust_01187,Marble Bath Mat,Bath,Pure Bath,SKU-0052-01,Charcoal,2,31.82,0,63.64,77,EUR,web
#1775,2025-11-05,paid,fulfilled,Spain,Andalucía,Sevilla,cust_01065,Stone Robe,Bath,Pure Bath,SKU-0055-01,,2,27.66,0,55.32,94.45,EUR,pos
#1775,2025-11-05,paid,fulfilled,Spain,Andalucía,Sevilla,cust_01065,Linen Table Runner,Decor,Casa Bonita,SKU-0046-02,,1,22.74,0,22.74,94.45,EUR,pos
#1555,2025-10-14,paid,fulfilled,Spain,Madrid,Alcalá de Henares,cust_00074,Stone Robe,Bath,Pure Bath,SKU-0055-01,,1,27.66,0,27.66,33.47,EUR,web
#1053,2025-08-08,paid,fulfilled,Spain,Madrid,Alcalá de Henares,cust_00487,Walnut Linen Duvet,Bedding,Nordic Sleep,SKU-0017-01,Natural,1,44.07,0,44.07,53.32,EUR,web
#3379,2026-05-04,paid,fulfilled,Germany,Hamburg,Hamburg,cust_00459,Marble Bath Towel Set,Bath,Pure Bath,SKU-0057-01,,1,25.7,0,25.7,81.02,EUR,web
#3379,2026-05-04,paid,fulfilled,Germany,Hamburg,Hamburg,cust_00459,Marble Cutting Board,Kitchen,Aurora Kitchen,SKU-0002-02,,2,13.17,0,26.34,81.02,EUR,web
#3379,2026-05-04,paid,fulfilled,Germany,Hamburg,Hamburg,cust_00459,Bamboo Bookend Pair,Decor,Casa Bonita,SKU-0047-03,Charcoal,1,14.92,0,14.92,81.02,EUR,web
#3446,2026-05-13,paid,fulfilled,Spain,Andalucía,Málaga,cust_00552,Walnut Ceramic Bowl Set,Kitchen,Aurora Kitchen,SKU-0013-01,,1,41.03,0,41.03,49.65,EUR,web
#3673,2026-06-13,paid,fulfilled,Netherlands,Noord-Holland,Haarlem,cust_00232,Oak Chef Knife,Kitchen,Aurora Kitchen,SKU-0011-01,,2,33.15,0,66.3,80.22,EUR,web
#3485,2026-05-18,paid,fulfilled,Italy,Lazio,Roma,cust_00152,Ceramic Pillow Case Pair,Bedding,Nordic Sleep,SKU-0028-01,,1,43.58,3.47,40.11,48.53,EUR,web
#1002,2025-08-01,paid,fulfilled,France,Île-de-France,Versailles,cust_00173,Stone Quilted Bedspread,Bedding,Nordic Sleep,SKU-0029-01,Natural,1,33.99,0,33.99,41.13,EUR,pos
#1758,2025-11-03,paid,fulfilled,Spain,Andalucía,Málaga,cust_00187,Marble Bath Mat,Bath,Pure Bath,SKU-0052-01,Small,1,31.82,6.34,25.48,69.05,EUR,web
#1758,2025-11-03,paid,fulfilled,Spain,Andalucía,Málaga,cust_00187,Copper Scented Candle,Decor,Casa Bonita,SKU-0045-02,Large,1,8.24,0,8.24,69.05,EUR,web
#1758,2025-11-03,paid,fulfilled,Spain,Andalucía,Málaga,cust_00187,Brass Wall Art Print,Decor,Casa Bonita,SKU-0044-03,,1,23.35,0,23.35,69.05,EUR,web
#3783,2026-06-28,paid,fulfilled,Germany,Berlin,Berlin,cust_01076,Stone Quilted Bedspread,Bedding,Nordic Sleep,SKU-0029-01,,1,33.99,5.07,28.92,65.57,EUR,web
#3783,2026-06-28,paid,fulfilled,Germany,Berlin,Berlin,cust_01076,Oak Bath Towel Set,Bath,Pure Bath,SKU-0051-02,Large,1,25.27,0,25.27,65.57,EUR,web
#1062,2025-08-09,paid,fulfilled,Spain,Valencia,Valencia,cust_01115,Marble Cutting Board,Kitchen,Aurora Kitchen,SKU-0012-01,Charcoal,4,15.09,0,60.36,73.04,EUR,web
#3348,2026-05-02,paid,fulfilled,France,Occitanie,Montpellier,cust_01009,Bamboo Picture Frame,Decor,Casa Bonita,SKU-0042-01,,1,32.28,0,32.28,39.06,EUR,web
#2993,2026-03-10,paid,fulfilled,Spain,Andalucía,Málaga,cust_00242,Brass Ceramic Vase,Decor,Casa Bonita,SKU-0049-01,,3,16.22,8.18,40.48,48.98,EUR,web
#1202,2025-08-30,paid,fulfilled,Spain,Galicia,Vigo,cust_00617,Brass Candle Holder,Lighting,Lumen Co,SKU-0034-01,,1,43.61,6.67,36.94,44.7,EUR,web
#2812,2026-02-13,paid,fulfilled,Spain,Cataluña,Girona,cust_00919,Bamboo Picture Frame,Decor,Casa Bonita,SKU-0042-01,,1,32.28,1.65,30.63,37.06,EUR,web
#3978,2026-07-28,paid,fulfilled,Spain,Galicia,Vigo,cust_00784,Walnut Soap Dispenser,Bath,Pure Bath,SKU-0053-01,,1,31.22,0,31.22,37.78,EUR,web
#3592,2026-05-31,paid,fulfilled,Spain,País Vasco,San Sebastián,cust_00951,Bamboo Bookend Pair,Decor,Casa Bonita,SKU-0047-01,,1,14.92,0.95,13.97,16.9,EUR,web
#2596,2026-01-08,refunded,fulfilled,France,Occitanie,Montpellier,cust_01016,Linen Ceramic Vase,Decor,Casa Bonita,SKU-0041-01,,4,37.99,0,151.96,268.63,EUR,web
#2596,2026-01-08,refunded,fulfilled,France,Occitanie,Montpellier,cust_01016,Brass Wall Art Print,Decor,Casa Bonita,SKU-0044-02,,3,23.35,0,70.05,268.63,EUR,web
#2312,2025-12-15,paid,fulfilled,Germany,Hamburg,Hamburg,cust_00039,Marble Bath Mat,Bath,Pure Bath,SKU-0052-01,Small,1,31.82,0,31.82,38.5,EUR,web
#2126,2025-12-02,paid,fulfilled,Spain,Andalucía,Sevilla,cust_01066,Terracotta Woven Basket,Decor,Casa Bonita,SKU-0043-01,,1,17.85,0,17.85,21.6,EUR,web
#3295,2026-04-23,paid,fulfilled,Spain,Andalucía,Málaga,cust_00242,Bamboo Garden Lantern,Outdoor,Terra Garden,SKU-0059-01,Medium,1,40.04,3.81,36.23,76.76,EUR,web
#3295,2026-04-23,paid,fulfilled,Spain,Andalucía,Málaga,cust_00242,Stone Quilted Bedspread,Bedding,Nordic Sleep,SKU-0029-02,,1,33.99,6.78,27.21,76.76,EUR,web
#1197,2025-08-30,paid,fulfilled,Italy,Lazio,Roma,cust_00192,Oak Bath Towel Set,Bath,Pure Bath,SKU-0051-01,,1,25.27,0,25.27,30.58,EUR,web
#2415,2025-12-22,paid,fulfilled,Italy,Lombardia,Milano,cust_00933,Marble Cutting Board,Kitchen,Aurora Kitchen,SKU-0002-01,,1,13.17,2.01,11.16,146.53,EUR,web
#2415,2025-12-22,paid,fulfilled,Italy,Lombardia,Milano,cust_00933,Copper Table Lamp,Lighting,Lumen Co,SKU-0030-02,,2,31.58,0,63.16,146.53,EUR,web
#2415,2025-12-22,paid,fulfilled,Italy,Lombardia,Milano,cust_00933,Terracotta Outdoor Cushion,Outdoor,Terra Garden,SKU-0060-03,,2,23.39,0,46.78,146.53,EUR,web
#3587,2026-05-30,refunded,fulfilled,Spain,Andalucía,Sevilla,cust_00089,Terracotta Pendant Light,Lighting,Lumen Co,SKU-0038-01,,1,38.48,0,38.48,218.26,EUR,mobile
#3587,2026-05-30,refunded,fulfilled,Spain,Andalucía,Sevilla,cust_00089,Walnut Wool Throw,Bedding,Nordic Sleep,SKU-0027-02,Large,1,63.89,0,63.89,218.26,EUR,mobile
#3587,2026-05-30,refunded,fulfilled,Spain,Andalucía,Sevilla,cust_00089,Walnut Ceramic Bowl Set,Kitchen,Aurora Kitchen,SKU-0003-03,,1,44.02,0,44.02,218.26,EUR,mobile
#3587,2026-05-30,refunded,fulfilled,Spain,Andalucía,Sevilla,cust_00089,Stone Quilted Bedspread,Bedding,Nordic Sleep,SKU-0029-04,Large,1,33.99,0,33.99,218.26,EUR,mobile
#1030,2025-08-05,paid,fulfilled,Spain,Andalucía,Sevilla,cust_01022,Terracotta Outdoor Cushion,Outdoor,Terra Garden,SKU-0060-01,Natural,1,23.39,0,23.39,28.3,EUR,web
#3028,2026-03-15,paid,fulfilled,France,Provence,Marseille,cust_01064,Brass Wall Art Print,Decor,Casa Bonita,SKU-0044-01,Charcoal,1,23.35,0,23.35,28.25,EUR,web
#1445,2025-10-01,paid,fulfilled,Spain,Madrid,Madrid,cust_00940,Linen Planter Pot,Outdoor,Terra Garden,SKU-0058-01,,1,32.68,0,32.68,183.8,EUR,web
#1445,2025-10-01,paid,fulfilled,Spain,Madrid,Madrid,cust_00940,Bamboo Table Lamp,Lighting,Lumen Co,SKU-0037-02,Large,3,39.74,0,119.22,183.8,EUR,web
#1670,2025-10-25,paid,fulfilled,France,Occitanie,Montpellier,cust_00576,Bamboo Bookend Pair,Decor,Casa Bonita,SKU-0047-01,,2,14.92,3.79,26.05,116.28,EUR,web
#1670,2025-10-25,paid,fulfilled,France,Occitanie,Montpellier,cust_00576,Brass Wall Art Print,Decor,Casa Bonita,SKU-0044-02,,3,23.35,0,70.05,116.28,EUR,web
#2352,2025-12-17,paid,fulfilled,France,Provence,Marseille,cust_01176,Marble Bath Mat,Bath,Pure Bath,SKU-0052-01,,1,31.82,0,31.82,103.12,EUR,web
#2352,2025-12-17,paid,fulfilled,France,Provence,Marseille,cust_01176,Ceramic Cast Iron Pan,Kitchen,Aurora Kitchen,SKU-0004-02,,2,22.58,0,45.16,103.12,EUR,web
#2352,2025-12-17,paid,fulfilled,France,Provence,Marseille,cust_01176,Copper Scented Candle,Decor,Casa Bonita,SKU-0045-03,Charcoal,1,8.24,0,8.24,103.12,EUR,web
#3776,2026-06-26,paid,fulfilled,Spain,Andalucía,Sevilla,cust_01022,Walnut Wool Throw,Bedding,Nordic Sleep,SKU-0027-01,Medium,1,63.89,0,63.89,77.31,EUR,web
#2860,2026-02-20,partially_refunded,fulfilled,Spain,Galicia,Vigo,cust_01029,Brass Wall Art Print,Decor,Casa Bonita,SKU-0044-01,Large,1,23.35,0,23.35,57.95,EUR,web
#2860,2026-02-20,partially_refunded,fulfilled,Spain,Galicia,Vigo,cust_01029,Oak Chef Knife,Kitchen,Aurora Kitchen,SKU-0001-02,,1,24.54,0,24.54,57.95,EUR,web
#2044,2025-11-26,paid,fulfilled,Netherlands,Noord-Holland,Haarlem,cust_00904,Bamboo Bookend Pair,Decor,Casa Bonita,SKU-0047-01,,1,14.92,0,14.92,18.05,EUR,web
#1210,2025-08-31,paid,fulfilled,France,Occitanie,Montpellier,cust_00190,Marble Bath Towel Set,Bath,Pure Bath,SKU-0057-01,,2,25.7,4.61,46.79,56.62,EUR,web
#3498,2026-05-20,paid,fulfilled,Spain,Galicia,Vigo,cust_00319,Oak Bath Towel Set,Bath,Pure Bath,SKU-0051-01,Medium,1,25.27,0,25.27,128.31,EUR,web
#3498,2026-05-20,paid,fulfilled,Spain,Galicia,Vigo,cust_00319,Terracotta Outdoor Cushion,Outdoor,Terra Garden,SKU-0060-02,,2,23.39,0,46.78,128.31,EUR,web
#3498,2026-05-20,paid,fulfilled,Spain,Galicia,Vigo,cust_00319,Stone Quilted Bedspread,Bedding,Nordic Sleep,SKU-0029-03,,1,33.99,0,33.99,128.31,EUR,web
#1492,2025-10-07,paid,fulfilled,Portugal,Porto,Braga,cust_01180,Oak Storage Jar,Kitchen,Aurora Kitchen,SKU-0016-01,,1,23.74,0,23.74,28.73,EUR,web
#3147,2026-04-03,paid,fulfilled,France,Île-de-France,Versailles,cust_00419,Marble Cutting Board,Kitchen,Aurora Kitchen,SKU-0002-01,,1,13.17,0,13.17,138.18,EUR,web
#3147,2026-04-03,paid,fulfilled,France,Île-de-France,Versailles,cust_00419,Ceramic Cast Iron Pan,Kitchen,Aurora Kitchen,SKU-0004-02,Medium,1,22.58,3.91,18.67,138.18,EUR,web
#3147,2026-04-03,paid,fulfilled,France,Île-de-France,Versailles,cust_00419,Walnut Soap Dispenser,Bath,Pure Bath,SKU-0053-03,,1,31.22,0,31.22,138.18,EUR,web
#3147,2026-04-03,paid,fulfilled,France,Île-de-France,Versailles,cust_00419,Marble Bath Mat,Bath,Pure Bath,SKU-0052-04,,2,31.82,12.5,51.14,138.18,EUR,web
#2065,2025-11-27,paid,fulfilled,Spain,Andalucía,Sevilla,cust_00750,Marble Bath Towel Set,Bath,Pure Bath,SKU-0057-01,,1,25.7,0,25.7,31.1,EUR,web
#2602,2026-01-09,paid,fulfilled,Spain,Andalucía,Málaga,cust_00474,Bamboo Picture Frame,Decor,Casa Bonita,SKU-0042-01,Medium,1,32.28,0,32.28,39.06,EUR,web
#2759,2026-02-04,paid,fulfilled,Spain,Andalucía,Sevilla,cust_01137,Terracotta Wall Mirror,Decor,Casa Bonita,SKU-0048-01,,2,24.68,0,49.36,87.05,EUR,web
#2759,2026-02-04,paid,fulfilled,Spain,Andalucía,Sevilla,cust_01137,Ceramic Cast Iron Pan,Kitchen,Aurora Kitchen,SKU-0004-02,,1,22.58,0,22.58,87.05,EUR,web
#3849,2026-07-06,paid,fulfilled,Spain,País Vasco,San Sebastián,cust_00284,Marble Cotton Sheet Set,Bedding,Nordic Sleep,SKU-0026-01,,2,66.77,0,133.54,161.58,EUR,web
#3472,2026-05-16,paid,fulfilled,Netherlands,Zuid-Holland,Rotterdam,cust_00368,Linen Table Runner,Decor,Casa Bonita,SKU-0046-01,,1,22.74,0,22.74,27.52,EUR,web
#2434,2025-12-24,paid,fulfilled,France,Île-de-France,Versailles,cust_00146,Bamboo Garden Lantern,Outdoor,Terra Garden,SKU-0059-01,Natural,3,40.04,0,120.12,171.11,EUR,web
#2434,2025-12-24,paid,fulfilled,France,Île-de-France,Versailles,cust_00146,Oak Vanity Tray,Bath,Pure Bath,SKU-0056-02,,1,24.8,3.51,21.29,171.11,EUR,web
#2464,2025-12-26,paid,fulfilled,Spain,Cataluña,Girona,cust_00852,Copper Scented Candle,Decor,Casa Bonita,SKU-0045-01,Large,1,8.24,0,8.24,9.97,EUR,web
#3123,2026-03-31,paid,fulfilled,Portugal,Porto,Braga,cust_01084,Marble Bath Mat,Bath,Pure Bath,SKU-0052-01,Medium,1,31.82,0,31.82,38.5,EUR,web
#1456,2025-10-03,paid,fulfilled,Germany,Berlin,Berlin,cust_01154,Oak Chef Knife,Kitchen,Aurora Kitchen,SKU-0001-01,,1,24.54,0,24.54,29.69,EUR,web
#2480,2025-12-28,paid,fulfilled,Spain,Cataluña,Barcelona,cust_00960,Marble Cotton Sheet Set,Bedding,Nordic Sleep,SKU-0026-01,,1,66.77,0,66.77,80.79,EUR,web
#1666,2025-10-25,paid,fulfilled,Portugal,Lisboa,Cascais,cust_00006,Marble Bath Mat,Bath,Pure Bath,SKU-0052-01,Charcoal,4,31.82,0,127.28,210.52,EUR,web
#1666,2025-10-25,paid,fulfilled,Portugal,Lisboa,Cascais,cust_00006,Brass Wall Art Print,Decor,Casa Bonita,SKU-0044-02,Small,2,23.35,0,46.7,210.52,EUR,web
#1301,2025-09-12,paid,fulfilled,Spain,Galicia,Vigo,cust_00319,Ceramic Cast Iron Pan,Kitchen,Aurora Kitchen,SKU-0004-01,,2,22.58,0,45.16,67.64,EUR,web
#1301,2025-09-12,paid,fulfilled,Spain,Galicia,Vigo,cust_00319,Marble Cutting Board,Kitchen,Aurora Kitchen,SKU-0002-02,Charcoal,1,13.17,2.43,10.74,67.64,EUR,web
#3786,2026-06-28,paid,fulfilled,Spain,Andalucía,Málaga,cust_00552,Marble Bath Mat,Bath,Pure Bath,SKU-0052-01,,1,31.82,5.48,26.34,31.87,EUR,web
#3067,2026-03-20,paid,fulfilled,Spain,País Vasco,Bilbao,cust_01168,Stone Quilted Bedspread,Bedding,Nordic Sleep,SKU-0029-01,,1,33.99,0,33.99,74.86,EUR,web
#3067,2026-03-20,paid,fulfilled,Spain,País Vasco,Bilbao,cust_01168,Linen Reading Light,Lighting,Lumen Co,SKU-0036-02,,1,30.35,2.47,27.88,74.86,EUR,web
#2265,2025-12-12,paid,fulfilled,Portugal,Porto,Porto,cust_00338,Oak Chef Knife,Kitchen,Aurora Kitchen,SKU-0001-01,,2,24.54,0,49.08,59.39,EUR,web
#1055,2025-08-08,paid,fulfilled,Spain,Andalucía,Sevilla,cust_01137,Copper Scented Candle,Decor,Casa Bonita,SKU-0045-01,,1,8.24,0,8.24,9.97,EUR,web
#2160,2025-12-04,paid,fulfilled,Spain,Cataluña,Girona,cust_00117,Linen Pendant Light,Lighting,Lumen Co,SKU-0031-01,,1,45.87,0,45.87,55.5,EUR,web
#1531,2025-10-12,paid,fulfilled,France,Occitanie,Montpellier,cust_00652,Marble Cutting Board,Kitchen,Aurora Kitchen,SKU-0012-01,Charcoal,2,15.09,0,30.18,36.52,EUR,web
#2410,2025-12-22,paid,fulfilled,Germany,Bayern,Nürnberg,cust_00724,Walnut Mixing Bowl,Kitchen,Aurora Kitchen,SKU-0008-01,,1,38.08,0,38.08,46.08,EUR,web
#2061,2025-11-27,paid,fulfilled,Spain,Andalucía,Sevilla,cust_01117,Marble Bath Mat,Bath,Pure Bath,SKU-0052-01,,4,31.82,20.72,106.56,157.24,EUR,web
#2061,2025-11-27,paid,fulfilled,Spain,Andalucía,Sevilla,cust_01117,Terracotta Outdoor Cushion,Outdoor,Terra Garden,SKU-0060-02,Charcoal,1,23.39,0,23.39,157.24,EUR,web
#2778,2026-02-07,paid,fulfilled,Spain,Cataluña,Girona,cust_00796,Terracotta Woven Basket,Decor,Casa Bonita,SKU-0043-01,Large,1,17.85,0,17.85,21.6,EUR,web
#3066,2026-03-20,partially_refunded,fulfilled,Spain,Madrid,Alcalá de Henares,cust_00074,Marble Cutting Board,Kitchen,Aurora Kitchen,SKU-0012-01,Natural,1,15.09,2.67,12.42,15.03,EUR,web
#1451,2025-10-02,paid,fulfilled,Spain,Galicia,Vigo,cust_00319,Walnut Soap Dispenser,Bath,Pure Bath,SKU-0053-01,Large,1,31.22,0,31.22,37.78,EUR,web
#1228,2025-09-02,paid,fulfilled,Spain,Madrid,Alcalá de Henares,cust_00422,Ceramic Weighted Blanket,Bedding,Nordic Sleep,SKU-0023-01,,1,19.09,0,19.09,23.1,EUR,web
#2121,2025-12-02,paid,fulfilled,France,Occitanie,Toulouse,cust_00866,Brass Ceramic Vase,Decor,Casa Bonita,SKU-0049-01,,1,16.22,0,16.22,19.63,EUR,web
#1388,2025-09-23,paid,fulfilled,France,Provence,Marseille,cust_00504,Brass Wall Art Print,Decor,Casa Bonita,SKU-0044-01,,1,23.35,2.11,21.24,25.7,EUR,web
#2833,2026-02-16,refunded,fulfilled,Spain,Cataluña,Barcelona,cust_00764,Oak Linen Duvet,Bedding,Nordic Sleep,SKU-0025-01,,2,28.38,0,56.76,222.69,EUR,web
#2833,2026-02-16,refunded,fulfilled,Spain,Cataluña,Barcelona,cust_00764,Marble Bath Mat,Bath,Pure Bath,SKU-0052-02,,4,31.82,0,127.28,222.69,EUR,web
#2339,2025-12-17,paid,fulfilled,Germany,Hamburg,Hamburg,cust_01062,Brass Wall Art Print,Decor,Casa Bonita,SKU-0044-01,,1,23.35,2.59,20.76,25.12,EUR,mobile
#1221,2025-09-02,paid,fulfilled,Netherlands,Noord-Holland,Amsterdam,cust_01041,Marble Utensil Holder,Kitchen,Aurora Kitchen,SKU-0007-01,,1,17.14,0,17.14,126.2,EUR,web
#1221,2025-09-02,paid,fulfilled,Netherlands,Noord-Holland,Amsterdam,cust_01041,Bamboo Picture Frame,Decor,Casa Bonita,SKU-0042-02,,1,32.28,0,32.28,126.2,EUR,web
#1221,2025-09-02,paid,fulfilled,Netherlands,Noord-Holland,Amsterdam,cust_01041,Bamboo Bookend Pair,Decor,Casa Bonita,SKU-0047-03,,4,14.92,4.8,54.88,126.2,EUR,web
#3693,2026-06-16,paid,fulfilled,Spain,Cataluña,Barcelona,cust_01092,Oak Chef Knife,Kitchen,Aurora Kitchen,SKU-0001-01,,1,24.54,3.98,20.56,24.88,EUR,web
#3420,2026-05-11,paid,fulfilled,Spain,Valencia,Alicante,cust_00857,Stone Quilted Bedspread,Bedding,Nordic Sleep,SKU-0029-01,,1,33.99,0,33.99,41.13,EUR,web
#1660,2025-10-24,paid,fulfilled,France,Île-de-France,Versailles,cust_00379,Terracotta Outdoor Cushion,Outdoor,Terra Garden,SKU-0060-01,Small,2,23.39,0,46.78,138.86,EUR,web
#1660,2025-10-24,paid,fulfilled,France,Île-de-France,Versailles,cust_00379,Stone Quilted Bedspread,Bedding,Nordic Sleep,SKU-0029-02,,2,33.99,0,67.98,138.86,EUR,web
#1063,2025-08-09,paid,fulfilled,Netherlands,Noord-Holland,Haarlem,cust_00210,Brass Candle Holder,Lighting,Lumen Co,SKU-0034-01,Natural,1,43.61,0,43.61,106.09,EUR,web
#1063,2025-08-09,paid,fulfilled,Netherlands,Noord-Holland,Haarlem,cust_00210,Walnut Linen Duvet,Bedding,Nordic Sleep,SKU-0017-02,,1,44.07,0,44.07,106.09,EUR,web
#1159,2025-08-24,paid,fulfilled,Spain,Andalucía,Sevilla,cust_00889,Walnut Linen Duvet,Bedding,Nordic Sleep,SKU-0017-01,Medium,2,44.07,0,88.14,106.65,EUR,web
#1068,2025-08-10,paid,fulfilled,Spain,Madrid,Madrid,cust_00774,Linen Reading Light,Lighting,Lumen Co,SKU-0036-01,,1,30.35,0,30.35,36.72,EUR,web
#2669,2026-01-19,paid,fulfilled,Germany,Hamburg,Hamburg,cust_00263,Brass Ceramic Vase,Decor,Casa Bonita,SKU-0049-01,,2,16.22,0,32.44,151.88,EUR,mobile
#2669,2026-01-19,paid,fulfilled,Germany,Hamburg,Hamburg,cust_00263,Ceramic Shower Curtain,Bath,Pure Bath,SKU-0054-02,,1,32.3,5.03,27.27,151.88,EUR,mobile
#2669,2026-01-19,paid,fulfilled,Germany,Hamburg,Hamburg,cust_00263,Marble Bath Mat,Bath,Pure Bath,SKU-0052-03,,1,31.82,0,31.82,151.88,EUR,mobile
#2669,2026-01-19,paid,fulfilled,Germany,Hamburg,Hamburg,cust_00263,Stone Quilted Bedspread,Bedding,Nordic Sleep,SKU-0029-04,Large,1,33.99,0,33.99,151.88,EUR,mobile
#3608,2026-06-03,paid,fulfilled,Spain,Andalucía,Málaga,cust_00589,Terracotta Woven Basket,Decor,Casa Bonita,SKU-0043-01,,1,17.85,0,17.85,67.57,EUR,mobile
#3608,2026-06-03,paid,fulfilled,Spain,Andalucía,Málaga,cust_00589,Linen Ceramic Vase,Decor,Casa Bonita,SKU-0041-02,Charcoal,1,37.99,0,37.99,67.57,EUR,mobile
#1464,2025-10-04,paid,fulfilled,Italy,Lazio,Roma,cust_00205,Ceramic Pillow Case Pair,Bedding,Nordic Sleep,SKU-0028-01,,1,43.58,0,43.58,93.86,EUR,web
#1464,2025-10-04,paid,fulfilled,Italy,Lazio,Roma,cust_00205,Stone Quilted Bedspread,Bedding,Nordic Sleep,SKU-0029-02,,1,33.99,0,33.99,93.86,EUR,web
#2559,2026-01-03,paid,fulfilled,Netherlands,Zuid-Holland,Den Haag,cust_00755,Terracotta Pendant Light,Lighting,Lumen Co,SKU-0038-01,Small,1,38.48,2.27,36.21,43.81,EUR,web
#1483,2025-10-06,paid,fulfilled,Spain,Galicia,Vigo,cust_00282,Marble Bath Towel Set,Bath,Pure Bath,SKU-0057-01,,1,25.7,0,25.7,31.1,EUR,web
#1437,2025-09-30,partially_refunded,fulfilled,Germany,Bayern,München,cust_00673,Stone Quilted Bedspread,Bedding,Nordic Sleep,SKU-0029-01,,2,33.99,0,67.98,82.26,EUR,mobile
#2039,2025-11-25,paid,fulfilled,France,Occitanie,Toulouse,cust_00732,Marble Bath Towel Set,Bath,Pure Bath,SKU-0057-01,,1,25.7,0,25.7,31.1,EUR,web
#2926,2026-03-02,paid,fulfilled,France,Île-de-France,Versailles,cust_01018,Marble Bath Towel Set,Bath,Pure Bath,SKU-0057-01,,3,25.7,11.44,65.66,79.45,EUR,web
#1905,2025-11-15,paid,fulfilled,Germany,Hamburg,Hamburg,cust_00822,Stone Espresso Mug,Kitchen,Aurora Kitchen,SKU-0015-01,Small,1,20.8,0,20.8,53.42,EUR,web
#1905,2025-11-15,paid,fulfilled,Germany,Hamburg,Hamburg,cust_00822,Brass Wall Art Print,Decor,Casa Bonita,SKU-0044-02,,1,23.35,0,23.35,53.42,EUR,web
#3523,2026-05-23,paid,fulfilled,Spain,Andalucía,Málaga,cust_01085,Brass Floor Lamp,Lighting,Lumen Co,SKU-0039-01,Large,2,57.5,0,115,139.15,EUR,web
#2287,2025-12-14,paid,fulfilled,Spain,Cataluña,Girona,cust_00305,Walnut Linen Duvet,Bedding,Nordic Sleep,SKU-0017-01,,2,44.07,0,88.14,106.65,EUR,web
#1527,2025-10-12,paid,fulfilled,France,Provence,Marseille,cust_00151,Linen Reading Light,Lighting,Lumen Co,SKU-0036-01,,1,30.35,0,30.35,212.23,EUR,web
#1527,2025-10-12,paid,fulfilled,France,Provence,Marseille,cust_00151,Walnut Mattress Topper,Bedding,Nordic Sleep,SKU-0022-02,Natural,1,62.76,0,62.76,212.23,EUR,web
#1527,2025-10-12,paid,fulfilled,France,Provence,Marseille,cust_00151,Bamboo Bookend Pair,Decor,Casa Bonita,SKU-0047-03,,1,14.92,2.8,12.12,212.23,EUR,web
#1527,2025-10-12,paid,fulfilled,France,Provence,Marseille,cust_00151,Terracotta Outdoor Cushion,Outdoor,Terra Garden,SKU-0060-04,,3,23.39,0,70.17,212.23,EUR,web
#3255,2026-04-18,paid,fulfilled,Spain,Cataluña,Barcelona,cust_00477,Stone Espresso Mug,Kitchen,Aurora Kitchen,SKU-0005-01,,1,17.01,0,17.01,185.84,EUR,web
#3255,2026-04-18,paid,fulfilled,Spain,Cataluña,Barcelona,cust_00477,Ceramic Cast Iron Pan,Kitchen,Aurora Kitchen,SKU-0014-02,,3,40.12,0,120.36,185.84,EUR,web
#3255,2026-04-18,paid,fulfilled,Spain,Cataluña,Barcelona,cust_00477,Brass Ceramic Vase,Decor,Casa Bonita,SKU-0049-03,,1,16.22,0,16.22,185.84,EUR,web
#1812,2025-11-08,paid,fulfilled,Spain,País Vasco,Bilbao,cust_01168,Brass Wall Art Print,Decor,Casa Bonita,SKU-0044-01,,2,23.35,0,46.7,56.51,EUR,web
#1052,2025-08-08,paid,fulfilled,Portugal,Lisboa,Lisboa,cust_00570,Linen Reading Light,Lighting,Lumen Co,SKU-0036-01,,1,30.35,0,30.35,53.52,EUR,web
#1052,2025-08-08,paid,fulfilled,Portugal,Lisboa,Lisboa,cust_00570,Bamboo Bookend Pair,Decor,Casa Bonita,SKU-0047-02,,1,14.92,1.04,13.88,53.52,EUR,web
#1930,2025-11-16,paid,fulfilled,Italy,Lazio,Roma,cust_00948,Marble Bath Towel Set,Bath,Pure Bath,SKU-0057-01,Medium,1,25.7,0,25.7,62.01,EUR,web
#1930,2025-11-16,paid,fulfilled,Italy,Lazio,Roma,cust_00948,Linen Reading Light,Lighting,Lumen Co,SKU-0036-02,,1,30.35,4.8,25.55,62.01,EUR,web
#1938,2025-11-17,paid,fulfilled,Portugal,Porto,Braga,cust_00810,Bamboo Picture Frame,Decor,Casa Bonita,SKU-0042-01,Natural,1,32.28,0,32.28,39.06,EUR,web
#3828,2026-07-04,partially_refunded,partial,Spain,Cataluña,Barcelona,cust_01129,Oak Bath Towel Set,Bath,Pure Bath,SKU-0051-01,,1,25.27,0,25.27,30.58,EUR,web
#2693,2026-01-23,refunded,fulfilled,Germany,Bayern,Nürnberg,cust_01120,Brass Candle Holder,Lighting,Lumen Co,SKU-0034-01,,1,43.61,0,43.61,104.31,EUR,web
#2693,2026-01-23,refunded,fulfilled,Germany,Bayern,Nürnberg,cust_01120,Marble Bath Mat,Bath,Pure Bath,SKU-0052-02,Medium,1,31.82,4.31,27.51,104.31,EUR,web
#2693,2026-01-23,refunded,fulfilled,Germany,Bayern,Nürnberg,cust_01120,Marble Cutting Board,Kitchen,Aurora Kitchen,SKU-0012-03,Natural,1,15.09,0,15.09,104.31,EUR,web
#1649,2025-10-23,paid,fulfilled,Germany,Bayern,Nürnberg,cust_00220,Terracotta Woven Basket,Decor,Casa Bonita,SKU-0043-01,,2,17.85,0,35.7,202.46,EUR,web
#1649,2025-10-23,paid,fulfilled,Germany,Bayern,Nürnberg,cust_00220,Stone Quilted Bedspread,Bedding,Nordic Sleep,SKU-0029-02,Medium,1,33.99,0,33.99,202.46,EUR,web
#1649,2025-10-23,paid,fulfilled,Germany,Bayern,Nürnberg,cust_00220,Stone Espresso Mug,Kitchen,Aurora Kitchen,SKU-0015-03,,2,20.8,0,41.6,202.46,EUR,web
#1649,2025-10-23,paid,fulfilled,Germany,Bayern,Nürnberg,cust_00220,Marble Cotton Sheet Set,Bedding,Nordic Sleep,SKU-0026-04,Charcoal,1,66.77,10.74,56.03,202.46,EUR,web
#3008,2026-03-13,paid,fulfilled,Portugal,Lisboa,Cascais,cust_01043,Oak Storage Jar,Kitchen,Aurora Kitchen,SKU-0006-01,,1,27.52,0,27.52,33.3,EUR,web
#2533,2025-12-31,paid,fulfilled,France,Provence,Marseille,cust_00637,Marble Cutting Board,Kitchen,Aurora Kitchen,SKU-0002-01,Charcoal,2,13.17,3.23,23.11,27.96,EUR,web
#3287,2026-04-22,paid,fulfilled,France,Provence,Marseille,cust_00137,Brass Ceramic Vase,Decor,Casa Bonita,SKU-0049-01,,1,16.22,0,16.22,19.63,EUR,web
#3680,2026-06-14,paid,fulfilled,Italy,Lombardia,Milano,cust_00681,Terracotta Wall Sconce,Lighting,Lumen Co,SKU-0033-01,,1,24.53,0,24.53,29.68,EUR,web
#1487,2025-10-06,paid,fulfilled,France,Occitanie,Toulouse,cust_00093,Bamboo Bookend Pair,Decor,Casa Bonita,SKU-0047-01,Natural,1,14.92,1.44,13.48,189.2,EUR,web
#1487,2025-10-06,paid,fulfilled,France,Occitanie,Toulouse,cust_00093,Ceramic Weighted Blanket,Bedding,Nordic Sleep,SKU-0023-02,,1,19.09,0,19.09,189.2,EUR,web
#1487,2025-10-06,paid,fulfilled,France,Occitanie,Toulouse,cust_00093,Terracotta Pendant Light,Lighting,Lumen Co,SKU-0038-03,,1,38.48,2.73,35.75,189.2,EUR,web
#1487,2025-10-06,paid,fulfilled,France,Occitanie,Toulouse,cust_00093,Walnut Ceramic Bowl Set,Kitchen,Aurora Kitchen,SKU-0003-04,,2,44.02,0,88.04,189.2,EUR,web
#3716,2026-06-19,paid,fulfilled,Spain,Andalucía,Sevilla,cust_00728,Bamboo Table Lamp,Lighting,Lumen Co,SKU-0037-01,,1,39.74,0,39.74,48.09,EUR,web
#2844,2026-02-19,paid,fulfilled,Spain,Madrid,Madrid,cust_00314,Linen Pendant Light,Lighting,Lumen Co,SKU-0031-01,Charcoal,1,45.87,0,45.87,104.05,EUR,web
#2844,2026-02-19,paid,fulfilled,Spain,Madrid,Madrid,cust_00314,Ceramic Cast Iron Pan,Kitchen,Aurora Kitchen,SKU-0014-02,,1,40.12,0,40.12,104.05,EUR,web
#1298,2025-09-11,paid,fulfilled,Spain,Andalucía,Sevilla,cust_01088,Marble Utensil Holder,Kitchen,Aurora Kitchen,SKU-0007-01,Small,1,17.14,3.14,14,16.94,EUR,web
#2442,2025-12-24,paid,fulfilled,Italy,Lazio,Roma,cust_00189,Ceramic Shower Curtain,Bath,Pure Bath,SKU-0054-01,,1,32.3,0,32.3,55.02,EUR,web
#2442,2025-12-24,paid,fulfilled,Italy,Lazio,Roma,cust_00189,Marble Cutting Board,Kitchen,Aurora Kitchen,SKU-0002-02,Charcoal,1,13.17,0,13.17,55.02,EUR,web
#1216,2025-09-01,partially_refunded,fulfilled,Netherlands,Noord-Holland,Haarlem,cust_00232,Brass Wall Art Print,Decor,Casa Bonita,SKU-0044-01,,3,23.35,12.39,57.66,69.77,EUR,web
#3452,2026-05-14,paid,fulfilled,Portugal,Lisboa,Lisboa,cust_00596,Linen Reading Light,Lighting,Lumen Co,SKU-0036-01,Small,4,30.35,0,121.4,146.89,EUR,mobile
#1983,2025-11-21,paid,fulfilled,Italy,Lombardia,Bergamo,cust_00776,Walnut Wool Throw,Bedding,Nordic Sleep,SKU-0027-01,,1,63.89,0,63.89,77.31,EUR,pos
#3861,2026-07-08,paid,fulfilled,Germany,Hamburg,Hamburg,cust_00822,Terracotta Woven Basket,Decor,Casa Bonita,SKU-0043-01,,1,17.85,0,17.85,79.55,EUR,web
#3861,2026-07-08,paid,fulfilled,Germany,Hamburg,Hamburg,cust_00822,Stone Robe,Bath,Pure Bath,SKU-0055-02,Medium,1,27.66,0,27.66,79.55,EUR,web
#3861,2026-07-08,paid,fulfilled,Germany,Hamburg,Hamburg,cust_00822,Ceramic Cast Iron Pan,Kitchen,Aurora Kitchen,SKU-0004-03,,1,22.58,2.35,20.23,79.55,EUR,web
#3369,2026-05-04,paid,fulfilled,Spain,Valencia,Valencia,cust_00905,Stone Robe,Bath,Pure Bath,SKU-0055-01,,1,27.66,0,27.66,55.07,EUR,web
#3369,2026-05-04,paid,fulfilled,Spain,Valencia,Valencia,cust_00905,Terracotta Woven Basket,Decor,Casa Bonita,SKU-0043-02,,1,17.85,0,17.85,55.07,EUR,web
#2154,2025-12-04,paid,fulfilled,France,Provence,Marseille,cust_00952,Marble Bath Mat,Bath,Pure Bath,SKU-0052-01,Large,1,31.82,0,31.82,77.59,EUR,web
#2154,2025-12-04,paid,fulfilled,France,Provence,Marseille,cust_00952,Ceramic Shower Curtain,Bath,Pure Bath,SKU-0054-02,,1,32.3,0,32.3,77.59,EUR,web
#2112,2025-12-01,paid,fulfilled,France,Île-de-France,Paris,cust_00207,Stone Quilted Bedspread,Bedding,Nordic Sleep,SKU-0029-01,,1,33.99,0,33.99,71,EUR,pos
#2112,2025-12-01,paid,fulfilled,France,Île-de-France,Paris,cust_00207,Stone Robe,Bath,Pure Bath,SKU-0055-02,,1,27.66,2.97,24.69,71,EUR,pos
#3688,2026-06-15,paid,fulfilled,Germany,Hamburg,Hamburg,cust_01171,Linen Reading Light,Lighting,Lumen Co,SKU-0036-01,Charcoal,2,30.35,8.91,51.79,62.67,EUR,web
#3357,2026-05-03,paid,fulfilled,France,Île-de-France,Versailles,cust_00420,Stone Quilted Bedspread,Bedding,Nordic Sleep,SKU-0029-01,,1,33.99,0,33.99,41.13,EUR,web
#2879,2026-02-24,refunded,fulfilled,Netherlands,Noord-Holland,Haarlem,cust_00656,Bamboo Garden Lantern,Outdoor,Terra Garden,SKU-0059-01,,1,40.04,0,40.04,48.45,EUR,web
#1034,2025-08-05,paid,fulfilled,France,Occitanie,Montpellier,cust_01035,Terracotta Wall Sconce,Lighting,Lumen Co,SKU-0033-01,,1,24.53,0,24.53,29.68,EUR,mobile
#1376,2025-09-22,paid,fulfilled,France,Occitanie,Montpellier,cust_01086,Terracotta Outdoor Cushion,Outdoor,Terra Garden,SKU-0060-01,Natural,1,23.39,3.44,19.95,24.14,EUR,web
#3963,2026-07-24,paid,partial,Spain,Valencia,Valencia,cust_00905,Walnut Ceramic Bowl Set,Kitchen,Aurora Kitchen,SKU-0003-01,,1,44.02,0,44.02,86.49,EUR,web
#3963,2026-07-24,paid,partial,Spain,Valencia,Valencia,cust_00905,Linen Reading Light,Lighting,Lumen Co,SKU-0036-02,,1,30.35,2.89,27.46,86.49,EUR,web
#3355,2026-05-03,partially_refunded,fulfilled,Spain,Madrid,Madrid,cust_00774,Brass Wall Art Print,Decor,Casa Bonita,SKU-0044-01,Large,1,23.35,0,23.35,28.25,EUR,web
#2443,2025-12-24,paid,fulfilled,Spain,Galicia,A Coruña,cust_00607,Marble Bath Mat,Bath,Pure Bath,SKU-0052-01,,1,31.82,3.17,28.65,48.62,EUR,web
#2443,2025-12-24,paid,fulfilled,Spain,Galicia,A Coruña,cust_00607,Marble Cutting Board,Kitchen,Aurora Kitchen,SKU-0002-02,Small,1,13.17,1.64,11.53,48.62,EUR,web
#3755,2026-06-23,paid,fulfilled,Spain,Andalucía,Sevilla,cust_00830,Terracotta Pendant Light,Lighting,Lumen Co,SKU-0038-01,,1,38.48,0,38.48,46.56,EUR,web
#3461,2026-05-15,refunded,fulfilled,Spain,País Vasco,Bilbao,cust_01168,Linen Table Runner,Decor,Casa Bonita,SKU-0046-01,,1,22.74,0,22.74,27.52,EUR,mobile
#2612,2026-01-11,paid,fulfilled,Spain,Andalucía,Málaga,cust_00884,Brass Candle Holder,Lighting,Lumen Co,SKU-0034-01,,1,43.61,0,43.61,52.77,EUR,web
#3061,2026-03-19,paid,fulfilled,Netherlands,Zuid-Holland,Den Haag,cust_01019,Marble Bath Towel Set,Bath,Pure Bath,SKU-0057-01,,1,25.7,0,25.7,31.1,EUR,web
#1292,2025-09-10,paid,fulfilled,Germany,Berlin,Berlin,cust_01005,Oak Storage Jar,Kitchen,Aurora Kitchen,SKU-0016-01,Medium,1,23.74,0,23.74,106.84,EUR,web
#1292,2025-09-10,paid,fulfilled,Germany,Berlin,Berlin,cust_01005,Bamboo Picture Frame,Decor,Casa Bonita,SKU-0042-02,Natural,2,32.28,0,64.56,106.84,EUR,web
#1112,2025-08-17,paid,fulfilled,Germany,Bayern,Nürnberg,cust_00019,Oak Chef Knife,Kitchen,Aurora Kitchen,SKU-0001-01,,1,24.54,0,24.54,29.69,EUR,web
#3806,2026-06-30,paid,fulfilled,Italy,Lombardia,Milano,cust_00191,Brass Wall Art Print,Decor,Casa Bonita,SKU-0044-01,,1,23.35,0,23.35,28.25,EUR,web
#1023,2025-08-04,paid,fulfilled,Spain,Galicia,Vigo,cust_00983,Terracotta Woven Basket,Decor,Casa Bonita,SKU-0043-01,Natural,1,17.85,2.52,15.33,18.55,EUR,web
#2483,2025-12-28,paid,fulfilled,Spain,País Vasco,San Sebastián,cust_00236,Marble Cutting Board,Kitchen,Aurora Kitchen,SKU-0002-01,Medium,1,13.17,0,13.17,15.94,EUR,web
#1618,2025-10-20,paid,fulfilled,Spain,Cataluña,Barcelona,cust_00325,Brass Ceramic Vase,Decor,Casa Bonita,SKU-0049-01,,1,16.22,1.86,14.36,101.97,EUR,web
#1618,2025-10-20,paid,fulfilled,Spain,Cataluña,Barcelona,cust_00325,Stone Quilted Bedspread,Bedding,Nordic Sleep,SKU-0029-02,,1,33.99,0,33.99,101.97,EUR,web
#1618,2025-10-20,paid,fulfilled,Spain,Cataluña,Barcelona,cust_00325,Bamboo Table Lamp,Lighting,Lumen Co,SKU-0037-03,,1,39.74,3.82,35.92,101.97,EUR,web
#2359,2025-12-19,paid,fulfilled,France,Occitanie,Montpellier,cust_00829,Oak Chef Knife,Kitchen,Aurora Kitchen,SKU-0001-01,Large,1,24.54,0,24.54,82.46,EUR,web
#2359,2025-12-19,paid,fulfilled,France,Occitanie,Montpellier,cust_00829,Brass Candle Holder,Lighting,Lumen Co,SKU-0034-02,,1,43.61,0,43.61,82.46,EUR,web
#3069,2026-03-20,paid,fulfilled,France,Occitanie,Toulouse,cust_00022,Terracotta Woven Basket,Decor,Casa Bonita,SKU-0043-01,,2,17.85,0,35.7,43.2,EUR,web
#3636,2026-06-07,paid,fulfilled,France,Provence,Marseille,cust_00952,Stone Espresso Mug,Kitchen,Aurora Kitchen,SKU-0005-01,,1,17.01,0,17.01,20.58,EUR,web
#1147,2025-08-23,paid,fulfilled,Germany,Hamburg,Hamburg,cust_01155,Stone Espresso Mug,Kitchen,Aurora Kitchen,SKU-0005-01,Small,1,17.01,0,17.01,84.16,EUR,pos
#1147,2025-08-23,paid,fulfilled,Germany,Hamburg,Hamburg,cust_01155,Terracotta Woven Basket,Decor,Casa Bonita,SKU-0043-02,Charcoal,1,17.85,1.63,16.22,84.16,EUR,pos
#1147,2025-08-23,paid,fulfilled,Germany,Hamburg,Hamburg,cust_01155,Walnut Ceramic Bowl Set,Kitchen,Aurora Kitchen,SKU-0003-03,Charcoal,1,44.02,7.7,36.32,84.16,EUR,pos
#2973,2026-03-07,paid,fulfilled,France,Île-de-France,Paris,cust_00687,Brass Wall Art Print,Decor,Casa Bonita,SKU-0044-01,Small,1,23.35,4.48,18.87,41.21,EUR,web
#2973,2026-03-07,paid,fulfilled,France,Île-de-France,Paris,cust_00687,Copper Wall Mirror,Decor,Casa Bonita,SKU-0040-02,Natural,1,15.19,0,15.19,41.21,EUR,web
#2418,2025-12-23,paid,fulfilled,Spain,Cataluña,Girona,cust_00117,Brass Ceramic Vase,Decor,Casa Bonita,SKU-0049-01,,1,16.22,0,16.22,80.28,EUR,web
#2418,2025-12-23,paid,fulfilled,Spain,Cataluña,Girona,cust_00117,Bamboo Picture Frame,Decor,Casa Bonita,SKU-0042-02,Charcoal,1,32.28,0,32.28,80.28,EUR,web
#2418,2025-12-23,paid,fulfilled,Spain,Cataluña,Girona,cust_00117,Terracotta Woven Basket,Decor,Casa Bonita,SKU-0043-03,,1,17.85,0,17.85,80.28,EUR,web
#1495,2025-10-07,paid,fulfilled,Germany,Berlin,Berlin,cust_00841,Stone Quilted Bedspread,Bedding,Nordic Sleep,SKU-0029-01,,1,33.99,0,33.99,41.13,EUR,web
#3079,2026-03-22,paid,fulfilled,Spain,Madrid,Madrid,cust_00026,Ceramic Cast Iron Pan,Kitchen,Aurora Kitchen,SKU-0004-01,Small,1,22.58,0,22.58,27.32,EUR,pos
#2610,2026-01-11,paid,fulfilled,Germany,Bayern,München,cust_00673,Bamboo Picture Frame,Decor,Casa Bonita,SKU-0042-01,,1,32.28,0,32.28,39.06,EUR,pos
#3228,2026-04-15,paid,fulfilled,Spain,Galicia,Vigo,cust_00168,Walnut Mixing Bowl,Kitchen,Aurora Kitchen,SKU-0008-01,Large,1,38.08,0,38.08,73.4,EUR,pos
#3228,2026-04-15,paid,fulfilled,Spain,Galicia,Vigo,cust_00168,Ceramic Cast Iron Pan,Kitchen,Aurora Kitchen,SKU-0004-02,,1,22.58,0,22.58,73.4,EUR,pos
#2141,2025-12-03,paid,fulfilled,Spain,Andalucía,Sevilla,cust_00534,Stone Quilted Bedspread,Bedding,Nordic Sleep,SKU-0029-01,Large,2,33.99,0,67.98,82.26,EUR,web
#1377,2025-09-22,paid,fulfilled,Netherlands,Zuid-Holland,Rotterdam,cust_00281,Oak Linen Duvet,Bedding,Nordic Sleep,SKU-0025-01,Large,1,28.38,0,28.38,34.34,EUR,web
#1217,2025-09-01,paid,fulfilled,France,Occitanie,Montpellier,cust_00652,Terracotta Woven Basket,Decor,Casa Bonita,SKU-0043-01,,1,17.85,0,17.85,62.73,EUR,web
#1217,2025-09-01,paid,fulfilled,France,Occitanie,Montpellier,cust_00652,Stone Quilted Bedspread,Bedding,Nordic Sleep,SKU-0029-02,,1,33.99,0,33.99,62.73,EUR,web
#1848,2025-11-10,paid,fulfilled,France,Occitanie,Toulouse,cust_00732,Ceramic Cast Iron Pan,Kitchen,Aurora Kitchen,SKU-0004-01,Charcoal,3,22.58,0,67.74,131.13,EUR,web
#1848,2025-11-10,paid,fulfilled,France,Occitanie,Toulouse,cust_00732,Copper String Lights,Lighting,Lumen Co,SKU-0035-02,Small,1,40.63,0,40.63,131.13,EUR,web
#3735,2026-06-21,paid,fulfilled,Portugal,Lisboa,Cascais,cust_00708,Brass Candle Holder,Lighting,Lumen Co,SKU-0034-01,Large,1,43.61,0,43.61,52.77,EUR,web
#1594,2025-10-18,paid,fulfilled,Netherlands,Noord-Holland,Amsterdam,cust_01101,Terracotta Woven Basket,Decor,Casa Bonita,SKU-0043-01,,1,17.85,0,17.85,21.6,EUR,web
#2867,2026-02-21,paid,fulfilled,France,Occitanie,Toulouse,cust_00446,Walnut Ceramic Bowl Set,Kitchen,Aurora Kitchen,SKU-0003-01,,1,44.02,0,44.02,115.08,EUR,web
#2867,2026-02-21,paid,fulfilled,France,Occitanie,Toulouse,cust_00446,Oak Vanity Tray,Bath,Pure Bath,SKU-0056-02,,1,24.8,0,24.8,115.08,EUR,web
#2867,2026-02-21,paid,fulfilled,France,Occitanie,Toulouse,cust_00446,Marble Bath Mat,Bath,Pure Bath,SKU-0052-03,Natural,1,31.82,5.53,26.29,115.08,EUR,web
#2582,2026-01-06,paid,fulfilled,Germany,Hamburg,Hamburg,cust_00964,Bamboo Picture Frame,Decor,Casa Bonita,SKU-0042-01,,1,32.28,0,32.28,67.31,EUR,web
#2582,2026-01-06,paid,fulfilled,Germany,Hamburg,Hamburg,cust_00964,Brass Wall Art Print,Decor,Casa Bonita,SKU-0044-02,Natural,1,23.35,0,23.35,67.31,EUR,web
#3506,2026-05-21,paid,fulfilled,Spain,Madrid,Madrid,cust_00789,Ceramic Shower Curtain,Bath,Pure Bath,SKU-0054-01,,1,32.3,0,32.3,112.14,EUR,web
#3506,2026-05-21,paid,fulfilled,Spain,Madrid,Madrid,cust_00789,Stone Serving Platter,Kitchen,Aurora Kitchen,SKU-0010-02,Charcoal,1,28.1,0,28.1,112.14,EUR,web
#3506,2026-05-21,paid,fulfilled,Spain,Madrid,Madrid,cust_00789,Bamboo Picture Frame,Decor,Casa Bonita,SKU-0042-03,Large,1,32.28,0,32.28,112.14,EUR,web
#3930,2026-07-20,paid,fulfilled,Spain,Cataluña,Barcelona,cust_00440,Oak Chef Knife,Kitchen,Aurora Kitchen,SKU-0001-01,,1,24.54,0,24.54,130.91,EUR,web
#3930,2026-07-20,paid,fulfilled,Spain,Cataluña,Barcelona,cust_00440,Marble Bath Mat,Bath,Pure Bath,SKU-0052-02,,3,31.82,11.81,83.65,130.91,EUR,web
#3550,2026-05-27,paid,fulfilled,Germany,Hamburg,Hamburg,cust_00167,Brass Candle Holder,Lighting,Lumen Co,SKU-0034-01,,2,43.61,0,87.22,222.79,EUR,web
#3550,2026-05-27,paid,fulfilled,Germany,Hamburg,Hamburg,cust_00167,Ceramic Shower Curtain,Bath,Pure Bath,SKU-0054-02,,3,32.3,0,96.9,222.79,EUR,web
#2709,2026-01-26,paid,fulfilled,Germany,Bayern,München,cust_00544,Stone Robe,Bath,Pure Bath,SKU-0055-01,,1,27.66,0,27.66,33.47,EUR,web
#1284,2025-09-09,paid,fulfilled,Germany,Hamburg,Hamburg,cust_00822,Ceramic Cast Iron Pan,Kitchen,Aurora Kitchen,SKU-0004-01,,1,22.58,0,22.58,92.18,EUR,web
#1284,2025-09-09,paid,fulfilled,Germany,Hamburg,Hamburg,cust_00822,Marble Bath Mat,Bath,Pure Bath,SKU-0052-02,,2,31.82,10.04,53.6,92.18,EUR,web
#3710,2026-06-18,paid,fulfilled,Spain,Cataluña,Barcelona,cust_00068,Ceramic Shower Curtain,Bath,Pure Bath,SKU-0054-01,Natural,1,32.3,0,32.3,39.08,EUR,pos
#1565,2025-10-16,paid,fulfilled,Spain,Galicia,Vigo,cust_00319,Marble Bath Towel Set,Bath,Pure Bath,SKU-0057-01,,2,25.7,7.63,43.77,52.96,EUR,web
#3669,2026-06-12,paid,fulfilled,Germany,Hamburg,Hamburg,cust_00406,Marble Quilted Bedspread,Bedding,Nordic Sleep,SKU-0021-01,,1,63.83,0,63.83,77.23,EUR,web
#2103,2025-12-01,paid,fulfilled,France,Provence,Marseille,cust_01176,Stone Quilted Bedspread,Bedding,Nordic Sleep,SKU-0029-01,Medium,1,33.99,0,33.99,41.13,EUR,web
#3125,2026-03-31,paid,fulfilled,France,Île-de-France,Paris,cust_00347,Bamboo Picture Frame,Decor,Casa Bonita,SKU-0042-01,Small,1,32.28,5.47,26.81,32.44,EUR,mobile
#3237,2026-04-16,paid,fulfilled,Spain,Madrid,Madrid,cust_00963,Stone Quilted Bedspread,Bedding,Nordic Sleep,SKU-0029-01,Natural,1,33.99,0,33.99,87.69,EUR,web
#3237,2026-04-16,paid,fulfilled,Spain,Madrid,Madrid,cust_00963,Terracotta Pendant Light,Lighting,Lumen Co,SKU-0038-02,,1,38.48,0,38.48,87.69,EUR,web
#2387,2025-12-21,paid,fulfilled,Portugal,Porto,Braga,cust_00434,Marble Cutting Board,Kitchen,Aurora Kitchen,SKU-0002-01,,1,13.17,0,13.17,15.94,EUR,web
#1818,2025-11-08,paid,fulfilled,France,Occitanie,Toulouse,cust_00200,Bamboo Bookend Pair,Decor,Casa Bonita,SKU-0047-01,,2,14.92,0,29.84,103.93,EUR,web
#1818,2025-11-08,paid,fulfilled,France,Occitanie,Toulouse,cust_00200,Marble Bath Towel Set,Bath,Pure Bath,SKU-0057-02,,1,25.7,0,25.7,103.93,EUR,web
#1818,2025-11-08,paid,fulfilled,France,Occitanie,Toulouse,cust_00200,Linen Reading Light,Lighting,Lumen Co,SKU-0036-03,,1,30.35,0,30.35,103.93,EUR,web
#1434,2025-09-30,paid,fulfilled,Spain,Valencia,Alicante,cust_01135,Marble Cutting Board,Kitchen,Aurora Kitchen,SKU-0002-01,,1,13.17,0,13.17,30.44,EUR,web
#1434,2025-09-30,paid,fulfilled,Spain,Valencia,Alicante,cust_01135,Bamboo Bookend Pair,Decor,Casa Bonita,SKU-0047-02,,1,14.92,2.93,11.99,30.44,EUR,web
#1244,2025-09-05,paid,fulfilled,Spain,Madrid,Madrid,cust_00772,Ceramic Cast Iron Pan,Kitchen,Aurora Kitchen,SKU-0004-01,,1,22.58,0,22.58,27.32,EUR,web
#2102,2025-12-01,paid,fulfilled,Spain,Valencia,Alicante,cust_00984,Stone Quilted Bedspread,Bedding,Nordic Sleep,SKU-0029-01,Charcoal,1,33.99,0,33.99,77.95,EUR,mobile
#2102,2025-12-01,paid,fulfilled,Spain,Valencia,Alicante,cust_00984,Bamboo Picture Frame,Decor,Casa Bonita,SKU-0042-02,,1,32.28,1.85,30.43,77.95,EUR,mobile
#2097,2025-12-01,paid,fulfilled,France,Occitanie,Toulouse,cust_00703,Walnut Wool Throw,Bedding,Nordic Sleep,SKU-0027-01,,1,63.89,10.92,52.97,64.09,EUR,web
#2308,2025-12-15,paid,fulfilled,France,Provence,Marseille,cust_00504,Ceramic Cast Iron Pan,Kitchen,Aurora Kitchen,SKU-0004-01,Small,1,22.58,0,22.58,27.32,EUR,web
#2598,2026-01-08,paid,fulfilled,France,Île-de-France,Versailles,cust_00389,Ceramic Cast Iron Pan,Kitchen,Aurora Kitchen,SKU-0004-01,,1,22.58,0,22.58,27.32,EUR,web
#1564,2025-10-16,partially_refunded,fulfilled,Germany,Berlin,Berlin,cust_01160,Brass Ceramic Vase,Decor,Casa Bonita,SKU-0049-01,,1,16.22,0,16.22,19.63,EUR,web
#1957,2025-11-19,paid,fulfilled,Portugal,Porto,Porto,cust_00403,Marble Bath Towel Set,Bath,Pure Bath,SKU-0057-01,Small,1,25.7,0,25.7,61,EUR,web
#1957,2025-11-19,paid,fulfilled,Portugal,Porto,Porto,cust_00403,Linen Reading Light,Lighting,Lumen Co,SKU-0036-02,Charcoal,1,30.35,5.64,24.71,61,EUR,web
#2217,2025-12-08,paid,fulfilled,Spain,Galicia,A Coruña,cust_00804,Stone Serving Platter,Kitchen,Aurora Kitchen,SKU-0010-01,,1,28.1,0,28.1,72.5,EUR,web
#2217,2025-12-08,paid,fulfilled,Spain,Galicia,A Coruña,cust_00804,Marble Bath Mat,Bath,Pure Bath,SKU-0052-02,,1,31.82,0,31.82,72.5,EUR,web
#3793,2026-06-28,paid,fulfilled,Italy,Lombardia,Bergamo,cust_00856,Linen Table Runner,Decor,Casa Bonita,SKU-0046-01,,1,22.74,0,22.74,125.25,EUR,web
#3793,2026-06-28,paid,fulfilled,Italy,Lombardia,Bergamo,cust_00856,Stone Quilted Bedspread,Bedding,Nordic Sleep,SKU-0029-02,,1,33.99,0,33.99,125.25,EUR,web
#3793,2026-06-28,paid,fulfilled,Italy,Lombardia,Bergamo,cust_00856,Terracotta Outdoor Cushion,Outdoor,Terra Garden,SKU-0060-03,,2,23.39,0,46.78,125.25,EUR,web
#2850,2026-02-19,paid,fulfilled,Netherlands,Noord-Holland,Haarlem,cust_00656,Stone Quilted Bedspread,Bedding,Nordic Sleep,SKU-0029-01,,2,33.99,0,67.98,82.26,EUR,web
#1501,2025-10-08,paid,fulfilled,Spain,Madrid,Madrid,cust_00051,Bamboo Bookend Pair,Decor,Casa Bonita,SKU-0047-01,Small,1,14.92,2.82,12.1,14.64,EUR,web
#3068,2026-03-20,paid,fulfilled,Portugal,Porto,Braga,cust_01100,Stone Espresso Mug,Kitchen,Aurora Kitchen,SKU-0005-01,,1,17.01,0,17.01,119.92,EUR,mobile
#3068,2026-03-20,paid,fulfilled,Portugal,Porto,Braga,cust_01100,Walnut Mixing Bowl,Kitchen,Aurora Kitchen,SKU-0008-02,,1,38.08,0,38.08,119.92,EUR,mobile
#3068,2026-03-20,paid,fulfilled,Portugal,Porto,Braga,cust_01100,Walnut Ceramic Bowl Set,Kitchen,Aurora Kitchen,SKU-0003-03,Medium,1,44.02,0,44.02,119.92,EUR,mobile
#3820,2026-07-02,partially_refunded,unfulfilled,France,Occitanie,Montpellier,cust_01009,Marble Cutting Board,Kitchen,Aurora Kitchen,SKU-0002-01,,1,13.17,0,13.17,229.13,EUR,web
#3820,2026-07-02,partially_refunded,unfulfilled,France,Occitanie,Montpellier,cust_01009,Oak Linen Duvet,Bedding,Nordic Sleep,SKU-0025-02,,3,28.38,0,85.14,229.13,EUR,web
#3820,2026-07-02,partially_refunded,unfulfilled,France,Occitanie,Montpellier,cust_01009,Linen Reading Light,Lighting,Lumen Co,SKU-0036-03,,3,30.35,0,91.05,229.13,EUR,web
#3790,2026-06-28,paid,fulfilled,Spain,Cataluña,Girona,cust_00391,Bamboo Picture Frame,Decor,Casa Bonita,SKU-0042-01,,2,32.28,0,64.56,78.12,EUR,web
#3411,2026-05-09,paid,fulfilled,Spain,Valencia,Alicante,cust_00966,Marble Bath Towel Set,Bath,Pure Bath,SKU-0057-01,Small,1,25.7,1.87,23.83,92.23,EUR,web
#3411,2026-05-09,paid,fulfilled,Spain,Valencia,Alicante,cust_00966,Oak Chef Knife,Kitchen,Aurora Kitchen,SKU-0001-02,Charcoal,1,24.54,4.43,20.11,92.23,EUR,web
#3411,2026-05-09,paid,fulfilled,Spain,Valencia,Alicante,cust_00966,Bamboo Picture Frame,Decor,Casa Bonita,SKU-0042-03,,1,32.28,0,32.28,92.23,EUR,web
#1466,2025-10-04,paid,fulfilled,France,Occitanie,Toulouse,cust_00022,Stone Wool Throw,Bedding,Nordic Sleep,SKU-0019-01,,1,39.48,6.54,32.94,157.12,EUR,web
#1466,2025-10-04,paid,fulfilled,France,Occitanie,Toulouse,cust_00022,Terracotta Woven Basket,Decor,Casa Bonita,SKU-0043-02,Medium,2,17.85,0,35.7,157.12,EUR,web
#1466,2025-10-04,paid,fulfilled,France,Occitanie,Toulouse,cust_00022,Copper Picture Frame,Decor,Casa Bonita,SKU-0050-03,Medium,1,17.19,0,17.19,157.12,EUR,web
#1466,2025-10-04,paid,fulfilled,France,Occitanie,Toulouse,cust_00022,Walnut Ceramic Bowl Set,Kitchen,Aurora Kitchen,SKU-0003-04,,1,44.02,0,44.02,157.12,EUR,web
#3799,2026-06-29,paid,fulfilled,Italy,Lazio,Roma,cust_00080,Terracotta Outdoor Cushion,Outdoor,Terra Garden,SKU-0060-01,,2,23.39,0,46.78,56.6,EUR,web
#1429,2025-09-29,paid,fulfilled,Spain,Valencia,Alicante,cust_00731,Terracotta Woven Basket,Decor,Casa Bonita,SKU-0043-01,,1,17.85,0,17.85,21.6,EUR,web
#1404,2025-09-26,paid,fulfilled,France,Provence,Marseille,cust_00616,Stone Robe,Bath,Pure Bath,SKU-0055-01,,1,27.66,0,27.66,60.79,EUR,web
#1404,2025-09-26,paid,fulfilled,France,Provence,Marseille,cust_00616,Ceramic Cast Iron Pan,Kitchen,Aurora Kitchen,SKU-0004-02,Charcoal,1,22.58,0,22.58,60.79,EUR,web
#3020,2026-03-14,paid,fulfilled,Portugal,Lisboa,Lisboa,cust_00991,Brass Wall Art Print,Decor,Casa Bonita,SKU-0044-01,,1,23.35,0,23.35,28.25,EUR,web
#2846,2026-02-19,paid,fulfilled,France,Île-de-France,Versailles,cust_00379,Terracotta Woven Basket,Decor,Casa Bonita,SKU-0043-01,,2,17.85,0,35.7,192.74,EUR,web
#2846,2026-02-19,paid,fulfilled,France,Île-de-France,Versailles,cust_00379,Terracotta Outdoor Cushion,Outdoor,Terra Garden,SKU-0060-02,,2,23.39,0,46.78,192.74,EUR,web
#2846,2026-02-19,paid,fulfilled,France,Île-de-France,Versailles,cust_00379,Marble Cutting Board,Kitchen,Aurora Kitchen,SKU-0002-03,,1,13.17,0,13.17,192.74,EUR,web
#2846,2026-02-19,paid,fulfilled,France,Île-de-France,Versailles,cust_00379,Marble Bath Mat,Bath,Pure Bath,SKU-0052-04,Natural,2,31.82,0,63.64,192.74,EUR,web
#2206,2025-12-08,refunded,fulfilled,Netherlands,Zuid-Holland,Rotterdam,cust_00368,Bamboo Bookend Pair,Decor,Casa Bonita,SKU-0047-01,,1,14.92,0,14.92,18.05,EUR,web
#2734,2026-01-29,paid,fulfilled,Spain,Valencia,Valencia,cust_00353,Linen Ceramic Vase,Decor,Casa Bonita,SKU-0041-01,Small,1,37.99,0,37.99,69.07,EUR,web
#2734,2026-01-29,paid,fulfilled,Spain,Valencia,Valencia,cust_00353,Ceramic Weighted Blanket,Bedding,Nordic Sleep,SKU-0023-02,,1,19.09,0,19.09,69.07,EUR,web
#3852,2026-07-07,paid,fulfilled,Spain,Andalucía,Sevilla,cust_01061,Bamboo Table Lamp,Lighting,Lumen Co,SKU-0037-01,,2,39.74,0,79.48,96.17,EUR,web
#3883,2026-07-12,paid,partial,France,Occitanie,Montpellier,cust_00450,Stone Quilted Bedspread,Bedding,Nordic Sleep,SKU-0029-01,,2,33.99,0,67.98,121.8,EUR,web
#3883,2026-07-12,paid,partial,France,Occitanie,Montpellier,cust_00450,Linen Planter Pot,Outdoor,Terra Garden,SKU-0058-02,Large,1,32.68,0,32.68,121.8,EUR,web
#1183,2025-08-28,paid,fulfilled,Spain,Andalucía,Málaga,cust_00552,Bamboo Picture Frame,Decor,Casa Bonita,SKU-0042-01,Large,3,32.28,0,96.84,191.77,EUR,web
#1183,2025-08-28,paid,fulfilled,Spain,Andalucía,Málaga,cust_00552,Stone Robe,Bath,Pure Bath,SKU-0055-02,Charcoal,1,27.66,0,27.66,191.77,EUR,web
#1183,2025-08-28,paid,fulfilled,Spain,Andalucía,Málaga,cust_00552,Stone Quilted Bedspread,Bedding,Nordic Sleep,SKU-0029-03,,1,33.99,0,33.99,191.77,EUR,web
#3422,2026-05-11,paid,fulfilled,France,Provence,Marseille,cust_00444,Marble Bath Towel Set,Bath,Pure Bath,SKU-0057-01,,1,25.7,5.1,20.6,24.93,EUR,mobile
#1457,2025-10-03,paid,fulfilled,Spain,Galicia,A Coruña,cust_00664,Brass Wall Art Print,Decor,Casa Bonita,SKU-0044-01,Charcoal,4,23.35,0,93.4,227.41,EUR,web
#1457,2025-10-03,paid,fulfilled,Spain,Galicia,A Coruña,cust_00664,Bamboo Picture Frame,Decor,Casa Bonita,SKU-0042-02,,3,32.28,17.94,78.9,227.41,EUR,web
#1457,2025-10-03,paid,fulfilled,Spain,Galicia,A Coruña,cust_00664,Stone Espresso Mug,Kitchen,Aurora Kitchen,SKU-0005-03,,1,17.01,1.37,15.64,227.41,EUR,web
#2752,2026-02-02,paid,fulfilled,France,Occitanie,Montpellier,cust_00652,Bamboo Garden Lantern,Outdoor,Terra Garden,SKU-0059-01,,4,40.04,0,160.16,193.79,EUR,web
#1810,2025-11-08,paid,fulfilled,France,Provence,Nice,cust_00808,Marble Bath Towel Set,Bath,Pure Bath,SKU-0057-01,,1,25.7,0,25.7,77.17,EUR,web
#1810,2025-11-08,paid,fulfilled,France,Provence,Nice,cust_00808,Walnut Mixing Bowl,Kitchen,Aurora Kitchen,SKU-0008-02,,1,38.08,0,38.08,77.17,EUR,web
#3969,2026-07-26,paid,fulfilled,France,Occitanie,Toulouse,cust_00262,Marble Bath Towel Set,Bath,Pure Bath,SKU-0057-01,,2,25.7,6.99,44.41,53.74,EUR,web
#1948,2025-11-18,paid,fulfilled,Italy,Lombardia,Milano,cust_00231,Ceramic Cast Iron Pan,Kitchen,Aurora Kitchen,SKU-0004-01,,1,22.58,0,22.58,75.13,EUR,web
#1948,2025-11-18,paid,fulfilled,Italy,Lombardia,Milano,cust_00231,Marble Cutting Board,Kitchen,Aurora Kitchen,SKU-0002-02,,3,13.17,0,39.51,75.13,EUR,web
#2034,2025-11-25,paid,fulfilled,Spain,Galicia,Vigo,cust_00319,Marble Bath Towel Set,Bath,Pure Bath,SKU-0057-01,Charcoal,1,25.7,1.47,24.23,163.63,EUR,pos
#2034,2025-11-25,paid,fulfilled,Spain,Galicia,Vigo,cust_00319,Bamboo Bookend Pair,Decor,Casa Bonita,SKU-0047-02,Medium,1,14.92,0,14.92,163.63,EUR,pos
#2034,2025-11-25,paid,fulfilled,Spain,Galicia,Vigo,cust_00319,Stone Quilted Bedspread,Bedding,Nordic Sleep,SKU-0029-03,,2,33.99,0,67.98,163.63,EUR,pos
#2034,2025-11-25,paid,fulfilled,Spain,Galicia,Vigo,cust_00319,Stone Serving Platter,Kitchen,Aurora Kitchen,SKU-0010-04,,1,28.1,0,28.1,163.63,EUR,pos
#1943,2025-11-17,paid,fulfilled,Italy,Lombardia,Bergamo,cust_00914,Brass Candle Holder,Lighting,Lumen Co,SKU-0034-01,Charcoal,1,43.61,0,43.61,70.48,EUR,web
#1943,2025-11-17,paid,fulfilled,Italy,Lombardia,Bergamo,cust_00914,Stone Espresso Mug,Kitchen,Aurora Kitchen,SKU-0005-02,,1,17.01,2.37,14.64,70.48,EUR,web
#2424,2025-12-23,paid,fulfilled,Italy,Lombardia,Milano,cust_00646,Bamboo Picture Frame,Decor,Casa Bonita,SKU-0042-01,,2,32.28,0,64.56,78.12,EUR,web
#2227,2025-12-09,paid,fulfilled,France,Île-de-France,Versailles,cust_00304,Marble Bath Mat,Bath,Pure Bath,SKU-0052-01,,1,31.82,0,31.82,38.5,EUR,web
#1692,2025-10-27,paid,fulfilled,Germany,Berlin,Berlin,cust_00264,Walnut Ceramic Bowl Set,Kitchen,Aurora Kitchen,SKU-0003-01,,1,44.02,0,44.02,53.26,EUR,mobile
#2101,2025-12-01,paid,fulfilled,Spain,Madrid,Alcalá de Henares,cust_00727,Oak Storage Jar,Kitchen,Aurora Kitchen,SKU-0006-01,Medium,1,27.52,0,27.52,33.3,EUR,web
#1279,2025-09-09,paid,fulfilled,Germany,Berlin,Berlin,cust_00556,Stone Quilted Bedspread,Bedding,Nordic Sleep,SKU-0029-01,Natural,1,33.99,0,33.99,41.13,EUR,web
#2129,2025-12-02,paid,fulfilled,Italy,Lombardia,Bergamo,cust_00776,Oak Chef Knife,Kitchen,Aurora Kitchen,SKU-0001-01,,2,24.54,0,49.08,59.39,EUR,web
#1654,2025-10-23,paid,fulfilled,Spain,Galicia,A Coruña,cust_01124,Stone Espresso Mug,Kitchen,Aurora Kitchen,SKU-0015-01,Large,3,20.8,0,62.4,122.05,EUR,pos
#1654,2025-10-23,paid,fulfilled,Spain,Galicia,A Coruña,cust_01124,Oak Chef Knife,Kitchen,Aurora Kitchen,SKU-0001-02,,1,24.54,0,24.54,122.05,EUR,pos
#1654,2025-10-23,paid,fulfilled,Spain,Galicia,A Coruña,cust_01124,Ceramic Tea Kettle,Kitchen,Aurora Kitchen,SKU-0009-03,,1,13.93,0,13.93,122.05,EUR,pos
#3934,2026-07-20,refunded,unfulfilled,Spain,Madrid,Alcalá de Henares,cust_00243,Walnut Linen Duvet,Bedding,Nordic Sleep,SKU-0017-01,Large,1,44.07,0,44.07,53.32,EUR,web
#3931,2026-07-20,paid,fulfilled,Netherlands,Noord-Holland,Amsterdam,cust_00464,Stone Quilted Bedspread,Bedding,Nordic Sleep,SKU-0029-01,Charcoal,1,33.99,0,33.99,41.13,EUR,web
#3162,2026-04-05,refunded,fulfilled,Spain,Valencia,Valencia,cust_01115,Ceramic Cast Iron Pan,Kitchen,Aurora Kitchen,SKU-0004-01,,1,22.58,1.19,21.39,25.88,EUR,mobile
#3936,2026-07-20,paid,partial,France,Île-de-France,Paris,cust_00378,Bamboo Picture Frame,Decor,Casa Bonita,SKU-0042-01,,1,32.28,5.51,26.77,159.71,EUR,web
#3936,2026-07-20,paid,partial,France,Île-de-France,Paris,cust_00378,Brass Wall Art Print,Decor,Casa Bonita,SKU-0044-02,,4,23.35,0,93.4,159.71,EUR,web
#3936,2026-07-20,paid,partial,France,Île-de-France,Paris,cust_00378,Marble Cutting Board,Kitchen,Aurora Kitchen,SKU-0002-03,,1,13.17,1.35,11.82,159.71,EUR,web
#3747,2026-06-22,paid,fulfilled,Spain,Galicia,A Coruña,cust_01070,Brass Ceramic Vase,Decor,Casa Bonita,SKU-0049-01,Medium,4,16.22,11.81,53.07,64.21,EUR,web
#3081,2026-03-22,paid,fulfilled,France,Occitanie,Toulouse,cust_00122,Terracotta Pendant Light,Lighting,Lumen Co,SKU-0038-01,Large,2,38.48,0,76.96,93.12,EUR,web
#3427,2026-05-12,partially_refunded,fulfilled,Spain,Cataluña,Barcelona,cust_00764,Linen Reading Light,Lighting,Lumen Co,SKU-0036-01,,1,30.35,1.68,28.67,34.69,EUR,web
#3372,2026-05-04,paid,fulfilled,Spain,Galicia,A Coruña,cust_00066,Brass Wall Art Print,Decor,Casa Bonita,SKU-0044-01,,1,23.35,0,23.35,28.25,EUR,web
#3654,2026-06-10,paid,fulfilled,Portugal,Lisboa,Cascais,cust_00738,Brass Wall Art Print,Decor,Casa Bonita,SKU-0044-01,,1,23.35,0,23.35,52.9,EUR,web
#3654,2026-06-10,paid,fulfilled,Portugal,Lisboa,Cascais,cust_00738,Ceramic Cast Iron Pan,Kitchen,Aurora Kitchen,SKU-0004-02,,1,22.58,2.21,20.37,52.9,EUR,web
#3988,2026-07-29,paid,partial,Spain,Valencia,Alicante,cust_00294,Walnut Ceramic Bowl Set,Kitchen,Aurora Kitchen,SKU-0003-01,,1,44.02,0,44.02,53.26,EUR,web
#3871,2026-07-10,paid,unfulfilled,Germany,Hamburg,Hamburg,cust_00039,Marble Cutting Board,Kitchen,Aurora Kitchen,SKU-0002-01,,1,13.17,0,13.17,15.94,EUR,web
#1371,2025-09-21,paid,fulfilled,Germany,Bayern,München,cust_00094,Brass Wall Art Print,Decor,Casa Bonita,SKU-0044-01,,1,23.35,2.34,21.01,25.42,EUR,web
#2771,2026-02-05,paid,fulfilled,Netherlands,Noord-Holland,Amsterdam,cust_00749,Bamboo Table Lamp,Lighting,Lumen Co,SKU-0037-01,Medium,1,39.74,0,39.74,75.41,EUR,web
#2771,2026-02-05,paid,fulfilled,Netherlands,Noord-Holland,Amsterdam,cust_00749,Ceramic Cast Iron Pan,Kitchen,Aurora Kitchen,SKU-0004-02,,1,22.58,0,22.58,75.41,EUR,web
#2946,2026-03-04,paid,fulfilled,Spain,Cataluña,Barcelona,cust_00103,Bamboo Garden Lantern,Outdoor,Terra Garden,SKU-0059-01,,2,40.04,6.95,73.13,88.49,EUR,web
#1379,2025-09-22,paid,fulfilled,Spain,País Vasco,San Sebastián,cust_00354,Marble Cutting Board,Kitchen,Aurora Kitchen,SKU-0012-01,Charcoal,1,15.09,0.84,14.25,17.24,EUR,web
#2381,2025-12-20,paid,fulfilled,Germany,Berlin,Berlin,cust_01027,Oak Chef Knife,Kitchen,Aurora Kitchen,SKU-0001-01,,2,24.54,0,49.08,59.39,EUR,web
#3111,2026-03-28,paid,fulfilled,Spain,Galicia,Vigo,cust_00617,Bamboo Picture Frame,Decor,Casa Bonita,SKU-0042-01,,2,32.28,0,64.56,125.89,EUR,web
#3111,2026-03-28,paid,fulfilled,Spain,Galicia,Vigo,cust_00617,Stone Wool Throw,Bedding,Nordic Sleep,SKU-0019-02,,1,39.48,0,39.48,125.89,EUR,web
#1854,2025-11-10,paid,fulfilled,Portugal,Lisboa,Cascais,cust_00006,Marble Bath Towel Set,Bath,Pure Bath,SKU-0057-01,,1,25.7,0,25.7,31.1,EUR,web
#2796,2026-02-10,paid,fulfilled,France,Occitanie,Toulouse,cust_00703,Ceramic Pillow Case Pair,Bedding,Nordic Sleep,SKU-0028-01,Small,1,43.58,0,43.58,52.73,EUR,web
#3907,2026-07-15,paid,fulfilled,Netherlands,Noord-Holland,Haarlem,cust_00448,Bamboo Bookend Pair,Decor,Casa Bonita,SKU-0047-01,,1,14.92,0,14.92,18.05,EUR,web
#2834,2026-02-16,paid,fulfilled,Spain,Valencia,Alicante,cust_00873,Bamboo Table Lamp,Lighting,Lumen Co,SKU-0037-01,,1,39.74,0,39.74,48.09,EUR,web
#3652,2026-06-10,paid,fulfilled,Spain,Cataluña,Girona,cust_01194,Stone Quilted Bedspread,Bedding,Nordic Sleep,SKU-0029-01,,1,33.99,0,33.99,41.13,EUR,mobile
#2397,2025-12-21,paid,fulfilled,Portugal,Porto,Braga,cust_00623,Stone Robe,Bath,Pure Bath,SKU-0055-01,Medium,1,27.66,1.5,26.16,77.62,EUR,web
#2397,2025-12-21,paid,fulfilled,Portugal,Porto,Braga,cust_00623,Linen Ceramic Vase,Decor,Casa Bonita,SKU-0041-02,,1,37.99,0,37.99,77.62,EUR,web
#3809,2026-06-30,paid,fulfilled,France,Provence,Marseille,cust_00504,Brass Ceramic Vase,Decor,Casa Bonita,SKU-0049-01,,1,16.22,1.73,14.49,17.53,EUR,web
#3681,2026-06-14,paid,fulfilled,Netherlands,Zuid-Holland,Rotterdam,cust_00888,Brass Floor Lamp,Lighting,Lumen Co,SKU-0039-01,,1,57.5,3.48,54.02,150.12,EUR,web
#3681,2026-06-14,paid,fulfilled,Netherlands,Zuid-Holland,Rotterdam,cust_00888,Brass Wall Art Print,Decor,Casa Bonita,SKU-0044-02,Medium,3,23.35,0,70.05,150.12,EUR,web
#3633,2026-06-07,paid,fulfilled,Spain,Andalucía,Sevilla,cust_00257,Stone Serving Platter,Kitchen,Aurora Kitchen,SKU-0010-01,Small,1,28.1,0,28.1,34,EUR,web
#2990,2026-03-09,paid,fulfilled,Spain,Madrid,Alcalá de Henares,cust_00735,Brass Ceramic Vase,Decor,Casa Bonita,SKU-0049-01,Medium,1,16.22,0,16.22,19.63,EUR,web
#3203,2026-04-11,paid,fulfilled,Germany,Bayern,München,cust_00544,Terracotta Pendant Light,Lighting,Lumen Co,SKU-0038-01,,1,38.48,4.65,33.83,132.52,EUR,web
#3203,2026-04-11,paid,fulfilled,Germany,Bayern,München,cust_00544,Ceramic Cast Iron Pan,Kitchen,Aurora Kitchen,SKU-0004-02,,2,22.58,0,45.16,132.52,EUR,web
#3203,2026-04-11,paid,fulfilled,Germany,Bayern,München,cust_00544,Bamboo Picture Frame,Decor,Casa Bonita,SKU-0042-03,Medium,1,32.28,1.75,30.53,132.52,EUR,web
#2968,2026-03-06,paid,fulfilled,Portugal,Porto,Braga,cust_00709,Brass Wall Art Print,Decor,Casa Bonita,SKU-0044-01,,2,23.35,0,46.7,56.51,EUR,web
#3349,2026-05-02,paid,fulfilled,Portugal,Porto,Braga,cust_00878,Brass Wall Art Print,Decor,Casa Bonita,SKU-0044-01,,4,23.35,0,93.4,169.62,EUR,web
#3349,2026-05-02,paid,fulfilled,Portugal,Porto,Braga,cust_00878,Terracotta Outdoor Cushion,Outdoor,Terra Garden,SKU-0060-02,Large,2,23.39,0,46.78,169.62,EUR,web
#1858,2025-11-11,paid,fulfilled,Netherlands,Noord-Holland,Haarlem,cust_00904,Walnut Mattress Topper,Bedding,Nordic Sleep,SKU-0022-01,,1,62.76,9.32,53.44,64.66,EUR,web
#2223,2025-12-09,paid,fulfilled,France,Occitanie,Montpellier,cust_00576,Walnut Wool Throw,Bedding,Nordic Sleep,SKU-0027-01,,1,63.89,0,63.89,187.21,EUR,web
#2223,2025-12-09,paid,fulfilled,France,Occitanie,Montpellier,cust_00576,Oak Linen Duvet,Bedding,Nordic Sleep,SKU-0025-02,,2,28.38,0,56.76,187.21,EUR,web
#2223,2025-12-09,paid,fulfilled,France,Occitanie,Montpellier,cust_00576,Brass Ceramic Vase,Decor,Casa Bonita,SKU-0049-03,,1,16.22,0,16.22,187.21,EUR,web
#2223,2025-12-09,paid,fulfilled,France,Occitanie,Montpellier,cust_00576,Terracotta Woven Basket,Decor,Casa Bonita,SKU-0043-04,,1,17.85,0,17.85,187.21,EUR,web
#1428,2025-09-29,paid,fulfilled,Spain,Madrid,Alcalá de Henares,cust_00240,Stone Quilted Bedspread,Bedding,Nordic Sleep,SKU-0029-01,,1,33.99,4.25,29.74,78.78,EUR,web
#1428,2025-09-29,paid,fulfilled,Spain,Madrid,Alcalá de Henares,cust_00240,Bamboo Table Lamp,Lighting,Lumen Co,SKU-0037-02,,1,39.74,4.37,35.37,78.78,EUR,web
#2337,2025-12-17,partially_refunded,fulfilled,Spain,Andalucía,Málaga,cust_00033,Stone Quilted Bedspread,Bedding,Nordic Sleep,SKU-0029-01,,2,33.99,0,67.98,82.26,EUR,web
#2980,2026-03-08,paid,fulfilled,Spain,Andalucía,Sevilla,cust_00942,Marble Cutting Board,Kitchen,Aurora Kitchen,SKU-0002-01,Large,1,13.17,0,13.17,65.12,EUR,web
#2980,2026-03-08,paid,fulfilled,Spain,Andalucía,Sevilla,cust_00942,Brass Wall Art Print,Decor,Casa Bonita,SKU-0044-02,Small,2,23.35,6.05,40.65,65.12,EUR,web
#1610,2025-10-19,paid,fulfilled,France,Occitanie,Toulouse,cust_00181,Copper Scented Candle,Decor,Casa Bonita,SKU-0045-01,,1,8.24,0,8.24,51.45,EUR,web
#1610,2025-10-19,paid,fulfilled,France,Occitanie,Toulouse,cust_00181,Marble Utensil Holder,Kitchen,Aurora Kitchen,SKU-0007-02,Charcoal,2,17.14,0,34.28,51.45,EUR,web
#3101,2026-03-26,paid,fulfilled,Spain,Madrid,Alcalá de Henares,cust_00792,Oak Chef Knife,Kitchen,Aurora Kitchen,SKU-0001-01,,1,24.54,2.15,22.39,27.09,EUR,web
#2966,2026-03-06,paid,fulfilled,Spain,Valencia,Alicante,cust_00170,Walnut Linen Duvet,Bedding,Nordic Sleep,SKU-0017-01,Medium,1,44.07,0,44.07,128.19,EUR,web
#2966,2026-03-06,paid,fulfilled,Spain,Valencia,Alicante,cust_00170,Terracotta Pendant Light,Lighting,Lumen Co,SKU-0038-02,,1,38.48,0,38.48,128.19,EUR,web
#2966,2026-03-06,paid,fulfilled,Spain,Valencia,Alicante,cust_00170,Terracotta Outdoor Cushion,Outdoor,Terra Garden,SKU-0060-03,,1,23.39,0,23.39,128.19,EUR,web
#1696,2025-10-28,paid,fulfilled,Germany,Hamburg,Hamburg,cust_01138,Oak Chef Knife,Kitchen,Aurora Kitchen,SKU-0001-01,,2,24.54,0,49.08,59.39,EUR,web
#2105,2025-12-01,paid,fulfilled,Spain,Galicia,Vigo,cust_00214,Terracotta Outdoor Cushion,Outdoor,Terra Garden,SKU-0060-01,,1,23.39,0,23.39,28.3,EUR,web
#1913,2025-11-15,partially_refunded,fulfilled,France,Provence,Marseille,cust_00752,Marble Bath Towel Set,Bath,Pure Bath,SKU-0057-01,Natural,1,25.7,0,25.7,31.1,EUR,web
#3196,2026-04-09,paid,fulfilled,Germany,Bayern,München,cust_00673,Brass Ceramic Vase,Decor,Casa Bonita,SKU-0049-01,,1,16.22,0,16.22,41.22,EUR,web
#3196,2026-04-09,paid,fulfilled,Germany,Bayern,München,cust_00673,Terracotta Woven Basket,Decor,Casa Bonita,SKU-0043-02,Medium,1,17.85,0,17.85,41.22,EUR,web
#1852,2025-11-10,paid,fulfilled,Germany,Bayern,Nürnberg,cust_00019,Oak Storage Jar,Kitchen,Aurora Kitchen,SKU-0016-01,,1,23.74,0,23.74,28.73,EUR,web
#1823,2025-11-08,paid,fulfilled,Spain,Andalucía,Sevilla,cust_00689,Marble Cutting Board,Kitchen,Aurora Kitchen,SKU-0002-01,Medium,2,13.17,0,26.34,59.31,EUR,pos
#1823,2025-11-08,paid,fulfilled,Spain,Andalucía,Sevilla,cust_00689,Marble Bath Towel Set,Bath,Pure Bath,SKU-0057-02,Medium,1,25.7,3.02,22.68,59.31,EUR,pos
#2510,2025-12-30,paid,fulfilled,Germany,Bayern,Nürnberg,cust_00872,Marble Bath Towel Set,Bath,Pure Bath,SKU-0057-01,,1,25.7,0,25.7,147.46,EUR,web
#2510,2025-12-30,paid,fulfilled,Germany,Bayern,Nürnberg,cust_00872,Bamboo Picture Frame,Decor,Casa Bonita,SKU-0042-02,Small,1,32.28,0,32.28,147.46,EUR,web
#2510,2025-12-30,paid,fulfilled,Germany,Bayern,Nürnberg,cust_00872,Walnut Wool Throw,Bedding,Nordic Sleep,SKU-0027-03,,1,63.89,0,63.89,147.46,EUR,web
#3013,2026-03-14,paid,fulfilled,Netherlands,Zuid-Holland,Den Haag,cust_00460,Brass Candle Holder,Lighting,Lumen Co,SKU-0034-01,Small,1,43.61,0,43.61,52.77,EUR,web
#2398,2025-12-21,paid,fulfilled,Spain,Madrid,Alcalá de Henares,cust_00874,Stone Quilted Bedspread,Bedding,Nordic Sleep,SKU-0029-01,Large,1,33.99,0,33.99,80.19,EUR,web
#2398,2025-12-21,paid,fulfilled,Spain,Madrid,Alcalá de Henares,cust_00874,Bamboo Picture Frame,Decor,Casa Bonita,SKU-0042-02,,1,32.28,0,32.28,80.19,EUR,web
#2591,2026-01-07,paid,fulfilled,Italy,Lombardia,Milano,cust_00694,Copper String Lights,Lighting,Lumen Co,SKU-0035-01,,1,40.63,0,40.63,72.85,EUR,mobile
#2591,2026-01-07,paid,fulfilled,Italy,Lombardia,Milano,cust_00694,Brass Wall Art Print,Decor,Casa Bonita,SKU-0044-02,,1,23.35,3.77,19.58,72.85,EUR,mobile
#1316,2025-09-14,paid,fulfilled,Spain,Madrid,Alcalá de Henares,cust_00074,Stone Espresso Mug,Kitchen,Aurora Kitchen,SKU-0005-01,Large,1,17.01,0,17.01,20.58,EUR,web
#2544,2026-01-01,paid,fulfilled,Spain,Valencia,Alicante,cust_00513,Ceramic Cast Iron Pan,Kitchen,Aurora Kitchen,SKU-0004-01,,1,22.58,0,22.58,27.32,EUR,web
#1200,2025-08-30,paid,fulfilled,Netherlands,Noord-Holland,Haarlem,cust_00904,Oak Storage Jar,Kitchen,Aurora Kitchen,SKU-0016-01,,1,23.74,0,23.74,28.73,EUR,web
#3833,2026-07-04,paid,fulfilled,Germany,Berlin,Berlin,cust_00048,Oak Storage Jar,Kitchen,Aurora Kitchen,SKU-0006-01,Natural,1,27.52,0,27.52,111.05,EUR,web
#3833,2026-07-04,paid,fulfilled,Germany,Berlin,Berlin,cust_00048,Brass Ceramic Vase,Decor,Casa Bonita,SKU-0049-02,,2,16.22,0,32.44,111.05,EUR,web
#3833,2026-07-04,paid,fulfilled,Germany,Berlin,Berlin,cust_00048,Marble Bath Mat,Bath,Pure Bath,SKU-0052-03,,1,31.82,0,31.82,111.05,EUR,web
#3501,2026-05-20,paid,fulfilled,France,Île-de-France,Paris,cust_00521,Copper Picture Frame,Decor,Casa Bonita,SKU-0050-01,,1,17.19,0,17.19,105.27,EUR,web
#3501,2026-05-20,paid,fulfilled,France,Île-de-France,Paris,cust_00521,Linen Reading Light,Lighting,Lumen Co,SKU-0036-02,Charcoal,1,30.35,0,30.35,105.27,EUR,web
#3501,2026-05-20,paid,fulfilled,France,Île-de-France,Paris,cust_00521,Bamboo Bookend Pair,Decor,Casa Bonita,SKU-0047-03,Small,1,14.92,0,14.92,105.27,EUR,web
#3501,2026-05-20,paid,fulfilled,France,Île-de-France,Paris,cust_00521,Oak Chef Knife,Kitchen,Aurora Kitchen,SKU-0001-04,,1,24.54,0,24.54,105.27,EUR,web
#3434,2026-05-12,paid,fulfilled,France,Île-de-France,Paris,cust_01191,Ceramic Cast Iron Pan,Kitchen,Aurora Kitchen,SKU-0004-01,,2,22.58,0,45.16,54.64,EUR,web
#1659,2025-10-24,paid,fulfilled,Netherlands,Noord-Holland,Haarlem,cust_01185,Copper Scented Candle,Decor,Casa Bonita,SKU-0045-01,,1,8.24,0,8.24,9.97,EUR,pos
#2830,2026-02-15,paid,fulfilled,France,Occitanie,Toulouse,cust_00866,Stone Serving Platter,Kitchen,Aurora Kitchen,SKU-0010-01,,1,28.1,2.38,25.72,31.12,EUR,web
#2857,2026-02-20,paid,fulfilled,Italy,Lombardia,Bergamo,cust_00780,Copper Wall Mirror,Decor,Casa Bonita,SKU-0040-01,,1,15.19,0,15.19,174.02,EUR,web
#2857,2026-02-20,paid,fulfilled,Italy,Lombardia,Bergamo,cust_00780,Linen Reading Light,Lighting,Lumen Co,SKU-0036-02,,2,30.35,0,60.7,174.02,EUR,web
#2857,2026-02-20,paid,fulfilled,Italy,Lombardia,Bergamo,cust_00780,Ceramic Cast Iron Pan,Kitchen,Aurora Kitchen,SKU-0004-03,,1,22.58,4.01,18.57,174.02,EUR,web
#2857,2026-02-20,paid,fulfilled,Italy,Lombardia,Bergamo,cust_00780,Terracotta Wall Mirror,Decor,Casa Bonita,SKU-0048-04,,2,24.68,0,49.36,174.02,EUR,web
#3632,2026-06-06,paid,fulfilled,Spain,Cataluña,Barcelona,cust_00185,Copper Wall Mirror,Decor,Casa Bonita,SKU-0040-01,,2,15.19,0,30.38,36.76,EUR,web
#3965,2026-07-25,paid,partial,Spain,Galicia,A Coruña,cust_00149,Walnut Wool Throw,Bedding,Nordic Sleep,SKU-0027-01,,1,63.89,5.46,58.43,70.7,EUR,web
#1400,2025-09-24,paid,fulfilled,Germany,Hamburg,Hamburg,cust_00302,Ceramic Cast Iron Pan,Kitchen,Aurora Kitchen,SKU-0004-01,Small,3,22.58,0,67.74,81.97,EUR,web
#2250,2025-12-11,paid,fulfilled,Portugal,Lisboa,Cascais,cust_00006,Terracotta Pendant Light,Lighting,Lumen Co,SKU-0038-01,Large,2,38.48,0,76.96,170.43,EUR,web
#2250,2025-12-11,paid,fulfilled,Portugal,Lisboa,Cascais,cust_00006,Walnut Wool Throw,Bedding,Nordic Sleep,SKU-0027-02,,1,63.89,0,63.89,170.43,EUR,web
#1101,2025-08-14,refunded,fulfilled,France,Île-de-France,Versailles,cust_00420,Stone Bed Runner,Bedding,Nordic Sleep,SKU-0024-01,,1,47.82,0,47.82,104.42,EUR,web
#1101,2025-08-14,refunded,fulfilled,France,Île-de-France,Versailles,cust_00420,Terracotta Pendant Light,Lighting,Lumen Co,SKU-0038-02,,1,38.48,0,38.48,104.42,EUR,web
#2237,2025-12-10,paid,fulfilled,France,Provence,Marseille,cust_00504,Linen Reading Light,Lighting,Lumen Co,SKU-0036-01,,2,30.35,10.25,50.45,90.74,EUR,web
#2237,2025-12-10,paid,fulfilled,France,Provence,Marseille,cust_00504,Oak Chef Knife,Kitchen,Aurora Kitchen,SKU-0001-02,Large,1,24.54,0,24.54,90.74,EUR,web
#1542,2025-10-13,paid,fulfilled,Spain,Madrid,Alcalá de Henares,cust_00487,Marble Cutting Board,Kitchen,Aurora Kitchen,SKU-0012-01,,2,15.09,0,30.18,36.52,EUR,web
#3646,2026-06-09,paid,fulfilled,France,Provence,Nice,cust_00003,Marble Cutting Board,Kitchen,Aurora Kitchen,SKU-0002-01,,1,13.17,0,13.17,15.94,EUR,web
#3063,2026-03-20,paid,fulfilled,France,Occitanie,Toulouse,cust_00711,Linen Reading Light,Lighting,Lumen Co,SKU-0036-01,,2,30.35,0,60.7,100.96,EUR,web
#3063,2026-03-20,paid,fulfilled,France,Occitanie,Toulouse,cust_00711,Linen Table Runner,Decor,Casa Bonita,SKU-0046-02,,1,22.74,0,22.74,100.96,EUR,web
#1299,2025-09-11,paid,fulfilled,Germany,Berlin,Berlin,cust_00928,Marble Bath Mat,Bath,Pure Bath,SKU-0052-01,,1,31.82,0,31.82,38.5,EUR,web
#3113,2026-03-29,paid,fulfilled,Spain,Valencia,Alicante,cust_00870,Marble Bath Mat,Bath,Pure Bath,SKU-0052-01,,1,31.82,0,31.82,75.23,EUR,web
#3113,2026-03-29,paid,fulfilled,Spain,Valencia,Alicante,cust_00870,Linen Reading Light,Lighting,Lumen Co,SKU-0036-02,,1,30.35,0,30.35,75.23,EUR,web
#2614,2026-01-11,paid,fulfilled,Spain,Galicia,Vigo,cust_00491,Oak Bath Towel Set,Bath,Pure Bath,SKU-0051-01,,1,25.27,3.14,22.13,56.64,EUR,web
#2614,2026-01-11,paid,fulfilled,Spain,Galicia,Vigo,cust_00491,Terracotta Wall Mirror,Decor,Casa Bonita,SKU-0048-02,,1,24.68,0,24.68,56.64,EUR,web
#2626,2026-01-13,paid,fulfilled,Italy,Lombardia,Milano,cust_00191,Brass Ceramic Vase,Decor,Casa Bonita,SKU-0049-01,Large,1,16.22,1.85,14.37,17.39,EUR,mobile
#3892,2026-07-13,paid,fulfilled,France,Provence,Marseille,cust_00752,Marble Cutting Board,Kitchen,Aurora Kitchen,SKU-0002-01,,1,13.17,0,13.17,121.19,EUR,web
#3892,2026-07-13,paid,fulfilled,France,Provence,Marseille,cust_00752,Brass Wall Art Print,Decor,Casa Bonita,SKU-0044-02,,1,23.35,0,23.35,121.19,EUR,web
#3892,2026-07-13,paid,fulfilled,France,Provence,Marseille,cust_00752,Marble Bath Mat,Bath,Pure Bath,SKU-0052-03,Large,2,31.82,0,63.64,121.19,EUR,web
#1621,2025-10-20,paid,fulfilled,France,Île-de-France,Paris,cust_00600,Copper Wall Mirror,Decor,Casa Bonita,SKU-0040-01,Natural,2,15.19,0,30.38,114.65,EUR,web
#1621,2025-10-20,paid,fulfilled,France,Île-de-France,Paris,cust_00600,Walnut Soap Dispenser,Bath,Pure Bath,SKU-0053-02,,1,31.22,0,31.22,114.65,EUR,web
#1621,2025-10-20,paid,fulfilled,France,Île-de-France,Paris,cust_00600,Oak Chef Knife,Kitchen,Aurora Kitchen,SKU-0011-03,,1,33.15,0,33.15,114.65,EUR,web
#2074,2025-11-29,paid,fulfilled,Spain,Galicia,A Coruña,cust_00722,Bamboo Table Lamp,Lighting,Lumen Co,SKU-0037-01,,1,39.74,0,39.74,48.09,EUR,web
#3042,2026-03-17,paid,fulfilled,Portugal,Lisboa,Cascais,cust_00625,Terracotta Woven Basket,Decor,Casa Bonita,SKU-0043-01,,1,17.85,0,17.85,21.6,EUR,mobile
#3000,2026-03-12,paid,fulfilled,France,Occitanie,Toulouse,cust_00732,Copper Table Lamp,Lighting,Lumen Co,SKU-0030-01,,1,31.58,0,31.58,111.66,EUR,web
#3000,2026-03-12,paid,fulfilled,France,Occitanie,Toulouse,cust_00732,Linen Reading Light,Lighting,Lumen Co,SKU-0036-02,,2,30.35,0,60.7,111.66,EUR,web
#2157,2025-12-04,paid,fulfilled,Spain,Andalucía,Sevilla,cust_00889,Marble Bath Mat,Bath,Pure Bath,SKU-0052-01,,2,31.82,0,63.64,146.17,EUR,pos
#2157,2025-12-04,paid,fulfilled,Spain,Andalucía,Sevilla,cust_00889,Terracotta Outdoor Cushion,Outdoor,Terra Garden,SKU-0060-02,,1,23.39,0,23.39,146.17,EUR,pos
#2157,2025-12-04,paid,fulfilled,Spain,Andalucía,Sevilla,cust_00889,Walnut Mixing Bowl,Kitchen,Aurora Kitchen,SKU-0008-03,Charcoal,1,38.08,4.31,33.77,146.17,EUR,pos
#1658,2025-10-24,paid,fulfilled,Spain,Madrid,Madrid,cust_01026,Ceramic Cast Iron Pan,Kitchen,Aurora Kitchen,SKU-0014-01,,1,40.12,0,40.12,172.76,EUR,web
#1658,2025-10-24,paid,fulfilled,Spain,Madrid,Madrid,cust_01026,Terracotta Pendant Light,Lighting,Lumen Co,SKU-0038-02,Large,2,38.48,0,76.96,172.76,EUR,web
#1658,2025-10-24,paid,fulfilled,Spain,Madrid,Madrid,cust_01026,Marble Bath Towel Set,Bath,Pure Bath,SKU-0057-03,Charcoal,1,25.7,0,25.7,172.76,EUR,web
#3483,2026-05-17,paid,fulfilled,Portugal,Porto,Braga,cust_01100,Brass Ceramic Vase,Decor,Casa Bonita,SKU-0049-01,Natural,1,16.22,0,16.22,19.63,EUR,mobile
#2357,2025-12-19,paid,fulfilled,Spain,Valencia,Valencia,cust_00413,Bamboo Picture Frame,Decor,Casa Bonita,SKU-0042-01,,1,32.28,0,32.28,39.06,EUR,pos
#1259,2025-09-07,refunded,fulfilled,Spain,Madrid,Alcalá de Henares,cust_00727,Bamboo Garden Lantern,Outdoor,Terra Garden,SKU-0059-01,,1,40.04,0,40.04,107.85,EUR,web
#1259,2025-09-07,refunded,fulfilled,Spain,Madrid,Alcalá de Henares,cust_00727,Terracotta Outdoor Cushion,Outdoor,Terra Garden,SKU-0060-02,,1,23.39,0,23.39,107.85,EUR,web
#1259,2025-09-07,refunded,fulfilled,Spain,Madrid,Alcalá de Henares,cust_00727,Marble Bath Towel Set,Bath,Pure Bath,SKU-0057-03,,1,25.7,0,25.7,107.85,EUR,web
#2028,2025-11-24,partially_refunded,fulfilled,Spain,Valencia,Alicante,cust_00510,Linen Reading Light,Lighting,Lumen Co,SKU-0036-01,,1,30.35,0,30.35,71.06,EUR,web
#2028,2025-11-24,partially_refunded,fulfilled,Spain,Valencia,Alicante,cust_00510,Oak Linen Duvet,Bedding,Nordic Sleep,SKU-0025-02,Large,1,28.38,0,28.38,71.06,EUR,web
#3818,2026-07-02,paid,partial,Spain,Valencia,Valencia,cust_00944,Marble Bath Mat,Bath,Pure Bath,SKU-0052-01,Natural,1,31.82,0,31.82,38.5,EUR,web
#2197,2025-12-07,paid,fulfilled,Spain,Galicia,Vigo,cust_00028,Brass Wall Art Print,Decor,Casa Bonita,SKU-0044-01,Small,1,23.35,3.04,20.31,90.86,EUR,web
#2197,2025-12-07,paid,fulfilled,Spain,Galicia,Vigo,cust_00028,Walnut Mattress Topper,Bedding,Nordic Sleep,SKU-0022-02,,1,62.76,7.98,54.78,90.86,EUR,web
